Version 300
Charset "Neutral"
Delimiter ","
CoordSys Earth Projection 3, 104, "m", 3, 46.5, 49, 44, 700000, 6600000
Columns 8
  DepCom Char(5)
  Nom_Com Char(40)
  Iris Char(4)
  DComIris Char(9)
  Nom_Iris Char(43)
  Typ_Iris Char(1)
  Indic Char(1)
  Origine Char(1)
Data

Region 1
  89
553620.440085996 6526828.39469818
553927.505937016 6526592.04318182
556200.959109777 6526799.43016202
556863.489871941 6526415.84538546
557240.253575115 6525754.28243735
557189.901340708 6525586.64764461
557154.059926565 6525589.94331245
557147.691491177 6525545.03542041
557114.165491942 6525478.37265757
557095.659515552 6525415.68133645
557085.434638394 6525375.60137069
557080.074254647 6525343.77370881
557084.870227926 6525307.76509054
557103.702634813 6525301.61358283
557133.682822083 6525302.36321763
557115.917393814 6525208.59277864
557088.95933313 6525210.81538517
557065.066537253 6525101.10985435
557012.215981056 6525113.53924125
556974.284860927 6525117.85142344
556965.743751033 6525051.97988506
556951.23320526 6524989.15541819
556973.187637976 6524985.97532426
556982.344613058 6525005.78181753
557006.447623519 6525020.6681048
557063.261175618 6525004.20921726
557056.726498655 6524939.32011811
557179.088298115 6524875.45651887
557277.26987297 6524907.5108333
557294.937115887 6524869.39684897
557271.726091288 6524829.62479927
557262.501625568 6524813.71548071
557239.182384217 6524772.94520223
557200.827338569 6524726.30527173
557185.716720831 6524711.44406894
557175.651288315 6524702.53566148
557146.438259996 6524673.90390872
557134.423904454 6524658.91702567
557148.985586438 6524631.81932701
557167.010578054 6524612.6858486
557206.698588601 6524591.3738291
557169.285835303 6524429.82609898
557194.329037338 6524425.62116835
557217.28252188 6524422.43275808
557249.227562713 6524419.16951898
557263.050464597 6524159.18078034
557088.840515922 6524115.76962777
557091.905774195 6524003.84158106
557243.748141896 6523880.68419858
557330.709841657 6523765.06080582
557323.292580847 6523714.16702333
557331.56094226 6523639.16364213
557449.117910589 6523586.23067185
557476.335356016 6523495.08355527
557413.236614987 6523476.62525926
557416.641979654 6523405.55895736
557379.279485577 6523358.11160835
557310.467283193 6523373.47136489
557289.955031572 6523309.79783375
557367.349900435 6523245.20958724
557361.964004231 6523198.29542786
557276.086339979 6523204.00575844
557279.50934648 6523123.047966
557256.198356765 6523095.26640373
557292.275213735 6522988.15947282
557306.504040072 6522897.02058068
557320.70894384 6522790.99490127
557408.860554812 6522710.33111905
557459.298017509 6522660.05492625
556765.447274762 6522677.41913055
556570.919042975 6522809.82366164
556177.737340168 6523215.34407411
556177.738171092 6523215.4439799
556177.638265028 6523215.44481126
555809.666770547 6523516.74625445
555809.566864452 6523516.74708577
555572.473971917 6523660.99565937
555572.474802777 6523661.09556519
555572.374896667 6523661.0963965
555572.274990557 6523661.0972278
555188.778845057 6523753.61018074
554673.968326236 6523950.82509812
554265.371435209 6524160.7446978
553950.324990506 6524422.54014097
553793.918205628 6524657.6378612
553768.449495094 6524718.79670186
553836.173178143 6525797.79411064
553543.299806233 6526467.15091158
553620.440085996 6526828.39469818
    Pen (1,2,0)
    Brush (1,0,16777215)
Region 1
  32
552215.910053173 6523722.69205322
553767.285898134 6524699.02360031
553768.212288382 6524714.30258843
553768.449495094 6524718.79670186
553793.918205628 6524657.6378612
553950.324990506 6524422.54014097
554265.371435209 6524160.7446978
554673.968326236 6523950.82509812
555188.778845057 6523753.61018074
555572.274990557 6523661.0972278
555572.374896667 6523661.0963965
555572.474802777 6523661.09556519
555572.473971917 6523660.99565937
555809.566864452 6523516.74708577
555809.666770547 6523516.74625445
556177.638265028 6523215.44481126
556177.738171092 6523215.4439799
556177.737340168 6523215.34407411
556570.919042975 6522809.82366164
556765.447274762 6522677.41913055
556761.850658417 6522677.44906121
556742.368155567 6522677.51127969
556498.35499605 6522013.72398607
556757.637835158 6521354.14130048
556393.05485086 6520825.44068584
556070.838408798 6520993.87699818
555487.380614289 6521406.27549239
554224.750059842 6520741.47260303
553531.250870328 6520909.10077365
553362.761874824 6521926.21345043
551338.941265596 6522540.42988358
552215.910053173 6523722.69205322
    Pen (1,2,0)
    Brush (1,0,16777215)
Region 1
  70
571904.910432017 6538234.30910732
572203.762742701 6538523.0698006
572203.763575319 6538523.16970794
572600.791748694 6538843.08510331
572600.891656131 6538843.08427104
572600.993228864 6538843.2832535
572908.545139906 6539012.97344101
572908.645047356 6539012.97260871
572908.744954806 6539012.97177641
573280.297577199 6539117.38423725
573717.188909376 6539221.15231996
573717.189742107 6539221.25222733
573717.389557039 6539221.25056261
573717.489464505 6539221.24973025
574152.86209912 6539238.70435407
574654.791644576 6539341.73040727
575224.518082262 6539595.16186568
575490.00977422 6539873.10937925
575626.360463524 6540216.77758344
575680.15092225 6540820.41165771
575680.251662715 6540820.51073263
575680.252495592 6540820.61064009
575794.546988324 6541143.28097623
575794.54782121 6541143.38088371
575794.648561707 6541143.47995864
575994.823493785 6541400.69012246
575995.024141947 6541400.78836481
575995.124882479 6541400.88743974
576456.734939751 6541677.10105933
576918.223749554 6541974.69734156
576919.637800088 6542060.41218805
576926.274121306 6542448.92439445
576926.274954286 6542449.02430203
576926.375694976 6542449.12337704
576926.376527956 6542449.22328462
576926.377360937 6542449.3231922
577106.390896537 6542792.92787103
577106.491637272 6542793.02694606
577106.492470267 6542793.12685366
577106.593211002 6542793.2259287
577106.693118742 6542793.22509613
577304.969029945 6542942.44374474
577503.244992646 6543091.66238669
577834.378177029 6543369.16320694
577834.478084818 6543369.16237432
578274.309464561 6543645.55745503
578274.410205471 6543645.65653006
578274.510113285 6543645.65569741
578274.709928914 6543645.65403211
578821.060843862 6543791.47205625
579018.076388995 6543897.33815903
579034.961099446 6543945.15646202
580759.578979213 6541979.2491757
579983.852343258 6538554.25555564
580205.966135132 6537452.64801724
579877.537103169 6537259.6539768
578508.436268505 6538161.10185067
577868.318065234 6537793.55724346
577437.547791654 6536746.25042125
576340.663236284 6537006.67573613
575374.396014674 6536503.66680141
574211.459031676 6537410.38512053
573277.451113424 6536749.940477
572163.20942191 6536870.0270773
572117.879169764 6537221.40315941
571950.245907231 6538231.2337871
571907.607098971 6538234.18673042
571907.107562017 6538234.19089145
571905.509876362 6538234.30411408
571904.910432017 6538234.30910732
    Pen (1,2,0)
    Brush (1,0,16777215)
Region 1
  67
570851.699962168 6541961.69654918
571560.161896823 6541909.83447574
574774.148765168 6543124.4957994
575846.853551654 6542911.23152686
576636.005501616 6544136.70234358
576959.07637849 6546466.92051737
577937.031076469 6545950.20366144
578272.363724398 6545796.63741676
578473.668778571 6545458.3467094
579001.40977471 6543983.50358523
579034.961099446 6543945.15646202
579018.076388995 6543897.33815903
578821.060843862 6543791.47205625
578274.709928914 6543645.65403211
578274.510113285 6543645.65569741
578274.410205471 6543645.65653006
578274.309464561 6543645.55745503
577834.478084818 6543369.16237432
577834.378177029 6543369.16320694
577503.244992646 6543091.66238669
577304.969029945 6542942.44374474
577106.693118742 6542793.22509613
577106.593211002 6542793.2259287
577106.492470267 6542793.12685366
577106.491637272 6542793.02694606
577106.390896537 6542792.92787103
576926.377360937 6542449.3231922
576926.376527956 6542449.22328462
576926.375694976 6542449.12337704
576926.274954286 6542449.02430203
576926.274121306 6542448.92439445
576919.637800088 6542060.41218805
576918.223749554 6541974.69734156
576456.734939751 6541677.10105933
575995.124882479 6541400.88743974
575995.024141947 6541400.78836481
575994.823493785 6541400.69012246
575794.648561707 6541143.47995864
575794.54782121 6541143.38088371
575794.546988324 6541143.28097623
575680.252495592 6540820.61064009
575680.251662715 6540820.51073263
575680.15092225 6540820.41165771
575626.360463524 6540216.77758344
575490.00977422 6539873.10937925
575224.518082262 6539595.16186568
574654.791644576 6539341.73040727
574152.86209912 6539238.70435407
573717.489464505 6539221.24973025
573717.389557039 6539221.25056261
573717.189742107 6539221.25222733
573717.188909376 6539221.15231996
573280.297577199 6539117.38423725
572908.744954806 6539012.97177641
572908.645047356 6539012.97260871
572908.545139906 6539012.97344101
572600.993228864 6538843.2832535
572600.891656131 6538843.08427104
572600.791748694 6538843.08510331
572203.763575319 6538523.16970794
572203.762742701 6538523.0698006
571904.910432017 6538234.30910732
570931.086430575 6538299.17179704
570881.592150855 6538666.46934345
570699.019261786 6539370.38781569
571389.278234692 6540995.04188419
570851.699962168 6541961.69654918
    Pen (1,2,0)
    Brush (1,0,16777215)
Region 1
  35
569771.309416002 6577161.16981808
569932.553831279 6577494.04960598
570670.493889803 6577452.42932239
572216.912964269 6579034.02317388
572481.845402954 6579291.79978082
573518.620558153 6578205.94813606
574991.952718354 6577685.48577158
575958.973990704 6578287.11965554
577091.840874101 6578228.01476416
578418.717108075 6578823.84896274
578807.224286914 6578779.44296724
578131.606297747 6576746.56165124
579157.881636892 6576486.41118498
579622.806387782 6575924.9950851
578668.516910443 6575352.43426274
577956.256736947 6575585.68567989
577265.16503924 6574691.69357895
577341.461730904 6573968.4562724
578234.93217815 6573311.54457094
578116.125113295 6572580.44281557
577789.0131122 6572390.73025579
577060.114175937 6572545.68442261
576364.484121982 6572269.11917044
575070.226380811 6570097.02541769
574707.443510658 6569990.94102822
574357.99338682 6569949.99109615
573307.023566252 6570794.75749012
573137.809018794 6570488.62398185
572875.172083652 6570769.38167488
572297.037541494 6571246.50819262
572105.153993324 6571983.995937
572795.930717914 6572900.67161008
572537.200601901 6574787.86450908
570855.913066311 6575592.22276608
569771.309416002 6577161.16981808
    Pen (1,2,0)
    Brush (1,0,16777215)
Region 1
  18
596341.850156203 6518868.82904505
597184.332170316 6520474.28359624
597200.431783649 6520846.82441927
596561.654151624 6521512.68682583
597125.465536611 6521991.65473436
597473.08974277 6522126.53003054
597858.284669592 6521567.89451227
599070.725179481 6522285.42885984
600116.644468306 6522229.32862217
601145.04429102 6521236.08994776
601506.398003899 6521148.64296387
601638.352317868 6520451.24657928
600806.298132549 6519723.94155153
601364.163082449 6518462.27527279
600117.550456252 6517564.88739947
598354.693385569 6518270.91637553
597393.429084291 6517743.91640228
596341.850156203 6518868.82904505
    Pen (1,2,0)
    Brush (1,0,16777215)
Region 1
  42
573775.181259267 6525175.79865249
573851.751072889 6525132.19801743
573906.615431319 6525121.64965854
573943.539955352 6525116.44625734
573957.476044148 6525110.23543831
574027.502026257 6525120.64242388
574090.626159929 6525142.09736148
574129.756968592 6525161.85386352
574199.216867018 6525224.2204068
574203.521196337 6525261.15241655
574174.914734133 6525305.35256925
574159.129664121 6525449.35907711
574157.864259953 6525537.29322918
574131.497379613 6525610.44955546
574109.551392237 6525734.52478454
574075.966343707 6525900.66055253
574121.040768294 6525914.27284089
574150.979366963 6525910.02686121
574161.028286345 6525916.93705818
575604.842434266 6526332.53501945
576324.429653936 6526118.21835413
576714.517964955 6526121.46120909
577074.150438062 6525084.16151447
577981.849095411 6524483.50993832
578325.500210261 6524609.33317949
578318.629194471 6523881.12335155
577592.64684107 6523088.47046637
576895.131570576 6523217.57788239
575986.277766339 6523835.42286335
574509.770953217 6522733.59725728
574000.367766245 6523255.49109467
574236.764515644 6524730.33656387
573896.700418715 6524891.03280125
573871.801295124 6524912.52176136
573873.905154845 6524913.20362397
573854.57334075 6524991.29695242
573785.704632743 6525011.85339461
573737.233465045 6525058.21730281
573705.912879914 6525124.4209454
573689.261857242 6525176.51452265
573686.689293346 6525227.49167038
573775.181259267 6525175.79865249
    Pen (1,2,0)
    Brush (1,0,16777215)
Region 1
  28
550106.365970046 6586612.18127983
551832.029634363 6586201.95124374
552180.313279063 6586090.34304823
551951.75770347 6584981.15703401
554044.959001412 6582428.62946734
554417.294690636 6582349.79458156
554115.416282985 6581662.67441974
552912.645380657 6579759.25901031
553511.076424986 6578802.46683122
553597.601008872 6576906.11413945
553302.646367614 6577134.18108138
550665.231653434 6574613.22266992
550599.923804035 6573873.57942034
550221.32115777 6573955.46253606
549528.645070033 6574873.46639417
549047.301137301 6576740.92642593
548382.80895129 6577107.85280033
547847.651114842 6578116.17292348
546474.414302856 6577614.81333863
546338.3846008 6578750.50743056
546800.041996437 6579343.67687703
546854.487180064 6580459.1042414
547741.305177533 6581173.53620191
548155.944953688 6582251.79781222
548196.783363043 6584133.1109607
548285.342283077 6584509.06507969
550159.255194578 6586244.04297391
550106.365970046 6586612.18127983
    Pen (1,2,0)
    Brush (1,0,16777215)
Region 1
  18
562575.698970932 6560185.27301183
563316.863278542 6560123.94832461
563608.391001918 6559437.29374233
562962.965990708 6557786.25580317
564074.975237645 6557887.90354646
564668.398864581 6557519.1669951
564257.06588444 6556886.02652406
564113.96425836 6556535.51369907
563764.678270693 6556669.71185813
563071.071879473 6556586.66185803
562783.943853896 6555546.6288196
561669.79293872 6556447.15558938
560623.904639064 6556774.39447346
560348.778198321 6558230.66401523
560696.681862014 6559309.76154297
561641.05494337 6560373.40320656
562253.184416468 6560390.78835215
562575.698970932 6560185.27301183
    Pen (1,2,0)
    Brush (1,0,16777215)
Region 1
  12
550599.923804035 6573873.57942034
550665.231653434 6574613.22266992
553302.646367614 6577134.18108138
553597.601008872 6576906.11413945
553895.119406301 6576229.99719341
554028.636480497 6575873.38112624
554140.962554314 6575515.74238916
553368.608283103 6572648.35004452
551606.163136074 6573030.70357068
550950.034670969 6572721.62130666
550635.58232817 6573236.01153436
550599.923804035 6573873.57942034
    Pen (1,2,0)
    Brush (1,0,16777215)
Region 1
  20
607039.376092827 6518494.65849102
607355.958537117 6518728.80615609
608240.780603176 6519983.31042815
608305.802648871 6520363.33513012
609657.801452352 6521089.59244647
610449.310309391 6521914.05263392
611179.115338896 6523675.5168049
611559.808799471 6523690.31877839
613294.971343671 6522288.61627975
613856.098366882 6519721.0574161
614341.073213892 6519302.46379846
614680.819903364 6519474.87005907
614216.269728374 6518428.67091589
612731.725371985 6518244.85496844
612485.069714416 6517949.57686792
612132.384058018 6517783.07350501
610576.862811624 6516721.91616759
609022.628121541 6516818.63418881
608384.021315798 6517755.45724524
607039.376092827 6518494.65849102
    Pen (1,2,0)
    Brush (1,0,16777215)
Region 1
  55
543386.185456111 6557097.61029885
543930.022237743 6557842.259162
544262.284796731 6557919.62969571
545023.805348981 6558071.66572997
546214.007878757 6557184.00982194
548320.31542604 6558779.94315746
548405.47354068 6559516.01668598
547963.155537892 6560153.4624468
547969.015768621 6560173.29705022
547969.632678778 6560175.39016161
547970.73167517 6560175.38102475
547970.831583933 6560175.38019413
548574.013790883 6560126.30226097
548850.843647606 6560109.91240668
548851.043465123 6560109.9107453
548851.142542497 6560109.81000532
548851.242451256 6560109.80917463
549144.449310897 6559996.26446149
549144.649128397 6559996.26280007
549144.748205738 6559996.16206007
549144.84728308 6559996.06132007
549389.085489538 6559737.24592076
549389.185398267 6559737.24509003
549682.00917661 6559397.59318403
550040.171927716 6559009.23839044
550186.701382189 6558847.55462876
550381.792542187 6558734.2261048
550789.138557035 6558637.01744286
550789.137725492 6558636.91753366
550789.237634134 6558636.91670282
551196.64417857 6558474.96178223
551196.7440872 6558474.96095136
551196.843164254 6558474.8602113
551489.942139617 6558264.39736637
551490.04204823 6558264.39653547
551490.041216631 6558264.2966263
551669.171713299 6558070.06874899
551669.271621896 6558070.06791807
551669.270790282 6558069.96800892
551896.949004777 6557730.35817342
551897.048081714 6557730.25743336
552072.35975646 6557329.33507577
552071.066765566 6557330.04524166
552069.474880503 6557330.85780949
552032.770760721 6557350.64669975
549962.988740801 6557382.64709402
549578.983870636 6557367.05602087
548585.115185859 6556212.89823955
548418.238595394 6555069.75006453
548235.457024317 6554729.05834871
547426.109446299 6553920.17562832
546877.320296152 6554394.0421971
546341.667463289 6555834.68422048
545259.488855792 6556892.39670367
543386.185456111 6557097.61029885
    Pen (1,2,0)
    Brush (1,0,16777215)
Region 1
  45
551110.19079503 6561364.85767618
551301.46198588 6561044.63395384
550966.031384457 6560394.77043397
551037.365348903 6559661.7913927
552472.409130464 6558648.19712238
552674.479723249 6557560.92822928
552509.434044511 6557226.58315283
552344.310727056 6557182.99434112
552072.35975646 6557329.33507577
551897.048081714 6557730.25743336
551896.949004777 6557730.35817342
551669.270790282 6558069.96800892
551669.271621896 6558070.06791807
551669.171713299 6558070.06874899
551490.041216631 6558264.2966263
551490.04204823 6558264.39653547
551489.942139617 6558264.39736637
551196.843164254 6558474.8602113
551196.7440872 6558474.96095136
551196.64417857 6558474.96178223
550789.237634134 6558636.91670282
550789.137725492 6558636.91753366
550789.138557035 6558637.01744286
550381.792542187 6558734.2261048
550186.701382189 6558847.55462876
550040.171927716 6559009.23839044
549682.00917661 6559397.59318403
549389.185398267 6559737.24509003
549389.085489538 6559737.24592076
549144.84728308 6559996.06132007
549144.748205738 6559996.16206007
549144.649128397 6559996.26280007
549144.449310897 6559996.26446149
548851.242451256 6560109.80917463
548851.142542497 6560109.81000532
548851.043465123 6560109.9107453
548850.843647606 6560109.91240668
548574.013790883 6560126.30226097
547970.831583933 6560175.38019413
547970.73167517 6560175.38102475
547969.632678778 6560175.39016161
548181.719223454 6560891.72484595
549258.334034885 6561326.70152066
550757.14039562 6561203.03166057
551110.19079503 6561364.85767618
    Pen (1,2,0)
    Brush (1,0,16777215)
Region 1
  26
549962.988740801 6557382.64709402
552032.770760721 6557350.64669975
552069.474880503 6557330.85780949
552071.066765566 6557330.04524166
552072.35975646 6557329.33507577
552344.310727056 6557182.99434112
552954.057676207 6556686.33609688
553617.579636916 6555267.80610261
555011.956103845 6553906.34402311
556368.977729094 6553122.90491992
557474.858229413 6553173.153157
557738.905456407 6552881.69983053
558066.155359127 6552837.01202843
557932.653445324 6551551.20862089
557952.11552197 6550828.65660851
556370.024356558 6549276.14496257
556091.820318844 6549499.27300785
556137.680280016 6550759.32591682
555253.263854967 6551759.34584295
554636.823412952 6552135.76077289
552176.196358067 6551389.27714741
552003.920421773 6551638.70061761
551896.69475015 6552164.94876716
551603.796555215 6552243.32087314
550221.78697768 6557108.52378414
549962.988740801 6557382.64709402
    Pen (1,2,0)
    Brush (1,0,16777215)
Region 1
  27
573936.594929333 6553051.54832345
573918.60775972 6554177.7470739
575277.123520658 6554760.72135375
575999.454891046 6556107.75779396
577142.74106362 6556161.7748972
577836.865577337 6557863.75311118
577831.692402895 6558249.67239989
579283.553294806 6558319.50100005
579445.641180812 6557603.94949571
580857.187369744 6557165.14046575
581329.98470492 6556601.86927013
581123.321868847 6556274.07041873
580549.591611632 6555278.29853025
581207.945972767 6553950.12780322
580687.338607499 6553477.37166799
580660.612430178 6552764.89764498
579708.751079593 6552241.88214576
579489.456343778 6551561.48802907
579135.513348349 6551688.1335049
577874.330872749 6552448.81007319
576843.215816858 6552030.96446267
576148.728455684 6551243.12423616
574450.029642653 6550519.40803485
573688.854371723 6551787.18391672
574936.232609181 6552438.5276732
574664.763109942 6553145.59447758
573936.594929333 6553051.54832345
    Pen (1,2,0)
    Brush (1,0,16777215)
Region 1
  40
568506.947243275 6556139.22821513
568549.018976041 6556523.75399783
569922.078813034 6557185.3480813
570554.016061461 6558140.47717416
571487.25765604 6558790.94839353
572516.321331999 6560843.44677198
571864.561673103 6562603.81314941
571478.696167855 6562629.01092397
571882.71019482 6564085.22600208
573275.626411656 6563616.19651615
574491.026280367 6564457.15432193
575133.279906898 6563557.84522349
575668.364073477 6562124.47704065
575571.568845893 6560618.04436625
575898.278261054 6559981.35100916
576215.637017157 6559756.89067885
576903.641590503 6558617.10607101
577577.052551949 6558482.70118837
577831.692402895 6558249.67239989
577836.865577337 6557863.75311118
577142.74106362 6556161.7748972
575999.454891046 6556107.75779396
575277.123520658 6554760.72135375
573918.60775972 6554177.7470739
573936.594929333 6553051.54832345
573606.642532742 6552903.9253924
572916.970813149 6552777.38495301
572742.853935851 6552098.51102698
572158.14476211 6551702.42254
571746.682817522 6552240.49920552
571795.13111312 6552622.7721483
571465.502719717 6553724.59089233
570773.767939484 6553710.17192971
570200.547966885 6553206.07746987
569503.765913534 6553473.16233229
569258.251145542 6553770.15903724
569062.586034962 6554509.76711209
570454.863807058 6555763.10103132
570391.908711448 6556133.7140269
568506.947243275 6556139.22821513
    Pen (1,2,0)
    Brush (1,0,16777215)
Region 1
  44
555584.979724483 6518569.14816116
555625.347319351 6520263.4269503
556270.444249351 6520486.95825991
556393.05485086 6520825.44068584
556757.637835158 6521354.14130048
556498.35499605 6522013.72398607
556742.368155567 6522677.51127969
556761.850658417 6522677.44906121
556765.447274762 6522677.41913055
557459.298017509 6522660.05492625
557665.170228518 6522654.24513648
557793.21548271 6522661.07256793
557980.156736487 6522685.59392008
558027.095940247 6522683.20499982
558056.060372768 6522681.9648064
558134.811585586 6522660.32770242
558174.558064812 6522622.03007019
558233.119945889 6522599.56186815
558304.744912597 6522550.00851156
558310.714338103 6522546.9614469
558383.346501222 6522510.38835376
558425.132475564 6522489.05889836
558545.495088274 6522425.11210209
558695.646617634 6522338.93656155
558745.425055864 6522317.5405726
558794.279240175 6522305.14441618
558815.242870863 6522302.97167257
558967.008518583 6522290.71805212
559081.85067303 6522271.7778658
559143.526222407 6522251.28196066
559197.176199007 6522214.8668266
559268.626369862 6522156.322736
559362.655742006 6522061.62213358
559389.431000039 6522025.43069688
559424.589981096 6521928.12283588
559432.661734127 6521913.56831068
559429.428168447 6521909.19906967
559164.84678751 6521631.54608495
558612.948481833 6519424.27581598
558776.314726017 6519077.11896684
558844.259683707 6518705.37870058
557765.264694828 6518568.48767982
556884.38897104 6517866.14158687
555584.979724483 6518569.14816116
    Pen (1,2,0)
    Brush (1,0,16777215)
Region 1
  21
583205.336055491 6543062.71502597
583446.526298015 6543696.96054677
584286.42930031 6544262.16719402
584330.23374032 6544961.70473545
585072.099617676 6544853.80266963
585860.761716972 6545612.27090789
586470.097073152 6545199.83422263
586845.291261262 6545225.47921133
588883.327421215 6545198.48124216
589202.555207425 6545126.6760593
589379.053446175 6544187.00276334
589592.196242321 6543938.63418428
589854.757359308 6543027.31845737
589657.351918874 6542779.07935218
588969.72502977 6541448.75958264
588210.4319928 6541503.45495233
586641.279298942 6540426.48143381
585258.445528774 6540053.04893366
584885.697285839 6540691.51490309
584964.558646942 6541760.64185641
583205.336055491 6543062.71502597
    Pen (1,2,0)
    Brush (1,0,16777215)
Region 1
  21
551110.19079503 6561364.85767618
551942.915880462 6562448.41944128
552241.572099726 6563433.60948565
552849.850092335 6563408.36725031
553146.189540774 6563491.03129877
556518.265048851 6561488.4345274
556886.464440639 6561501.5578093
557009.399660032 6560774.34294411
556274.839749659 6559889.00089362
556645.386815007 6558816.31498512
556574.853540501 6557677.35818372
556212.700430036 6557550.28042565
554055.442804539 6558248.65459853
552996.324733939 6557803.04556816
552509.434044511 6557226.58315283
552674.479723249 6557560.92822928
552472.409130464 6558648.19712238
551037.365348903 6559661.7913927
550966.031384457 6560394.77043397
551301.46198588 6561044.63395384
551110.19079503 6561364.85767618
    Pen (1,2,0)
    Brush (1,0,16777215)
Region 1
  34
541772.801566075 6556526.51303793
542697.366016652 6556099.78142928
543191.68372813 6556560.88052281
543386.185456111 6557097.61029885
545259.488855792 6556892.39670367
546341.667463289 6555834.68422048
546877.320296152 6554394.0421971
547426.109446299 6553920.17562832
548235.457024317 6554729.05834871
548418.238595394 6555069.75006453
548585.115185859 6556212.89823955
549578.983870636 6557367.05602087
549962.988740801 6557382.64709402
550221.78697768 6557108.52378414
551603.796555215 6552243.32087314
550496.326870868 6551965.77409142
549961.510801677 6551428.87943569
550535.340326712 6550014.09958938
549817.097310296 6549106.84635118
549397.387185811 6547645.57849343
548827.861375806 6547163.72777106
546955.36452275 6547380.32810645
545111.811481013 6547136.67576159
545248.302620703 6547498.03316577
543711.058810184 6549149.12350453
543923.197521114 6551434.4227804
543081.092497628 6552224.76048983
542409.677477577 6552010.02783405
542413.052623117 6552632.27358252
542509.644261795 6553266.03440986
542216.869258137 6553455.41001092
542234.092497774 6554553.53949156
541546.562860663 6555405.14025865
541772.801566075 6556526.51303793
    Pen (1,2,0)
    Brush (1,0,16777215)
Region 1
  88
569054.921239437 6521774.11673727
569055.23011176 6521775.2132058
569055.91197714 6521773.10935728
569225.119273399 6521815.66168654
569258.229729238 6521832.37109113
569338.495739487 6521872.66681508
569463.503069318 6521886.61254099
569460.239208228 6521974.56302869
569545.425632201 6522005.8256079
569598.624695524 6522023.26690161
569693.044823599 6522095.51674854
569699.222283384 6522117.44612379
569714.532770684 6522156.28461436
569763.428460307 6522148.8834458
569785.066221424 6522227.63438224
569797.787347406 6522315.45175194
569841.787615127 6522320.08090162
569897.268594577 6522383.5630219
569940.960918638 6522351.22696756
569962.016091928 6522360.04374878
569971.910025088 6522396.32962719
569978.508755153 6522420.85323318
570005.941147358 6522475.57682468
570051.448487418 6522421.24481105
570076.176139983 6522391.16488812
570112.774328605 6522346.79845923
570056.29427896 6522283.32466963
569999.855849917 6522224.84617856
570117.262252089 6522153.92922541
570205.753813269 6522234.12155017
570207.968334458 6522260.08045208
570171.226820157 6522359.20033558
570163.118558979 6522381.348622
570210.43226107 6522435.90660554
570264.431462428 6522441.45158425
570395.067003145 6522411.38868719
570436.92766033 6522399.05044953
570480.728174137 6522379.70214944
570505.288231617 6522461.42614099
570549.1803039 6522453.06749399
570559.903620053 6522421.00604316
570583.055993835 6522429.70543374
570670.632879723 6522388.11154854
570711.919210489 6522306.83819091
570830.007713637 6522089.94276544
570856.492907029 6522030.97337019
570915.861323299 6521973.42857097
571051.958454907 6521867.38633505
571131.741550047 6521969.63196523
571195.498095995 6522055.02591924
571230.464995492 6522186.61963533
571290.291892593 6522292.0289162
571295.520266288 6522319.96097269
571298.783815539 6522351.90591368
571341.227145017 6522409.5018246
571372.014888066 6522387.26450839
571400.00524402 6522377.04004379
571421.9429518 6522371.86164567
571416.664613559 6522349.92477843
571475.467663954 6522332.44972221
571547.283469608 6522317.86364577
571603.339063541 6522330.38534259
571642.493875626 6522353.03912364
571672.890226689 6522403.74148309
571725.340829348 6522463.25227794
571782.861672525 6522519.72344749
571900.35098349 6522722.56703775
571937.624236085 6522759.22430626
572011.812790453 6522789.57926034
572021.319684107 6522791.39840498
572020.754389374 6522783.50999194
571331.01845154 6520668.60558841
572284.141885641 6520087.66530311
572326.797363404 6518959.69506014
571869.119700268 6518350.84389067
571699.645895593 6517221.04564705
571545.486964906 6516874.03495936
570961.840263765 6516855.1182508
570380.400290167 6517772.66298611
569688.258942445 6515644.19835483
569441.243521402 6515916.21931985
568772.788116261 6516690.91323213
568292.284949148 6517299.78552785
568672.069085502 6518789.11597711
567788.419536089 6520489.89514325
567796.700077845 6521244.16738265
568904.07443715 6521416.88594415
569054.921239437 6521774.11673727
    Pen (1,2,0)
    Brush (1,0,16777215)
Region 1
  84
564259.461770464 6541616.93381095
567128.926636881 6541679.1689268
568378.27214635 6542472.37805186
569765.833516203 6541938.36859952
570064.094283564 6542168.08589672
570568.324348998 6541959.56076495
570851.699962168 6541961.69654918
571389.278234692 6540995.04188419
570699.019261786 6539370.38781569
570881.592150855 6538666.46934345
570931.086430575 6538299.17179704
570757.818048606 6537949.41627057
568823.886166634 6537950.53516623
568556.2631992 6537692.38711088
568546.098452393 6537695.56909687
568526.741501797 6537650.76886056
568492.839591817 6537659.04430766
568445.016407618 6537675.3289054
568435.118894627 6537686.6017218
568405.59282146 6537740.40164168
568376.10586548 6537798.89720932
568338.26591962 6537814.19944675
568293.374195052 6537822.5664031
568240.23186159 6537800.02863012
568200.452027425 6537822.34102076
568187.905197019 6537875.40007696
568166.083713808 6537894.56550498
568083.418905669 6537806.33014173
568049.849906629 6537854.56853579
568011.235598071 6537896.85408578
567998.563914661 6537934.92703899
567946.561305378 6537929.26529377
567903.269012294 6537901.74969722
567851.134101455 6537868.21295873
567739.046411777 6537846.16601003
567586.979095888 6537834.44338147
567506.845161682 6537798.14233874
567431.731532729 6537776.78663457
567365.651182456 6537760.35142515
567341.805743162 6537776.4363495
567284.068364368 6537801.99559128
567216.147958587 6537816.54913133
567235.81284573 6537886.32541239
567182.020988896 6537905.75702777
567177.841598379 6537883.81067718
567163.612380459 6537854.85408946
567140.667805983 6537859.14162202
567134.456146477 6537833.11570639
567100.546728313 6537840.49196498
567042.575483001 6537837.97722331
566955.60617085 6537820.71677668
566926.474868405 6537813.96532837
566866.372320043 6537795.48203353
566836.11715031 6537761.76307533
566797.394661623 6537779.0709173
566761.502867474 6537800.35176276
566707.960674048 6537849.75557651
566672.701857092 6537803.08941131
566647.458663063 6537783.31672231
566609.294130307 6537759.65504284
566587.131422017 6537737.8584185
566559.923413328 6537710.10894173
566541.099133405 6537729.24939132
566519.435751485 6537767.39720003
566468.324873388 6537748.83902195
566457.618012145 6537782.89903531
566434.963875653 6537822.05423715
566408.49735931 6537883.32224851
566362.180807934 6537972.53171672
566306.024668254 6537936.03095594
566262.640032027 6537897.42557422
566252.548643513 6537873.43023758
566240.960487368 6537801.68831263
566244.639717815 6537763.59032161
566197.509326538 6537743.10061957
566176.137200878 6537816.21601629
566142.634716474 6537872.44697297
566088.196395783 6538210.11113624
565775.07693044 6539579.04770598
564493.665022008 6538930.08039447
563438.17752711 6538991.02183151
563340.773625111 6539724.40571272
564262.197143999 6540877.64275099
564259.461770464 6541616.93381095
    Pen (1,2,0)
    Brush (1,0,16777215)
Region 1
  75
559429.428168447 6521909.19906967
559432.661734127 6521913.56831068
559445.264320892 6521891.18288336
559482.120772555 6521865.79801223
559538.810135253 6521846.44263477
559582.68478415 6521835.98623991
559670.58537446 6521833.25629035
559794.384762547 6521822.134579
559948.28228673 6521825.9490328
560036.124536628 6521828.21517803
560082.231049367 6521833.82612626
560132.317089632 6521849.39532498
560243.3209329 6521861.46025444
560292.324802443 6521867.0472266
560362.342208014 6521876.45583753
560427.248749842 6521872.01911506
560445.997293922 6521843.78763638
560515.100185085 6521743.29991841
560588.033028383 6521622.79779845
560655.887411506 6521492.34667942
560689.431461289 6521441.11208025
560715.948828039 6521385.93945172
560731.509782691 6521334.85450886
560750.24251118 6521304.72482478
560778.024980451 6521281.51371295
560819.919005122 6521273.17205829
560869.86371124 6521271.75728803
560908.826931029 6521283.42254783
560958.030453467 6521300.99734361
561013.070234447 6521311.5296829
561055.0224589 6521310.18142109
561116.806233358 6521290.68383915
561185.458711607 6521256.14219466
561250.831310554 6521187.65754668
561309.185534962 6521116.23392834
561344.744288179 6521066.98080297
561374.23467658 6521008.88595821
561401.958089161 6520978.58152927
561447.81507805 6520966.21036655
561498.725569712 6520960.79102739
561525.54304286 6520941.68434947
561545.99032485 6520877.47018371
561558.59479142 6520831.3055642
561585.18775874 6520785.22434875
561647.696158323 6520732.74954887
561715.041034158 6520661.15118563
561765.54502899 6520594.88844113
561792.91157645 6520533.71398539
561823.474861784 6520496.49194782
561861.272949688 6520464.20532469
561892.993402064 6520433.96753692
561926.545667475 6520383.73198416
561978.039423839 6520328.3514736
561989.920039025 6520315.26395361
562051.753626452 6520301.76066784
562110.573403192 6520286.28421187
562135.508312022 6520281.08104383
562172.115946407 6520237.81393746
562188.051124073 6520219.69703945
562209.772529913 6520200.53285506
562254.738516322 6520201.15771484
562300.653668681 6520195.77991779
562347.678596201 6520191.69174562
562347.576195576 6520191.39286018
562202.382971871 6519852.89861568
561024.179137396 6518468.42598313
560822.27985073 6517787.00520148
559988.030823944 6518197.79408519
559995.119456613 6518581.39874952
559978.411366938 6519719.34105504
559224.168432156 6519646.98853613
558776.314726017 6519077.11896684
558612.948481833 6519424.27581598
559164.84678751 6521631.54608495
559429.428168447 6521909.19906967
    Pen (1,2,0)
    Brush (1,0,16777215)
Region 1
  10
552176.196358067 6551389.27714741
554636.823412952 6552135.76077289
555253.263854967 6551759.34584295
555239.825393616 6551381.27699025
554833.529280575 6550332.04660761
554266.538036649 6549843.0810118
553561.13983994 6549663.20622251
552908.036563816 6550484.44900923
552194.793860039 6550526.45165635
552176.196358067 6551389.27714741
    Pen (1,2,0)
    Brush (1,0,16777215)
Region 1
  11
560173.740169177 6550698.2615222
561238.719329947 6551344.14418363
561460.037557859 6551596.78711914
562758.584633404 6550439.14517481
562111.477551104 6549544.69272208
561893.402413042 6548445.83897088
561673.530728496 6548198.87976016
560749.637982042 6548465.3510794
559709.44361726 6548923.62898945
559648.636199362 6549684.39231648
560173.740169177 6550698.2615222
    Pen (1,2,0)
    Brush (1,0,16777215)
Region 1
  33
589124.473623997 6522031.40634299
589917.741874583 6521966.7346489
590533.847167076 6522438.67597941
590128.163997942 6524337.51650258
591053.404337376 6525539.74302078
591790.157049709 6525670.57177171
592215.378852023 6526160.1932141
592370.879074059 6525817.39019075
592733.82060234 6525907.97769046
593379.034186059 6525569.87653514
593993.341972328 6524677.51379624
595714.214519463 6525068.68588245
596076.154441168 6524931.67796152
596761.459126753 6525290.63613218
597490.012824837 6524427.89051767
597473.08974277 6522126.53003054
597125.465536611 6521991.65473436
596561.654151624 6521512.68682583
597200.431783649 6520846.82441927
597184.332170316 6520474.28359624
596341.850156203 6518868.82904505
596101.575080723 6518810.78902282
595730.701428996 6518894.81712141
595071.901995037 6518514.85757041
594428.83842129 6519445.22298634
594052.095400768 6519496.42835333
592990.502741048 6519111.04005283
592094.668407511 6520270.01871897
591404.208288054 6520070.96396509
591283.301570049 6519710.38893191
590925.156880162 6519715.47766452
589138.218208096 6521271.95261256
589124.473623997 6522031.40634299
    Pen (1,2,0)
    Brush (1,0,16777215)
Region 1
  20
555217.073379421 6516379.1350455
555527.35541738 6518199.75215216
555584.979724483 6518569.14816116
556884.38897104 6517866.14158687
557765.264694828 6518568.48767982
558844.259683707 6518705.37870058
558776.314726017 6519077.11896684
559224.168432156 6519646.98853613
559978.411366938 6519719.34105504
559995.119456613 6518581.39874952
559988.030823944 6518197.79408519
559159.578649909 6516699.41133941
559205.507384965 6516011.23302273
558819.10686892 6516018.44608437
558354.221530395 6516631.68062906
557603.345775597 6516711.56595385
556821.093351635 6515145.35880648
555341.767676894 6515154.17340376
555480.575656899 6515470.13936277
555217.073379421 6516379.1350455
    Pen (1,2,0)
    Brush (1,0,16777215)
Region 1
  22
532119.422200995 6556336.94926222
532415.400878826 6556569.09320812
533469.908322643 6556581.51586618
534051.107592533 6555642.67472344
535124.764357257 6555482.68229843
535559.489370165 6555494.05777545
535443.106913889 6555123.53806209
535852.668639896 6554487.46902503
535807.872021884 6553341.0097017
537071.213439988 6551900.32184963
536519.521738063 6550185.56166472
534952.925512306 6548534.18824898
534338.480824475 6548898.5878163
534199.566366194 6550024.98799582
533675.934351989 6550568.68091376
533367.331522073 6550801.24960958
531600.745957651 6551944.76755056
531290.088418403 6552122.49951775
531220.901971548 6553199.56451239
531975.810616535 6554011.60379205
531478.146334623 6555396.27271004
532119.422200995 6556336.94926222
    Pen (1,2,0)
    Brush (1,0,16777215)
Region 1
  43
542223.746868988 6502574.50671738
542839.814436637 6504572.61079553
543854.933956399 6506763.82461824
544099.006359091 6507015.07101392
545116.74494756 6506539.41966851
546442.035351739 6507882.20053133
547108.943944377 6507497.68766763
547693.465864986 6507935.43414236
547584.461542303 6508644.51566588
548308.412172702 6508691.84571308
549230.814825676 6507636.79646683
550277.367290922 6507947.20647603
550607.45165767 6508124.80041896
550987.442547549 6507491.29550104
551944.765223529 6506911.3347296
552311.869827076 6505473.05107687
552692.939540832 6505426.01937782
553587.551837712 6506051.71492687
553874.581062347 6505172.80288608
553867.305219261 6504850.54904628
553480.467301014 6504792.62212821
552391.296222755 6505112.20935829
549874.164502514 6504129.94282274
549309.381815626 6503614.80257492
549277.568770105 6503225.21298562
550218.614754273 6500676.13666065
549844.585467506 6500055.90051243
549129.873293776 6499749.52262034
549101.243112697 6498998.02705826
549682.561953224 6497597.13038233
548790.654893501 6496899.87439912
548765.138869902 6496835.1442857
548415.680249707 6496850.63944351
547788.501338475 6497134.20819196
546981.119811216 6498563.46095767
546842.177400289 6498927.89456547
546754.195620648 6499701.54182199
547132.097962899 6500379.09650815
546672.120441079 6501858.21769822
545963.845484484 6502782.99367063
543815.783766968 6503446.98456946
543315.191167108 6502865.16629213
542223.746868988 6502574.50671738
    Pen (1,2,0)
    Brush (1,0,16777215)
Region 1
  27
540955.506648607 6577795.58011247
541075.367404813 6577190.0832122
541050.683756161 6576805.10662755
540666.554224976 6576138.352897
540774.305286315 6575374.28868989
540303.525414755 6573911.71538681
540735.765693784 6572842.50658803
540693.298310489 6571688.71718382
541218.575710256 6571150.09538212
541234.11408867 6570014.90950302
541786.239196437 6569592.96780825
541985.224695688 6568854.42709233
541757.794782634 6568551.57103635
539687.08323289 6567968.77933927
538732.324788143 6569980.5451102
538489.033349573 6570269.52805437
537069.115040382 6571482.13025716
534485.41607625 6572928.41655996
533851.294395221 6573270.60543018
534245.939720989 6574301.66948437
534975.042985222 6574423.60589246
535436.734186067 6575430.73288915
535313.435965939 6575779.1698965
537494.54378719 6576468.26123571
538439.368430031 6578549.08469094
540570.971879633 6577765.00380703
540955.506648607 6577795.58011247
    Pen (1,2,0)
    Brush (1,0,16777215)
Region 1
  15
547859.13374513 6511639.58799432
549571.563577296 6512450.61294121
550890.781233405 6511667.81440849
553153.79078778 6511260.72513759
553428.742859032 6510983.77953326
553432.635742969 6510610.87599393
552688.601072466 6510563.71377135
551062.064279958 6509112.24177144
550607.45165767 6508124.80041896
550277.367290922 6507947.20647603
549230.814825676 6507636.79646683
548308.412172702 6508691.84571308
547584.461542303 6508644.51566588
547360.268143981 6509775.38469043
547859.13374513 6511639.58799432
    Pen (1,2,0)
    Brush (1,0,16777215)
Region 1
  137
531917.007936043 6533767.87490212
532012.209493436 6533802.05407057
532178.009023926 6533915.5777704
532233.248732862 6533950.18868717
532374.195146085 6534078.80586919
532401.290184601 6534093.06832187
532439.424711087 6534113.23390881
532529.548055909 6534137.4638676
532654.390033184 6534131.43144849
532714.268165065 6534110.95148869
532793.554727767 6534045.34927272
532862.991972774 6533984.82452534
532897.793505596 6533964.55281199
532982.797143233 6533973.83823109
533128.176386412 6534022.58763341
533309.08641389 6534150.97273952
533429.448397057 6534243.19243079
533444.731235489 6534254.75538616
533530.066560382 6534304.00342154
533595.171787425 6534323.4454134
533684.946505501 6534317.70413656
533834.533417174 6534271.50068652
533917.328307444 6534231.34720409
534033.559189661 6534174.92985395
534078.227006022 6534139.58913756
534127.724316205 6534084.22560952
534177.471214942 6534058.93397042
534237.415260408 6534058.43609547
534457.772741015 6534136.43674061
534572.972717021 6534160.45827628
534591.651133012 6534159.80356684
534722.791379174 6534154.21820795
534832.439198028 6534123.23350012
535056.276549532 6534006.57365691
535220.666566099 6533950.25575801
535485.170627616 6533918.08460611
535589.972791843 6533917.21405057
535715.146469384 6533951.14398273
535780.282837228 6533986.37193329
535815.609238845 6534005.26187079
535886.083018228 6534069.62021842
535941.529324938 6534129.10772322
535978.867136342 6534149.57956524
535986.694694783 6534153.71090846
536091.596782851 6534152.83948224
536141.425756856 6534137.43852393
536200.693563331 6534091.5854531
536200.689357736 6534067.00676998
536131.697077486 6533964.46918307
536093.561172851 6533908.03512601
536068.987763096 6533872.57014846
535993.450974479 6533763.99221212
535962.816322402 6533684.41583674
535936.014290749 6533464.72897208
535921.541922855 6533286.00413992
535913.876699454 6533205.13793757
535914.743903303 6533189.2444993
535918.466492681 6533156.2421466
535923.079506758 6533110.14374019
535890.064418754 6532984.52709206
535876.628716041 6532930.68546097
535878.553039494 6532921.77718284
535882.441052258 6532896.66662133
535890.951255695 6532850.63576373
535820.145804527 6532746.31486857
535759.520553112 6532676.77918415
535709.37770371 6532642.32593668
535603.687881181 6532548.28615696
535533.089789963 6532468.9418882
535460.435522846 6532382.62076392
535477.104516811 6532344.51522356
535615.190785511 6532128.55448307
535703.572508091 6531942.98064576
535711.464248808 6531918.73606497
535713.314373982 6531912.92572331
535622.610591241 6531818.76150796
535607.417275401 6531793.9093822
535647.131119131 6531763.60549738
535646.757929649 6531718.64760385
535545.731783502 6531584.60381623
535560.427513665 6531549.51208789
535544.529293789 6531439.73951624
535548.114319987 6531438.31095085
535634.154946723 6531404.02537925
535663.836657468 6531368.80917168
535678.673754838 6531338.71193801
535703.343160112 6531313.52869553
535743.347249806 6531318.19205851
535771.023361254 6531282.09329133
535876.143916909 6531187.20168283
536160.156648028 6531338.70887106
536188.263180762 6531354.46151545
536301.829373596 6531434.4478778
536380.046772652 6531468.76776698
536409.177256791 6531487.5093007
536429.827677081 6531495.7304702
536648.189621228 6531405.59311881
536772.989891074 6531394.5650201
536802.978828696 6531384.32455843
536802.729182993 6531354.25273285
536912.503652292 6531338.55361081
536917.290802163 6531313.43560693
536892.272692282 6531308.64778258
536892.197217451 6531299.5563009
536892.14828322 6531293.6618238
536956.880197329 6531268.14573765
536997.784657361 6531260.91190242
536996.345179971 6531207.86991108
537006.028578432 6531182.81114639
537005.406527347 6531107.88136145
537014.090786722 6531058.75180225
537024.533077821 6530992.72228227
537063.62544638 6530887.58836634
537107.878162906 6530802.29430462
537136.88784448 6530686.15382589
537400.568838839 6530555.07419262
537494.981880404 6530494.34153183
537669.23676813 6530422.9539222
537719.04839115 6530417.54424042
537749.037150115 6530407.30365739
537784.128675826 6530421.99897152
537834.081679248 6530421.5837725
537903.808507814 6530396.02590285
537971.34496683 6530395.46454697
537978.738011165 6530395.40309657
538082.809791868 6530294.62480984
537874.666433869 6529232.67896404
537088.677034981 6528489.46393167
536304.171264411 6529201.06838965
534572.274979511 6529899.35978177
533929.820463223 6530776.73830619
533207.761535286 6530597.99543601
532987.272527015 6530901.36473326
533331.231374557 6531931.51188753
533097.076134086 6533369.2119874
532538.043035301 6533860.8327666
531917.007936043 6533767.87490212
    Pen (1,2,0)
    Brush (1,0,16777215)
Region 1
  15
556570.136562384 6497674.40573426
554958.502536987 6495539.62934192
554267.101148087 6495260.73579506
553953.498439629 6495478.75318365
553260.796809618 6495800.13537135
552508.913667655 6495673.00932072
552073.738997129 6495064.57445865
550633.49934152 6494616.56405817
550517.075703038 6494252.85715494
550720.30563911 6495719.75947878
552329.309277833 6497334.62665904
554140.170710429 6498005.35073001
555266.860890155 6499037.94947792
556252.390028604 6497898.75298757
556570.136562384 6497674.40573426
    Pen (1,2,0)
    Brush (1,0,16777215)
Region 1
  20
538849.194352357 6510685.42976675
539915.204264008 6511702.4649029
542638.506195899 6510682.69480623
542893.062889745 6510392.03167455
544271.118550556 6509367.56241107
544941.910572196 6507694.85435675
544323.349251518 6507308.74423767
544099.006359091 6507015.07101392
543854.933956399 6506763.82461824
542839.814436637 6504572.61079553
542722.419130386 6504933.36871019
541630.558762098 6504700.96076713
540897.675970973 6506007.50494032
541143.030328618 6506713.73970342
540889.38237757 6506993.50362532
539034.619147979 6507196.35828773
538418.299077685 6508126.26681902
538381.936831347 6509666.41378279
538771.619328861 6510307.30768815
538849.194352357 6510685.42976675
    Pen (1,2,0)
    Brush (1,0,16777215)
Region 1
  22
551281.238325766 6547100.45879976
551966.241479375 6547387.21264808
552541.78098786 6546982.7637229
553187.98616563 6547373.75188244
554731.344612643 6549375.20668071
554266.538036649 6549843.0810118
554833.529280575 6550332.04660761
555239.825393616 6551381.27699025
555253.263854967 6551759.34584295
556137.680280016 6550759.32591682
556091.820318844 6549499.27300785
556370.024356558 6549276.14496257
556365.548985545 6547754.47032545
556934.91980675 6546345.12290798
556688.12612295 6545624.39089626
557495.648378297 6544377.42661927
556468.704916934 6543270.42315472
554468.625284055 6544388.12674342
554072.759849127 6545048.06099708
552583.475512893 6545101.2158924
552401.383431874 6545395.68137811
551281.238325766 6547100.45879976
    Pen (1,2,0)
    Brush (1,0,16777215)
Region 1
  27
534874.759454187 6509729.32173826
534892.472563179 6510466.62665179
536331.693284383 6511655.52293218
535944.680689145 6512238.72736379
536095.680060543 6512976.32560712
536736.850276238 6513341.27519388
535820.137150312 6514567.2135412
536040.268785114 6515292.54433448
537451.316088491 6515772.98523948
538671.343408461 6516676.637016
538747.225242622 6517055.67187897
539488.018797004 6517627.20406479
540320.738998949 6517032.19717408
540558.340336531 6516780.84082918
540316.130086272 6516477.0242226
538897.780861815 6515272.88924776
539715.934053557 6513597.25815871
538491.480806697 6512124.94198669
538849.194352357 6510685.42976675
538771.619328861 6510307.30768815
538381.936831347 6509666.41378279
538418.299077685 6508126.26681902
538079.539542143 6508287.34347134
537642.393508217 6508884.5547876
536933.883177149 6508639.16516266
534933.665548148 6509603.9424947
534874.759454187 6509729.32173826
    Pen (1,2,0)
    Brush (1,0,16777215)
Region 1
  23
586624.01658092 6524110.48810824
587099.293632515 6525127.03618869
587023.193770339 6526567.82326071
588583.072666617 6529145.56278999
588617.605282849 6529524.1472295
590375.753379773 6529724.08583806
591349.950849663 6529310.10319347
591560.727998771 6529604.48721833
593271.520991465 6528728.04343121
593564.54220897 6528473.81343685
592505.955443439 6528090.29435026
592733.82060234 6525907.97769046
592370.879074059 6525817.39019075
592215.378852023 6526160.1932141
591790.157049709 6525670.57177171
591053.404337376 6525539.74302078
590128.163997942 6524337.51650258
590533.847167076 6522438.67597941
589917.741874583 6521966.7346489
589124.473623997 6522031.40634299
588828.215276441 6522687.91038632
586812.698711098 6523421.61008393
586624.01658092 6524110.48810824
    Pen (1,2,0)
    Brush (1,0,16777215)
Region 1
  19
540558.340336531 6516780.84082918
540749.36202359 6516924.12480216
541570.720354667 6516164.15713991
542300.515247601 6516373.59775479
542987.161704834 6516067.25130245
543185.994335829 6515358.42030517
544103.310016046 6514748.22079438
544159.536135097 6514372.38395807
544507.024115522 6513698.18548733
543434.034410934 6512201.93586905
542893.062889745 6510392.03167455
542638.506195899 6510682.69480623
539915.204264008 6511702.4649029
538849.194352357 6510685.42976675
538491.480806697 6512124.94198669
539715.934053557 6513597.25815871
538897.780861815 6515272.88924776
540316.130086272 6516477.0242226
540558.340336531 6516780.84082918
    Pen (1,2,0)
    Brush (1,0,16777215)
Region 1
  19
531182.301394741 6509645.07179959
531914.811638608 6509398.80353532
533754.750282864 6509874.59991131
534488.580657964 6509715.14296141
534874.759454187 6509729.32173826
534933.665548148 6509603.9424947
535107.263283958 6509261.10147625
535033.747086294 6507759.63352913
533995.440546149 6504905.87578358
533794.498840492 6504626.89139094
533211.760417415 6503778.3816379
533019.049536319 6504033.35734827
532419.198183484 6503903.35501724
532200.62823599 6504136.46476381
532336.975848163 6504890.6665638
530707.354755959 6505858.54887754
530842.684843034 6506971.64425943
530455.178786759 6508843.41588092
531182.301394741 6509645.07179959
    Pen (1,2,0)
    Brush (1,0,16777215)
Region 1
  317
560796.108452265 6537858.99901394
562164.030348422 6538350.3844435
563061.605199831 6539051.60711941
563438.17752711 6538991.02183151
564493.665022008 6538930.08039447
565775.07693044 6539579.04770598
566088.196395783 6538210.11113624
566142.634716474 6537872.44697297
566083.165090492 6537809.99606283
566009.658043199 6537861.56436084
565987.820355462 6537758.83440626
565980.227675055 6537686.95930261
565984.856887105 6537642.95845964
565995.255853488 6537571.93271643
565988.837003511 6537521.02985556
565972.23601915 6537447.23147602
565962.620228772 6537372.37580229
565923.281888114 6537327.74187321
565869.898270702 6537276.23087427
565826.596928337 6537235.62650894
565794.235417243 6537200.92592368
565778.150432857 6537177.08040462
565758.826022612 6537136.17651093
565732.343333475 6537075.54918316
565696.768296802 6537002.90792393
565657.180327818 6536928.30178912
565649.837312085 6536886.39892502
565650.528489123 6536849.42489045
565659.079106404 6536796.39914398
565675.364339824 6536712.33558778
565688.810461802 6536647.27938109
565693.456321769 6536605.27671788
565691.233494203 6536578.31837541
565684.99856415 6536549.49506363
565669.578918842 6536497.56811045
565686.005614453 6536430.48881658
565708.468353068 6536368.35498784
565732.754482305 6536285.22399455
565757.165432657 6536217.07910069
565800.450580023 6536135.7882343
565812.763995024 6536174.65226883
565825.218878398 6536230.50054391
565870.393513049 6536256.10215872
565903.737388437 6536300.78596734
566066.694886908 6536192.5211002
566027.989488078 6536103.91968362
566142.799620524 6536092.97244117
566167.768563501 6535971.86838562
566183.237768122 6535909.79280059
566212.743917064 6535853.59520823
566095.644394784 6535829.5915434
566148.67890321 6535719.24442052
566156.346929901 6535680.2140541
566162.849401791 6535633.20025871
566160.560037218 6535586.25965882
566158.104190714 6535531.32731343
566174.813797281 6535498.21652953
566194.545630029 6535456.08831167
566195.194306465 6535426.00875046
566187.993586604 6535401.19007351
566161.735599607 6535367.53777813
566126.509265893 6535336.75774147
566120.123707221 6535289.8512526
566120.855648555 6535257.77271866
566124.628079501 6535230.86440847
566132.39596623 6535203.82292215
566135.243389192 6535185.81467213
566132.054770877 6535162.86096613
566230.096977263 6535178.03101398
566328.039278484 6535193.20188587
566324.38467088 6535102.31045171
566399.356677986 6535106.68199726
566403.72792956 6535019.72031772
566320.613512522 6535009.42171139
566320.762912042 6534907.40815357
566318.282926827 6534849.57852921
566321.089569259 6534826.67483254
566305.869705084 6534798.7257572
566266.055828098 6534804.95212759
566230.390242884 6534733.41104939
566151.572564557 6534747.15591913
566050.815239972 6534765.87929306
566027.836590947 6534766.07059035
565961.323000599 6534697.58390237
565899.73988584 6534621.2628962
565881.233322127 6534558.5712101
565857.821326972 6534494.72139888
565837.374026219 6534438.93992283
565772.450942816 6534453.46832113
565751.237508767 6534425.66907097
565721.381832532 6534439.90553704
565693.799536751 6534379.18777178
565679.621279349 6534344.3359945
565665.343115583 6534309.4850497
565515.790214169 6534347.69811179
565524.973110102 6534382.59147519
565463.238735973 6534396.09417563
565445.88017538 6534351.27749701
565380.133616414 6534254.90848863
565303.388138929 6534277.52837654
565376.479138209 6534187.99671478
565394.337720497 6534160.87134556
565440.844851377 6534106.53078595
565460.62662279 6534082.386819
565585.951387389 6534014.30143341
565643.058126174 6533913.0131054
565638.952863536 6533899.95858552
565621.828065971 6533883.21572923
565622.677395648 6533865.22419265
565663.098650317 6533787.95414909
565689.566026244 6533738.7761047
565697.44212697 6533724.72262115
565698.016927656 6533673.761855
565655.406279581 6533716.08032797
565641.377692629 6533711.20142803
565616.351007441 6533705.41494731
565575.947270221 6533652.79704311
565383.400305259 6533807.26786957
565388.453059476 6533814.11985261
565401.583232916 6533831.09579171
565429.723595715 6533850.84427467
565398.852221177 6533863.09090945
565373.50933921 6533831.32949432
565357.847885537 6533858.33665324
565375.248862218 6533908.248562
565354.434745962 6533928.40457033
565326.302783771 6533897.66550755
565311.890620846 6533858.71922505
565352.495656375 6533815.51823212
565388.154415385 6533778.25332256
565414.804896779 6533739.06512927
565420.59967077 6533715.03760484
565476.055994971 6533655.52696437
565413.357425849 6533565.22736943
565389.388046872 6533566.42604107
565378.722782614 6533593.49151781
565406.996990815 6533641.31462786
565367.232977206 6533665.52501613
565299.887615639 6533617.12792956
565198.622930406 6533694.904439
565164.513105614 6533678.20305653
565096.026420022 6533732.72655524
565036.306767296 6533760.20037646
565039.611764494 6533797.14093037
565078.70030836 6533811.80259923
565114.700136163 6533815.49947233
565146.695361856 6533818.23054334
565155.878327924 6533841.13425079
565156.985624569 6533842.1241702
565157.185270807 6533866.10179556
565131.417305521 6533903.28436632
565075.219773386 6533873.77806376
565009.263619824 6533872.22891443
564960.293336801 6533870.73819504
564898.400846506 6533877.24822286
564892.764976006 6533800.36159195
564830.822578876 6533800.87721042
564815.886424996 6533806.99636244
564788.911509993 6533807.22090477
564768.772044036 6533788.40494634
564736.510635757 6533753.70370171
564682.876900358 6533792.11735333
564704.256664798 6533839.89795965
564722.755673348 6533901.69046467
564697.986854067 6533926.87506621
564667.140425515 6533942.11888763
564653.086885523 6533934.24277329
564627.011220789 6533922.47018285
564586.090899842 6533927.80648713
564551.231549617 6533941.08543515
564563.378535935 6533947.97828357
564601.42632753 6533969.64259028
564588.621402962 6533991.73019267
564580.67125689 6533996.89196819
564650.812466765 6534141.08308118
564599.218445321 6534184.47544651
564576.622530749 6534218.63419822
564553.402576965 6534201.84214686
564467.232909305 6534172.58529751
564328.837052083 6534110.79163682
564324.82413157 6534108.82676513
564238.438211374 6534053.59413962
564251.184917534 6534024.5130652
564245.964979569 6533997.57981423
564156.381295066 6534038.29095993
564058.829157196 6534081.96592386
564077.004577357 6534104.89470661
564081.025815195 6534107.8586469
564146.390479536 6534158.37048546
564251.799513864 6534218.34055123
564249.410060743 6534219.35957748
564208.997489194 6534237.68042797
564188.207470831 6534260.7337189
564170.482871628 6534291.95441982
564137.704827569 6534315.20740825
564107.957173328 6534354.421369
564106.570118293 6534355.83170645
564094.395305428 6534393.60052052
564076.669038455 6534424.62140939
564049.327185016 6534500.78342979
564037.679353131 6534541.84501429
564024.257955023 6534609.8980735
564004.451195075 6534631.04482189
563975.877366744 6534679.24125532
563942.308082292 6534739.4689197
563918.663162628 6534767.64157829
563907.005630846 6534771.53533152
563887.675209212 6534777.89087933
563831.835419453 6534779.35479217
563770.459537154 6534727.91049057
563655.781565996 6534874.73907355
563612.105274546 6534909.07338725
563576.129536698 6534908.2737617
563550.104580426 6534902.595434
563525.052976183 6534881.82197502
563502.923686389 6534864.02168207
563458.481928817 6534830.42089567
563447.267574608 6534803.53751852
563441.264927616 6534790.59869041
563420.884267648 6534742.80971712
563375.511016146 6534693.33039789
563312.161133541 6534644.80000811
563326.805189378 6534723.60998761
563313.092651565 6534756.69565507
563241.3424672 6534779.27385324
563145.065638076 6534736.11310149
563152.474989488 6534786.00831143
563154.930567816 6534840.94044062
563088.907832467 6534831.39864607
563013.911749913 6534824.12963387
562922.987906993 6534823.88722835
562907.227313237 6534850.9951131
562911.581222834 6534893.92179404
562860.860791655 6535042.21689536
562727.851114096 6535027.33760268
562638.733214022 6535003.99996163
562615.608064145 6534998.59722371
562553.63822659 6534983.82608823
562537.111576315 6535038.91643529
562504.033313723 6535146.09991815
562439.26834309 6535167.62089594
562432.54106037 6535199.64942914
562452.530745905 6535212.47191623
562427.911754334 6535243.65020868
562413.982981592 6535250.760123
562401.901858738 6535359.7671635
562481.885864035 6535366.09550542
562478.030266874 6535503.01008326
562528.933864634 6535496.69150315
562563.767447902 6535480.31541194
562586.154692267 6535529.08706749
562607.933051551 6535624.72356824
562595.029138915 6535634.92229924
562626.174289735 6535787.53188655
562556.247541494 6535789.11299659
562581.248651557 6535899.80974722
562529.038243733 6535989.16796386
562542.433841176 6536038.01446991
562617.497395656 6536053.3760311
562620.67764308 6536075.3307026
562458.095033367 6536108.65637243
562523.674615291 6536304.94172182
562488.806902909 6536317.22162568
562524.606395702 6536416.83797624
562537.092921205 6536452.50337487
562537.909650371 6536454.59477786
562583.892059064 6536577.20659139
562604.36436898 6536635.98564997
562635.900527248 6536703.56500299
562694.804344466 6536818.07614278
562716.101023463 6536855.86633801
562730.395872054 6536892.71566559
562663.174381683 6536979.20146571
562664.597752281 6537030.14593208
562634.71707087 6537041.38520123
562610.597954819 6537012.61078082
562569.361336937 6536991.97197229
562598.717129604 6536905.70140767
562577.362975006 6536873.00731771
562521.564557595 6536903.44601189
562495.181151274 6536830.72813044
562444.936243465 6536808.16600524
562370.522396201 6536870.83212183
562317.480008986 6536860.28299329
562296.698305594 6536884.33547593
562105.707416502 6537105.73655615
561982.180834266 6537029.83053632
561975.853630779 6536989.9174523
561949.653034403 6536975.14834869
561933.001631974 6537003.2629447
561917.314362052 6537027.17311458
561902.512947042 6537049.47728283
561832.328172072 6537032.07679246
561814.219989993 6537029.23006157
561796.370687441 6537033.47509535
561753.64263841 6537061.70679126
561728.765635035 6537073.90354451
561707.801734943 6537076.07629593
561684.75649917 6537068.27493185
561663.551350971 6537041.47452531
561635.377647787 6537017.7295422
561607.203945483 6536993.98455865
561621.222743434 6536973.68519363
561634.846071189 6536953.88869177
561598.470981571 6536905.13345842
561584.35917508 6536890.26374404
561551.323211664 6536882.54552034
561537.169811751 6536862.68043415
561525.922124526 6536831.80058853
561516.747453113 6536809.89578308
561497.597857191 6536789.97236076
561474.287175855 6536762.29024753
561455.196726435 6536737.47052997
561445.039621111 6536717.57218758
561437.809528487 6536737.21556628
560927.164132054 6537555.16771237
560796.108452265 6537858.99901394
    Pen (1,2,0)
    Brush (1,0,16777215)
Region 1
  30
570421.690919578 6507150.55643992
570728.605608036 6506920.99970177
571299.262289039 6504769.84186147
572030.444456747 6504749.36165409
574741.521340357 6502121.17312286
575801.489293938 6501846.372451
576030.020258809 6501538.73807154
576259.899938914 6501261.06590281
577447.161325254 6499548.67721448
577059.562240295 6499495.55926402
574773.062985397 6499575.96818311
573924.106426517 6498387.70698291
573180.554343005 6498146.32460853
572786.392783716 6497485.40066911
572930.056661543 6495194.24301549
572252.51677962 6494241.7444695
571865.068289843 6494230.48639449
571113.85384174 6494052.51111508
570035.107183311 6494447.25597494
568887.072790143 6498026.4409411
569611.801405443 6498275.07613787
570190.384406087 6499282.15558586
569550.818804372 6500237.54049649
569963.192783869 6502113.23712015
568780.629113754 6503059.25987257
568469.546650134 6503723.96489316
569060.783060259 6504726.64733678
569004.768010637 6505882.29226624
570198.124603559 6506831.10288826
570421.690919578 6507150.55643992
    Pen (1,2,0)
    Brush (1,0,16777215)
Region 1
  24
590490.380643657 6515076.0635574
591541.182560007 6514552.14001526
591623.908982579 6514168.98402452
592286.250231577 6513752.71186189
595255.254399872 6512904.13229002
595219.723444491 6512513.77171251
594979.106645129 6512211.24907138
595021.669936554 6510332.34354211
594751.375543927 6510041.25959071
593798.874793605 6509450.14362831
593142.609670658 6509875.95589747
592475.621432474 6509699.38734454
593094.779139956 6508885.72702655
591761.645930675 6507592.01132055
591434.352038007 6507582.1559691
590312.697486691 6508163.61804986
590540.318875415 6508824.73379269
590487.0448201 6509552.53843459
589630.244411686 6510192.53494208
589917.716343088 6510913.89872299
588779.944396871 6512497.71449409
588640.335720588 6513260.21228182
589200.286603193 6514270.94818603
590490.380643657 6515076.0635574
    Pen (1,2,0)
    Brush (1,0,16777215)
Region 1
  39
563449.334328673 6563695.06056303
564190.105867825 6563658.31833871
564491.67440593 6564332.34317343
564006.348706248 6564867.94109318
563806.326150141 6565180.84714531
564587.450384946 6565717.89068376
564582.871321719 6566043.65763946
565484.837154266 6565326.93767937
568859.549948326 6564612.90261175
569347.165674491 6564040.61261725
570440.178401858 6563888.42305793
571109.490234668 6562603.11226979
571478.696167855 6562629.01092397
571864.561673103 6562603.81314941
572516.321331999 6560843.44677198
571487.25765604 6558790.94839353
570554.016061461 6558140.47717416
569922.078813034 6557185.3480813
568549.018976041 6556523.75399783
568506.947243275 6556139.22821513
568559.944165831 6555364.93799652
568232.678594504 6555156.04234329
565964.83322133 6555436.21170856
565261.416613718 6555147.01810232
565177.327143908 6555487.53243084
565302.145167328 6556125.95509855
564413.525955306 6555913.63990828
564267.356415943 6556226.29522856
564113.96425836 6556535.51369907
564257.06588444 6556886.02652406
564668.398864581 6557519.1669951
564074.975237645 6557887.90354646
562962.965990708 6557786.25580317
563608.391001918 6559437.29374233
563316.863278542 6560123.94832461
562575.698970932 6560185.27301183
562557.886974186 6561668.98047545
563716.410120823 6562603.94571909
563449.334328673 6563695.06056303
    Pen (1,2,0)
    Brush (1,0,16777215)
Region 1
  24
580348.197694808 6533529.73614125
582807.645719686 6533981.02330154
583074.336178471 6535468.51752713
583923.252532808 6537162.57605604
583277.142167041 6538496.02496275
583462.868767767 6538793.71965496
584147.072145651 6538840.46779597
584484.776462521 6538935.56651411
584825.092505662 6537894.8172832
586279.750445132 6537740.10236106
587168.140701868 6536561.39421262
587405.031611198 6536273.46284714
587304.552204674 6535930.39673431
585947.95057678 6535479.11472228
585439.210912949 6534176.68349771
584774.962871596 6533970.60801079
584981.803399546 6532895.10701966
584099.994212657 6531724.9795524
583226.631327566 6531267.76556864
581695.529449623 6532846.0824898
580747.859326457 6532332.43372587
580587.127873767 6532647.50315585
580381.415457462 6533319.64007722
580348.197694808 6533529.73614125
    Pen (1,2,0)
    Brush (1,0,16777215)
Region 1
  12
593564.54220897 6528473.81343685
595068.471502306 6528154.81525401
595450.810247848 6528223.0594129
595892.653285159 6527257.19967697
595979.291222738 6526899.88421517
595711.879513251 6525447.07766707
595714.214519463 6525068.68588245
593993.341972328 6524677.51379624
593379.034186059 6525569.87653514
592733.82060234 6525907.97769046
592505.955443439 6528090.29435026
593564.54220897 6528473.81343685
    Pen (1,2,0)
    Brush (1,0,16777215)
Region 1
  20
522938.372364308 6519734.67121422
524420.013154843 6519966.86784542
523982.214447263 6522198.35206668
524421.237360597 6522801.18063298
525159.91320232 6522766.97702119
526120.067152188 6522175.02103753
526367.949500617 6522463.81022423
527415.858128588 6522068.35314094
528044.24594763 6521132.75249623
527300.719758628 6519835.26331114
527767.714224862 6518811.38231474
527753.267541341 6518430.83596625
527422.256595975 6518382.82690591
526559.783588873 6517886.22427694
524790.772903607 6517964.74316223
523888.491784204 6517438.79473326
522499.36345722 6517410.35051737
522792.454133929 6518078.53226243
522703.854599948 6519454.96266733
522938.372364308 6519734.67121422
    Pen (1,2,0)
    Brush (1,0,16777215)
Region 1
  29
540671.622734966 6545455.04916151
541792.094773459 6545483.00439596
542342.913969735 6545998.88203976
544804.364742927 6546907.22899289
545111.811481013 6547136.67576159
546955.36452275 6547380.32810645
548827.861375806 6547163.72777106
549397.387185811 6547645.57849343
551040.24694059 6547364.94075455
551281.238325766 6547100.45879976
552401.383431874 6545395.68137811
552583.475512893 6545101.2158924
552243.558872179 6544944.1799239
551029.67597161 6544124.78484558
550519.849729587 6542735.91411272
550600.761368206 6541664.65524718
549584.1446682 6541269.4566477
549284.877166645 6541506.74520104
548377.221620303 6542007.0733045
547703.077858435 6541151.31624763
547034.520850023 6541507.97589974
546219.477532826 6542283.79607451
546515.744324182 6543379.79425838
546267.459997812 6543668.51406704
544923.4791847 6543111.67383214
544595.541482324 6542929.05885732
544179.802705657 6543542.49440606
543436.688672066 6543644.39080222
540671.622734966 6545455.04916151
    Pen (1,2,0)
    Brush (1,0,16777215)
Region 1
  28
541127.41883174 6528161.14525553
541727.46739385 6528554.80947712
541858.682400372 6529616.79529455
542483.20748342 6530010.0565111
542454.456376999 6531816.92944275
542559.506942918 6532170.74875701
542889.095080969 6532263.92516562
543136.748279684 6532500.65915217
546474.071403557 6530134.93029367
547406.471185461 6529162.51158031
547734.177946138 6529065.36763164
547907.191488195 6528772.58123837
548627.282521045 6527729.09168045
548525.796757253 6526999.07077114
548950.622112932 6525977.02196624
548793.309188783 6525273.94340401
549646.160643823 6524083.7779883
549285.635754672 6524211.16909694
548151.997148606 6524051.34777056
548360.901289793 6524302.18967062
548231.331777753 6525169.61333953
547914.931921435 6525400.8464361
547151.471434793 6525241.34141431
544683.68147135 6526390.18439616
543922.516572562 6526218.07057944
542832.824361929 6526573.23227253
542695.256390729 6526887.30413571
541127.41883174 6528161.14525553
    Pen (1,2,0)
    Brush (1,0,16777215)
Region 1
  24
563298.279839824 6543788.08955666
564068.156385966 6544619.96592195
563869.686075599 6546102.85747027
564363.775928697 6547111.58513021
563602.955059832 6547966.90040284
564399.530077135 6549160.55234877
565368.634831017 6549667.64716365
565858.559944107 6550655.92848804
566507.464135708 6550422.71704318
567098.750421761 6549677.91828831
567407.703977655 6549523.97321566
569523.308823881 6548792.95549878
571091.562520702 6546765.5995675
570228.380752782 6545612.77583433
569945.251303297 6544513.07395073
570817.845496213 6543390.55763091
570064.094283564 6542168.08589672
569765.833516203 6541938.36859952
568378.27214635 6542472.37805186
567128.926636881 6541679.1689268
564259.461770464 6541616.93381095
564090.78934346 6541950.85399487
563243.278191084 6543050.37686589
563298.279839824 6543788.08955666
    Pen (1,2,0)
    Brush (1,0,16777215)
Region 1
  159
562369.363118045 6523649.19041016
562439.596879476 6523684.57449116
562551.182234718 6523766.47353095
562645.818509556 6523852.7100341
562701.407364088 6523929.18035115
562714.707167366 6523954.54746332
562752.067338607 6524025.67428755
562781.748034067 6524098.46363865
562803.234855273 6524159.13180729
562842.464461621 6524190.77745204
562870.571303658 6524206.5295945
562914.563356808 6524210.15996422
562987.603098946 6524222.54073307
563042.917529477 6524266.0420559
563115.390699603 6524330.38229039
563187.047790061 6524416.71017695
563253.742841194 6524507.07588676
563287.119480473 6524555.75545595
563318.564432907 6524624.43370758
563334.05783783 6524673.26212902
563351.649078653 6524746.05221693
563376.093206406 6524801.89996696
563417.336777592 6524835.42719628
563486.712999666 6524887.80365326
563529.913949243 6524916.41885038
563671.838276644 6525042.1270972
563740.477651087 6525102.00316247
563840.8204437 6525189.59099273
563861.709390474 6525166.43711439
563883.713753127 6525169.25134671
563911.645958971 6525164.02319174
563949.419086608 6525140.72877156
563983.270909915 6525114.46959937
564011.919281182 6525087.25460915
564039.759989176 6525071.03677745
564074.502555804 6525055.76062524
564112.516986861 6525049.44941198
564144.570213043 6525059.17390693
564176.656711277 6525072.89464639
564220.756932187 6525089.51277422
564228.699628054 6525071.46230909
564223.371499777 6525043.53100595
564205.98824387 6524983.72787527
564196.564045945 6524943.84110434
564190.695347037 6524838.98126317
564208.512046126 6524830.83991341
564332.162242552 6524909.74106963
564371.050871429 6524900.42518116
564394.961859855 6524892.23309867
564413.894164836 6524886.08072014
564493.627124657 6524862.33709272
564475.120765482 6524799.64584378
564441.161806637 6524681.03201964
564470.88417392 6524650.81069609
564457.940610191 6524632.23470606
564444.593262332 6524613.16251227
564425.269179725 6524572.2591191
564384.315057884 6524573.4992466
564369.196846821 6524557.73892352
564340.923617291 6524522.00558895
564331.60764263 6524483.11706156
564320.534763638 6524473.21793272
564275.227549968 6524431.63161192
564236.888829735 6524386.9898946
564250.216663749 6524343.71653551
564255.371958295 6524326.8882383
564250.818401907 6524259.98443444
564229.122728901 6524174.23985848
564232.844490134 6524141.23759243
564247.405391942 6524090.06085115
564259.919921989 6524033.10619304
564280.817069086 6524022.94094482
564346.863373093 6524035.37985229
564355.663716828 6524000.33705445
564359.110799188 6523958.34491085
564349.761645599 6523903.47060076
564328.207377791 6523834.71007533
564292.400066681 6523734.09607111
564259.772970322 6523655.43649284
564285.598889138 6523637.23719662
564327.276731071 6523602.91988601
564367.814108017 6523551.62688046
564403.381120185 6523503.37263547
564431.97954913 6523470.16332855
564454.051442186 6523457.09083565
564482.848661771 6523447.75904708
564566.595250521 6523426.08020643
564764.959541753 6523370.47597615
564979.04262889 6523282.76874419
564984.419266248 6523280.52590205
565140.431444057 6523478.25356435
565118.586103356 6523362.53649151
565091.570683816 6523237.87031183
565056.87895432 6523139.24538924
564961.732539669 6522895.75057121
564960.812588237 6522893.26040886
564931.181818745 6522814.47603275
564926.886947905 6522778.64308313
564955.236755944 6522583.57708521
564962.555474279 6522502.58678498
564956.776808538 6522492.54369872
564819.455940422 6522583.70830898
564754.121008176 6522644.69945433
564692.718085756 6522721.9436535
564623.754905588 6522779.16831217
564554.587191955 6522799.8265795
564465.466328199 6522848.02705445
564349.016901326 6522901.95022189
564281.897747585 6522964.65471912
564181.940212698 6523031.32934304
564087.393600308 6523075.87818395
564016.167015106 6523089.25992389
563959.535154596 6523091.52976196
563910.387843555 6523104.72770698
563844.794160624 6523134.6480781
563782.887957721 6523151.44917137
563726.363382399 6523166.6068605
563658.81834681 6523178.15950471
563531.014046546 6523188.31538341
563456.200076405 6523190.83645447
563405.169505808 6523205.8484862
563361.340606646 6523209.81016173
563306.492081241 6523210.2666965
563251.606239954 6523194.23792438
563220.444750613 6523183.60679944
563174.589669815 6523160.20922217
563132.406894566 6523145.87314399
563088.670308542 6523160.9243647
563087.685383962 6523162.63108044
563081.4836024 6523173.77302256
563041.519223358 6523197.88491032
563005.059156716 6523210.87730691
562963.160076306 6523218.61959368
562952.761399276 6523229.69655442
562932.362837876 6523251.74724372
562916.228417961 6523293.94483087
562889.264922985 6523343.52618751
562863.931752653 6523372.91158472
562821.962696001 6523384.25131055
562796.593045964 6523397.25130704
562760.240245346 6523423.13155853
562723.972380389 6523447.21267134
562685.903475738 6523494.98811375
562661.869077076 6523524.36269875
562649.060284837 6523521.97148547
562641.670547245 6523522.43264147
562611.104218279 6523523.28652114
562605.118157944 6523524.33547117
562601.038632559 6523526.36768147
562554.615012987 6523578.70873443
562534.816704873 6523600.85433713
562502.146999833 6523637.09486362
562481.332995129 6523657.25066276
562479.343185184 6523658.266352
562475.346933868 6523658.29961214
562471.34236685 6523657.33381311
562464.31649584 6523653.49568759
562396.030254635 6523600.01117754
562369.363118045 6523649.19041016
    Pen (1,2,0)
    Brush (1,0,16777215)
Region 1
  260
560445.997293922 6521843.78763638
560561.929935699 6521847.81851085
560638.091358918 6521875.1602595
560694.205054192 6521894.67582551
560777.800555792 6521974.90942408
560822.407742252 6522052.47010211
560878.012923624 6522130.93838669
560915.202672942 6522157.60532354
560970.383842288 6522185.1216628
561044.530551846 6522210.48191481
561121.592137178 6522225.92654801
561163.767226426 6522251.3530408
561196.095676361 6522282.15685218
561236.290806566 6522321.78742775
561307.732189908 6522382.23955041
561354.954018001 6522425.8081584
561380.353902416 6522464.46282553
561402.524494766 6522487.25824423
561457.664122834 6522509.77928536
561529.737913398 6522526.16462897
561579.990459162 6522549.72546611
561622.075645817 6522576.35165664
561670.596022974 6522643.88851655
561718.308588914 6522734.41203589
561762.282806749 6522843.95009855
561765.254921605 6522852.91751207
561796.915991953 6522935.58161175
561834.2812444 6522983.32868447
561867.723424597 6523039.90073296
561921.055386892 6523085.31684412
562005.467214774 6523143.56286664
562071.971599406 6523211.04998978
562116.445895697 6523272.62578243
562156.082877397 6523353.22527033
562172.741425636 6523434.01600471
562198.07555416 6523476.76766868
562268.691810224 6523558.10846635
562317.045967378 6523605.66418606
562369.363118045 6523649.19041016
562396.030254635 6523600.01117754
562464.31649584 6523653.49568759
562471.34236685 6523657.33381311
562475.346933868 6523658.29961214
562479.343185184 6523658.266352
562481.332995129 6523657.25066276
562502.146999833 6523637.09486362
562534.816704873 6523600.85433713
562554.615012987 6523578.70873443
562601.038632559 6523526.36768147
562605.118157944 6523524.33547117
562611.104218279 6523523.28652114
562641.670547245 6523522.43264147
562649.060284837 6523521.97148547
562661.869077076 6523524.36269875
562685.903475738 6523494.98811375
562723.972380389 6523447.21267134
562760.240245346 6523423.13155853
562796.593045964 6523397.25130704
562821.962696001 6523384.25131055
562863.931752653 6523372.91158472
562889.264922985 6523343.52618751
562916.228417961 6523293.94483087
562932.362837876 6523251.74724372
562952.761399276 6523229.69655442
562963.160076306 6523218.61959368
563005.059156716 6523210.87730691
563041.519223358 6523197.88491032
563081.4836024 6523173.77302256
563087.685383962 6523162.63108044
563088.670308542 6523160.9243647
563132.406894566 6523145.87314399
563174.589669815 6523160.20922217
563220.444750613 6523183.60679944
563251.606239954 6523194.23792438
563306.492081241 6523210.2666965
563361.340606646 6523209.81016173
563405.169505808 6523205.8484862
563456.200076405 6523190.83645447
563531.014046546 6523188.31538341
563658.81834681 6523178.15950471
563726.363382399 6523166.6068605
563782.887957721 6523151.44917137
563844.794160624 6523134.6480781
563910.387843555 6523104.72770698
563959.535154596 6523091.52976196
564016.167015106 6523089.25992389
564087.393600308 6523075.87818395
564181.940212698 6523031.32934304
564281.897747585 6522964.65471912
564349.016901326 6522901.95022189
564465.466328199 6522848.02705445
564554.587191955 6522799.8265795
564623.754905588 6522779.16831217
564692.718085756 6522721.9436535
564754.121008176 6522644.69945433
564819.455940422 6522583.70830898
564956.776808538 6522492.54369872
564939.236840572 6522461.9165744
564921.036625978 6522435.99084869
564920.919339614 6522421.90412073
564938.703643955 6522397.87691015
564964.446335356 6522369.6870221
564976.194677189 6522340.71442091
564995.185203493 6522221.56019567
565037.853790857 6522174.24597222
565138.620049379 6521808.72547852
565128.55540545 6521799.91703299
565053.217400119 6521751.48707008
565013.17177895 6521741.8291787
564945.318816686 6521752.38533327
564953.777998842 6521688.37075256
564948.40920624 6521643.55462663
564936.969521718 6521589.59707094
564918.345182503 6521500.72987418
564884.719876396 6521422.17866516
564858.012215834 6521346.46733993
564843.709279547 6521308.61958031
564844.933815054 6521215.69056446
564855.275496889 6521137.77247182
564877.939604946 6520739.83137738
564883.335144218 6520655.85981454
564819.995847274 6520620.51847784
564843.41513624 6520553.28211181
564722.07222401 6520391.43468536
564742.036869247 6520377.28070661
564781.941025676 6520369.95461305
564848.311500374 6520421.35664325
564916.872294734 6520375.82516562
564911.469404846 6520326.91294907
564840.262563432 6520174.63942699
564796.536857637 6520202.97899112
564762.069754631 6520143.31835793
564796.887194654 6520113.05470667
564729.302131708 6519939.76940733
564615.244032457 6519788.8517993
564519.693877404 6519592.81946028
564403.712497788 6519462.89953796
564318.977275809 6519365.79055749
564253.496996877 6519301.29260346
564196.209645618 6519260.80537062
564195.035823813 6519251.82301275
564186.685799999 6519196.94062284
564169.211076375 6519138.13769613
564141.270713217 6519142.36679985
564122.446636246 6519161.50689247
564115.719385395 6519193.53491126
564099.159580732 6519244.62817022
564100.707587992 6519310.55756877
564095.062567849 6519352.56783701
564081.466665508 6519399.63992434
564065.648075605 6519419.75412398
564047.819723526 6519438.48627859
564036.924896391 6519449.96700823
564013.063931681 6519464.15340478
563974.200451873 6519476.46644179
563922.307622332 6519483.89231487
563857.343857789 6519481.43574053
563784.346038998 6519474.05041537
563729.464349478 6519482.50028747
563653.752132312 6519509.10782216
563577.899355984 6519518.83129951
563513.942134407 6519517.26554246
563505.949664893 6519517.33207491
563451.934898187 6519497.89911481
563436.673629134 6519476.94460563
563441.394469871 6519443.93416489
563456.064312294 6519405.84527816
563477.843998258 6519381.68496376
563511.687236838 6519366.41635649
563532.592614616 6519357.25020175
563539.560242107 6519354.09491114
563555.321455027 6519327.08723238
563568.884113496 6519276.01893248
563595.268191667 6519204.86139418
563614.733710111 6519142.75358023
563614.342814807 6519095.79794381
563603.120300363 6519067.91585777
563574.955381349 6519045.17043633
563526.776032428 6519018.59512423
563460.680173367 6519000.16195843
563435.470850308 6518972.39630652
563393.360707758 6518954.76259616
563316.250266595 6518933.42373998
563275.297201091 6518934.76377256
563242.511247891 6518957.01744612
563209.791825378 6518987.26356634
563135.378083385 6519049.8287645
563068.91521642 6519107.33214928
563007.514163936 6519172.78639865
562989.880398221 6519214.89644441
562997.381101142 6519275.78065122
563015.07198147 6519360.55904624
563011.258706238 6519382.57154676
563026.035686755 6519465.37595323
563060.652246585 6519555.0090981
563084.30422403 6519635.74138851
563068.768366924 6519689.8234928
563034.367649043 6519758.1503018
562985.8287442 6519808.41071004
562918.108955593 6519834.95167249
562851.296744917 6519850.49469401
562799.403888933 6519857.92052075
562760.69006878 6519888.21653741
562720.077920263 6519930.51786312
562674.403830579 6519976.85782528
562650.925482362 6520025.01128858
562596.426285032 6520079.41771338
562547.630383269 6520098.80726097
562504.745677387 6520108.15634641
562472.924633017 6520126.30556182
562448.256781827 6520151.58894304
562420.399423655 6520177.79808503
562390.510800421 6520188.03811995
562347.678596201 6520191.69174562
562300.653668681 6520195.77991779
562254.738516322 6520201.15771484
562209.772529913 6520200.53285506
562188.051124073 6520219.69703945
562172.115946407 6520237.81393746
562135.508312022 6520281.08104383
562110.573403192 6520286.28421187
562051.753626452 6520301.76066784
561989.920039025 6520315.26395361
561978.039423839 6520328.3514736
561926.545667475 6520383.73198416
561892.993402064 6520433.96753692
561861.272949688 6520464.20532469
561823.474861784 6520496.49194782
561792.91157645 6520533.71398539
561765.54502899 6520594.88844113
561715.041034158 6520661.15118563
561647.696158323 6520732.74954887
561585.18775874 6520785.22434875
561558.59479142 6520831.3055642
561545.99032485 6520877.47018371
561525.54304286 6520941.68434947
561498.725569712 6520960.79102739
561447.81507805 6520966.21036655
561401.958089161 6520978.58152927
561374.23467658 6521008.88595821
561344.744288179 6521066.98080297
561309.185534962 6521116.23392834
561250.831310554 6521187.65754668
561185.458711607 6521256.14219466
561116.806233358 6521290.68383915
561055.0224589 6521310.18142109
561013.070234447 6521311.5296829
560958.030453467 6521300.99734361
560908.826931029 6521283.42254783
560869.86371124 6521271.75728803
560819.919005122 6521273.17205829
560778.024980451 6521281.51371295
560750.24251118 6521304.72482478
560731.509782691 6521334.85450886
560715.948828039 6521385.93945172
560689.431461289 6521441.11208025
560655.887411506 6521492.34667942
560588.033028383 6521622.79779845
560515.100185085 6521743.29991841
560445.997293922 6521843.78763638
    Pen (1,2,0)
    Brush (1,0,16777215)
Region 1
  28
565285.413010061 6496842.52330965
565614.669623525 6496644.65485405
566635.327584736 6497156.789984
567395.285301199 6497053.14632135
567904.536835551 6497485.51523371
567801.614201726 6497855.64399448
568008.30989687 6498165.04523812
568542.446113652 6498166.39018927
568887.072790143 6498026.4409411
570035.107183311 6494447.25597494
571113.85384174 6494052.51111508
571865.068289843 6494230.48639449
572252.51677962 6494241.7444695
572591.239759621 6494076.86606292
574405.077241473 6492896.48781493
574403.865669462 6491036.66025175
574233.638996962 6489804.28342794
573865.979126133 6489745.70331304
573134.121131363 6489624.31768744
572602.367723778 6489105.21865414
571080.092988888 6486618.34669103
570757.849331698 6486830.34413554
566077.019516278 6489322.64149626
564978.604792547 6491350.08345483
565024.593081806 6492901.21332291
564413.504900177 6494720.58264669
565104.373556685 6496110.58450385
565285.413010061 6496842.52330965
    Pen (1,2,0)
    Brush (1,0,16777215)
Region 1
  200
563348.786334491 6532563.29342574
563369.000614274 6532591.10098727
563399.355304454 6532636.80859725
563447.917822934 6532709.34133508
563509.709459886 6532810.73891444
563537.98284686 6532846.47249065
563572.242339177 6532881.15710736
563624.618175331 6532931.67711657
563654.831486887 6532960.40059354
563762.46394266 6533047.42872585
563830.042104943 6533123.7997449
563885.40675924 6533185.28537749
563931.854834339 6533231.85818097
563967.163324392 6533272.52888619
563996.985721022 6533254.296202
564022.745293336 6533228.10424278
564078.226613683 6533171.59088526
564090.091524149 6533156.6049938
564099.890919679 6533133.54329012
564110.681067443 6533109.4742037
564113.774120458 6533096.9592536
564121.388036998 6533075.41444636
564152.468282824 6532968.2481594
564154.424834305 6532963.23619234
564191.690805637 6532878.99855769
564210.332107257 6532837.87880877
564217.10933405 6532811.84485647
564219.931869403 6532790.83950312
564216.776619774 6532771.88217979
564210.865563258 6532757.9434759
564209.641725596 6532754.95625439
564198.510551311 6532738.06359307
564181.309264713 6532712.12931918
564159.155881278 6532691.43177288
564107.44102658 6532648.29989768
564075.650826021 6532622.18731637
564055.519707256 6532604.37043177
564021.202816612 6532562.79227359
564001.328810858 6532563.85691876
563992.237274459 6532563.93259276
563973.221675052 6532560.09432624
563970.10792294 6532558.12197175
563943.083224292 6532540.36246545
563934.935029824 6532533.73607624
563912.803279402 6532515.63610236
563867.653925727 6532481.04214514
563858.562486016 6532469.12818659
563851.494138882 6532460.19479664
563835.251176994 6532429.35678186
563813.813245903 6532374.5827475
563795.555511441 6532341.7632325
563784.291266029 6532308.88550839
563875.181658704 6532305.13157934
563891.13350394 6532301.00226117
563930.113858476 6532302.67607931
563952.02685125 6532294.50059951
564008.798321917 6532272.94629375
564025.782506879 6532272.80492431
564061.816389891 6532280.59799198
564075.903272805 6532280.48073797
564120.661689379 6532268.1185552
564136.571944415 6532258.99390152
564148.427695829 6532242.90904587
564192.860143828 6532179.39382508
564226.430917124 6532131.35570472
564257.960203466 6532090.1287003
564298.754956957 6532057.71687928
564320.593913476 6532040.64970382
564341.324834602 6532010.503075
564381.629562522 6531931.2358746
564404.25880304 6531889.08381953
564409.187605925 6531881.04970865
564415.098842095 6531871.00914914
564439.875943839 6531846.82365501
564486.486823995 6531828.95079794
564487.682379991 6531828.54119199
564498.654674923 6531826.3516745
564516.981819759 6531819.50491216
564533.513966828 6531813.07274533
564548.483370736 6531810.94986906
564567.59886775 6531814.78729318
564579.512747421 6531817.6855281
564614.455220072 6531814.39725901
564632.396045512 6531809.15232758
564645.309914942 6531800.152526
564658.173043082 6531785.05842052
564663.026979987 6531768.0327135
564666.740437696 6531734.03119816
564677.414107058 6531695.97520458
564694.223601237 6531674.85343763
564718.942465972 6531643.67447862
564721.406034113 6531639.55751663
564758.406136728 6531583.39785756
564795.055599475 6531545.12563963
564814.828936824 6531531.97228369
564837.857523439 6531525.78577691
564851.794580892 6531519.67494992
564891.524516333 6531479.37881775
564894.009711436 6531477.85942745
564943.143285358 6531450.97334152
564957.155293035 6531441.86448416
564963.91577416 6531425.82204447
564961.493394735 6531374.88631524
564928.718012378 6531038.45064214
564925.96372936 6530947.65220937
564908.795810859 6530913.72462289
564895.508369914 6530889.85599626
564873.287626991 6530861.06605947
564846.171362672 6530844.30649176
564823.034736642 6530825.51552673
564811.828705494 6530799.6313053
564801.489481781 6530757.85362695
564799.15694772 6530717.70782919
564801.963663247 6530694.80428164
564811.696479173 6530663.75008933
564814.610587689 6530641.74486982
564803.354648247 6530609.86625977
564785.679977637 6530539.07483385
564797.32774597 6530498.01335946
564763.833606633 6530435.24678652
564745.626615922 6530408.52162873
564726.569454965 6530399.68805454
564681.59474828 6530398.06416339
564630.642268809 6530398.48829935
564584.518767127 6530378.8895481
564544.364810851 6530344.25408887
564521.261381516 6530341.449
564485.25333664 6530336.75306035
564443.500424694 6530362.07897153
564438.455175413 6530356.12616177
564423.227839077 6530339.26762931
564406.21964831 6530324.52210284
564380.109956147 6530308.65337555
564344.01041506 6530292.96771613
564349.863418197 6530275.93371252
564338.698991379 6530255.0448236
564325.544746705 6530235.17163228
564313.314708936 6530206.29853964
564276.016473377 6530166.64363551
564242.930777545 6530152.9311569
564211.760039739 6530129.2113957
564186.567075336 6530103.44360803
564129.412254842 6530078.94099804
564085.345964995 6530066.4189641
564066.238075648 6530051.4910872
564024.877039015 6530003.87692597
564019.96487671 6530013.90915447
564009.058306789 6530023.99127856
563979.302529061 6530050.21644333
563956.398825418 6530059.39929302
563932.462782879 6530064.59419854
563881.335551909 6530056.02755389
563861.420829378 6530052.19677901
563847.450513338 6530054.3113301
563828.55971566 6530065.45904421
563810.734526068 6530084.59096178
563795.922343222 6530105.59615548
563763.403077465 6530159.91998973
563733.806155642 6530205.22729289
563700.235416444 6530253.26533516
563683.39348719 6530270.49071411
563677.54889001 6530276.53416693
563654.620130213 6530294.7094299
563625.764429793 6530309.03740102
563599.846048003 6530316.14715614
563523.800327118 6530314.78184137
563498.956799453 6530318.98515866
563473.055883098 6530328.19294803
563460.201073469 6530344.28609124
563453.3830907 6530365.42457366
563439.227962112 6530465.35591542
563433.757639332 6530516.35730267
563422.018237111 6530558.41866025
563416.165220154 6530575.45266259
563413.234552996 6530583.47013119
563327.87091627 6530771.01879288
563316.065071681 6530793.09801675
563306.298949516 6530820.15593736
563303.493038303 6530843.15938898
563308.105613534 6530917.15688057
563320.616577071 6531099.79450737
563326.327197049 6531185.67257943
563331.047065961 6531272.55803803
563340.09589825 6531399.37287498
563349.143900406 6531526.08781707
563352.63265318 6531585.10767076
563358.368228484 6531673.98297149
563352.481029652 6531794.92734773
563339.458749872 6531922.92506887
563336.877399931 6531972.90332853
563328.02532431 6532109.75866389
563319.149958476 6532243.81662659
563324.51957878 6532288.73304258
563330.821731913 6532325.64861232
563333.127606322 6532362.59744438
563331.469638574 6532403.47589852
563335.882708623 6532441.50624378
563341.194840794 6532491.51873779
563346.596899737 6532540.33152203
563348.786334491 6532563.29342574
    Pen (1,2,0)
    Brush (1,0,16777215)
Region 1
  604
560334.168722996 6535862.55757214
560366.054609495 6535900.1596518
560415.842702054 6535867.87251458
560451.534812207 6535834.60380602
560493.021719842 6535777.30744986
560525.741563592 6535747.06090325
560550.043709147 6535785.82525813
560582.088889302 6535794.55089631
560611.527897458 6535838.26822143
560641.749528779 6535879.98074866
560661.139499493 6535928.77740814
560667.583208242 6535970.68779502
560617.612857766 6535981.09503303
560626.245941231 6536057.95721135
560709.059994697 6536044.17933106
560721.557112746 6536105.12298229
560734.736377313 6536127.99360656
560753.610618927 6536114.84768993
560773.617025957 6536117.67864168
560803.955211129 6536161.38848727
560850.31183412 6536208.96161162
560862.250795828 6536202.86740508
560890.424471891 6536226.61239855
560938.76260813 6536272.17074551
561002.894586218 6536294.61737072
561033.699385399 6536286.36788508
561083.894343421 6536302.93562315
561121.859191762 6536290.62998055
561130.767576079 6536292.55413555
561205.82280923 6536306.91670669
561221.733105394 6536297.79201942
561251.705287145 6536297.54260275
561311.516551867 6536281.05858507
561329.691190488 6536303.88763351
561358.772442798 6536316.63448903
561374.157832145 6536364.46532726
561390.093166687 6536346.34814098
561409.80002107 6536325.20213987
561468.153860215 6536373.67454651
561495.095549986 6536369.45377041
561498.217550236 6536384.41493692
561522.261847515 6536392.20798958
561561.357955754 6536407.76901355
561677.168071679 6536516.91082943
561589.334025159 6536599.77135628
561581.005867729 6536607.53406602
561481.813990133 6536694.28585836
561445.039621111 6536717.57218758
561455.196726435 6536737.47052997
561474.287175855 6536762.29024753
561497.597857191 6536789.97236076
561516.747453113 6536809.89578308
561525.922124526 6536831.80058853
561537.169811751 6536862.68043415
561551.323211664 6536882.54552034
561584.35917508 6536890.26374404
561598.470981571 6536905.13345842
561634.846071189 6536953.88869177
561621.222743434 6536973.68519363
561607.203945483 6536993.98455865
561635.377647787 6537017.7295422
561663.551350971 6537041.47452531
561684.75649917 6537068.27493185
561707.801734943 6537076.07629593
561728.765635035 6537073.90354451
561753.64263841 6537061.70679126
561796.370687441 6537033.47509535
561814.219989993 6537029.23006157
561832.328172072 6537032.07679246
561902.512947042 6537049.47728283
561917.314362052 6537027.17311458
561933.001631974 6537003.2629447
561949.653034403 6536975.14834869
561975.853630779 6536989.9174523
561982.180834266 6537029.83053632
562105.707416502 6537105.73655615
562296.698305594 6536884.33547593
562317.480008986 6536860.28299329
562370.522396201 6536870.83212183
562444.936243465 6536808.16600524
562495.181151274 6536830.72813044
562521.564557595 6536903.44601189
562577.362975006 6536873.00731771
562598.717129604 6536905.70140767
562569.361336937 6536991.97197229
562610.597954819 6537012.61078082
562634.71707087 6537041.38520123
562664.597752281 6537030.14593208
562663.174381683 6536979.20146571
562730.395872054 6536892.71566559
562716.101023463 6536855.86633801
562694.804344466 6536818.07614278
562635.900527248 6536703.56500299
562604.36436898 6536635.98564997
562583.892059064 6536577.20659139
562537.909650371 6536454.59477786
562537.092921205 6536452.50337487
562524.606395702 6536416.83797624
562488.806902909 6536317.22162568
562523.674615291 6536304.94172182
562458.095033367 6536108.65637243
562620.67764308 6536075.3307026
562617.497395656 6536053.3760311
562542.433841176 6536038.01446991
562529.038243733 6535989.16796386
562581.248651557 6535899.80974722
562556.247541494 6535789.11299659
562626.174289735 6535787.53188655
562595.029138915 6535634.92229924
562607.933051551 6535624.72356824
562586.154692267 6535529.08706749
562563.767447902 6535480.31541194
562528.933864634 6535496.69150315
562478.030266874 6535503.01008326
562481.885864035 6535366.09550542
562401.901858738 6535359.7671635
562413.982981592 6535250.760123
562427.911754334 6535243.65020868
562452.530745905 6535212.47191623
562432.54106037 6535199.64942914
562439.26834309 6535167.62089594
562504.033313723 6535146.09991815
562537.111576315 6535038.91643529
562553.63822659 6534983.82608823
562615.608064145 6534998.59722371
562638.733214022 6535003.99996163
562727.851114096 6535027.33760268
562860.860791655 6535042.21689536
562911.581222834 6534893.92179404
562907.227313237 6534850.9951131
562922.987906993 6534823.88722835
563013.911749913 6534824.12963387
563088.907832467 6534831.39864607
563154.930567816 6534840.94044062
563152.474989488 6534786.00831143
563145.065638076 6534736.11310149
563241.3424672 6534779.27385324
563313.092651565 6534756.69565507
563326.805189378 6534723.60998761
563312.161133541 6534644.80000811
563375.511016146 6534693.33039789
563420.884267648 6534742.80971712
563441.264927616 6534790.59869041
563447.267574608 6534803.53751852
563458.481928817 6534830.42089567
563502.923686389 6534864.02168207
563525.052976183 6534881.82197502
563550.104580426 6534902.595434
563576.129536698 6534908.2737617
563612.105274546 6534909.07338725
563655.781565996 6534874.73907355
563770.459537154 6534727.91049057
563831.835419453 6534779.35479217
563887.675209212 6534777.89087933
563907.005630846 6534771.53533152
563918.663162628 6534767.64157829
563942.308082292 6534739.4689197
563975.877366744 6534679.24125532
564004.451195075 6534631.04482189
564024.257955023 6534609.8980735
564037.679353131 6534541.84501429
564049.327185016 6534500.78342979
564076.669038455 6534424.62140939
564094.395305428 6534393.60052052
564106.570118293 6534355.83170645
564107.957173328 6534354.421369
564137.704827569 6534315.20740825
564170.482871628 6534291.95441982
564188.207470831 6534260.7337189
564208.997489194 6534237.68042797
564249.410060743 6534219.35957748
564251.799513864 6534218.34055123
564146.390479536 6534158.37048546
564081.025815195 6534107.8586469
564077.004577357 6534104.89470661
564058.829157196 6534081.96592386
564156.381295066 6534038.29095993
564245.964979569 6533997.57981423
564251.184917534 6534024.5130652
564238.438211374 6534053.59413962
564324.82413157 6534108.82676513
564328.837052083 6534110.79163682
564467.232909305 6534172.58529751
564553.402576965 6534201.84214686
564576.622530749 6534218.63419822
564599.218445321 6534184.47544651
564650.812466765 6534141.08308118
564580.67125689 6533996.89196819
564588.621402962 6533991.73019267
564601.42632753 6533969.64259028
564563.378535935 6533947.97828357
564551.231549617 6533941.08543515
564586.090899842 6533927.80648713
564627.011220789 6533922.47018285
564653.086885523 6533934.24277329
564667.140425515 6533942.11888763
564697.986854067 6533926.87506621
564722.755673348 6533901.69046467
564704.256664798 6533839.89795965
564682.876900358 6533792.11735333
564736.510635757 6533753.70370171
564768.772044036 6533788.40494634
564788.911509993 6533807.22090477
564815.886424996 6533806.99636244
564830.822578876 6533800.87721042
564892.764976006 6533800.36159195
564898.400846506 6533877.24822286
564960.293336801 6533870.73819504
565009.263619824 6533872.22891443
565075.219773386 6533873.77806376
565131.417305521 6533903.28436632
565157.185270807 6533866.10179556
565156.985624569 6533842.1241702
565155.878327924 6533841.13425079
565146.695361856 6533818.23054334
565114.700136163 6533815.49947233
565078.70030836 6533811.80259923
565039.611764494 6533797.14093037
565036.306767296 6533760.20037646
565096.026420022 6533732.72655524
565164.513105614 6533678.20305653
565198.622930406 6533694.904439
565299.887615639 6533617.12792956
565367.232977206 6533665.52501613
565406.996990815 6533641.31462786
565378.722782614 6533593.49151781
565389.388046872 6533566.42604107
565413.357425849 6533565.22736943
565476.055994971 6533655.52696437
565420.59967077 6533715.03760484
565414.804896779 6533739.06512927
565388.154415385 6533778.25332256
565352.495656375 6533815.51823212
565311.890620846 6533858.71922505
565326.302783771 6533897.66550755
565354.434745962 6533928.40457033
565375.248862218 6533908.248562
565357.847885537 6533858.33665324
565373.50933921 6533831.32949432
565398.852221177 6533863.09090945
565429.723595715 6533850.84427467
565401.583232916 6533831.09579171
565388.453059476 6533814.11985261
565383.400305259 6533807.26786957
565575.947270221 6533652.79704311
565616.351007441 6533705.41494731
565641.377692629 6533711.20142803
565655.406279581 6533716.08032797
565698.016927656 6533673.761855
565674.322864168 6533588.03333531
565661.726728362 6533515.20121075
565651.603709583 6533379.4028916
565619.425476465 6533354.69235161
565600.226842883 6533328.87462313
565585.998605939 6533300.01810798
565580.578987677 6533249.10725978
565552.488549172 6533235.35319294
565532.340761666 6533215.53818647
565509.870397649 6533156.77619145
565482.229987837 6533077.07537256
565473.121890756 6533063.16328448
565460.891800275 6533034.29014007
565426.532425173 6532987.6167597
565407.125586749 6532972.79126885
565363.183377964 6532939.18643446
565345.083651089 6532925.34919849
565266.607139576 6532860.05948426
565211.242347465 6532810.56355588
565162.746187586 6532758.0130413
565129.55227268 6532731.31268491
565089.206647529 6532709.6675425
565090.680296969 6532706.65786689
565092.940724619 6532702.14293765
565095.301059256 6532697.62717675
565097.563982439 6532693.41196759
565099.82441004 6532688.89703838
565102.084837623 6532684.38210918
565104.345265191 6532679.86717999
565106.607356455 6532675.55206418
565108.86778399 6532671.03713501
565111.128211509 6532666.52220585
565113.389470868 6532662.10718338
565115.551655066 6532657.79289927
565117.812082536 6532653.27797014
565120.07250999 6532648.76304102
565122.332937428 6532644.24811191
565124.593364849 6532639.73318281
565126.85545597 6532635.41806708
565129.115883359 6532630.903138
565131.376310731 6532626.38820893
565133.341176382 6532622.37530828
565135.6040993 6532618.16009928
565137.864526626 6532613.64517024
565140.125785794 6532609.23014788
565142.385381228 6532604.61531218
565144.645808505 6532600.10038316
565146.907067624 6532595.68536085
565149.168326728 6532591.27033853
565151.428753956 6532586.75540955
565153.689181167 6532582.24048058
565155.952103943 6532578.02527166
565158.212531122 6532573.5103427
565160.372219429 6532568.89633875
565162.633478437 6532564.4813165
565164.895569289 6532560.16620093
565167.155996403 6532555.65127202
565169.516330495 6532551.13551145
565171.676850583 6532546.62141423
565174.038016502 6532542.20556035
565176.300107275 6532537.89044483
565178.460627315 6532533.37634764
565180.820961323 6532528.86058712
565183.081388323 6532524.34565827
565185.344310894 6532520.13044947
565187.603905999 6532515.51561397
565189.86433295 6532511.00068516
565192.024852894 6532506.48658803
565194.287775403 6532502.27137926
565196.548202306 6532497.75645048
565198.807797328 6532493.14161503
565201.069056062 6532488.72659294
565203.329482915 6532484.21166419
565205.591573481 6532479.8965488
565207.852000302 6532475.38162006
565210.112427106 6532470.86669134
565212.372853895 6532466.35176263
565214.635776261 6532462.13655395
565216.796296031 6532457.62245692
565219.056722771 6532453.10752824
565221.317149495 6532448.59259957
565223.579239934 6532444.27748425
565225.839666625 6532439.7625556
565228.1000933 6532435.24762696
565230.360519958 6532430.73269833
565232.229637329 6532427.22016309
565234.490063958 6532422.70523448
565236.750490571 6532418.19030588
565239.010917167 6532413.67537728
565241.273839348 6532409.4601687
565243.533434044 6532404.84533346
565245.794692459 6532400.43031157
565248.05511899 6532395.91538301
565250.31720924 6532391.6002678
565252.577635739 6532387.08533927
565254.838062221 6532382.57041075
565257.099320555 6532378.1553889
565259.261503763 6532373.8411054
565261.521930197 6532369.32617691
565263.782356614 6532364.81124843
565266.042783015 6532360.29631995
565268.3032094 6532355.78139149
565270.565299507 6532351.46627637
565272.82572586 6532346.95134792
565275.086152196 6532342.43641949
565277.346578515 6532337.92149107
565279.609500429 6532333.70628264
565281.870758587 6532329.2912609
565284.130352987 6532324.67642585
565286.290872267 6532320.16232914
565288.552962247 6532315.84721409
565290.813388469 6532311.33228573
565293.17372165 6532306.8165257
565295.33673648 6532302.60214902
565297.597162653 6532298.08722068
565299.857588811 6532293.57229236
565302.119678696 6532289.25717737
565304.380104821 6532284.74224906
565306.640530929 6532280.22732077
565308.903452639 6532276.01211246
565311.063971744 6532271.49801587
565313.324397805 6532266.9830876
565326.692963003 6532240.59452819
565325.891211629 6532240.30146169
565326.388250852 6532239.99758331
565290.414337625 6532227.4081985
565309.038042164 6532196.18004165
565314.825323681 6532171.25338459
565313.54424908 6532137.39334737
565296.085066993 6532080.48803854
565272.806993884 6532044.71293379
565238.505882834 6532005.03304863
565219.133417264 6531958.33485477
565177.263923776 6531861.66733436
565069.680618803 6531888.54042845
564976.38451437 6531843.35682516
564976.31879849 6531835.46420178
564970.232879222 6531824.52437259
564959.142463019 6531812.52715345
564996.068970977 6531567.53150865
565000.838885732 6531540.41523586
565002.720565149 6531526.41167825
565026.348778072 6531376.24479249
565042.442939389 6531377.20986709
565143.382183168 6531380.36614571
565197.373502769 6531384.91237129
565226.363141426 6531386.66931674
565281.95130835 6531391.00241892
565285.349806749 6531391.1739549
565306.172200219 6531372.01704874
565323.431301647 6531344.89672426
565331.815244214 6531331.83817428
565346.668178556 6531315.72836705
565354.644092678 6531313.66370026
565363.519168834 6531311.59154823
565413.721430266 6531329.05815056
565469.246668072 6531157.84373383
565467.445848513 6531157.55898465
565466.944650324 6531157.36332998
565403.183342916 6531143.40666595
565367.183590215 6531139.7098117
565332.241137832 6531142.9980999
565267.351576703 6531149.53308945
565240.376718422 6531149.75764337
565224.391617218 6531149.8907121
565198.382553176 6531146.11068538
565159.302408494 6531132.44811842
565127.083396892 6531114.83180881
564928.718012378 6531038.45064214
564961.493394735 6531374.88631524
564963.91577416 6531425.82204447
564957.155293035 6531441.86448416
564943.143285358 6531450.97334152
564894.009711436 6531477.85942745
564891.524516333 6531479.37881775
564851.794580892 6531519.67494992
564837.857523439 6531525.78577691
564814.828936824 6531531.97228369
564795.055599475 6531545.12563963
564758.406136728 6531583.39785756
564721.406034113 6531639.55751663
564718.942465972 6531643.67447862
564694.223601237 6531674.85343763
564677.414107058 6531695.97520458
564666.740437696 6531734.03119816
564663.026979987 6531768.0327135
564658.173043082 6531785.05842052
564645.309914942 6531800.152526
564632.396045512 6531809.15232758
564614.455220072 6531814.39725901
564579.512747421 6531817.6855281
564567.59886775 6531814.78729318
564548.483370736 6531810.94986906
564533.513966828 6531813.07274533
564516.981819759 6531819.50491216
564498.654674923 6531826.3516745
564487.682379991 6531828.54119199
564486.486823995 6531828.95079794
564439.875943839 6531846.82365501
564415.098842095 6531871.00914914
564409.187605925 6531881.04970865
564404.25880304 6531889.08381953
564381.629562522 6531931.2358746
564341.324834602 6532010.503075
564320.593913476 6532040.64970382
564298.754956957 6532057.71687928
564257.960203466 6532090.1287003
564226.430917124 6532131.35570472
564192.860143828 6532179.39382508
564148.427695829 6532242.90904587
564136.571944415 6532258.99390152
564120.661689379 6532268.1185552
564075.903272805 6532280.48073797
564061.816389891 6532280.59799198
564025.782506879 6532272.80492431
564008.798321917 6532272.94629375
563952.02685125 6532294.50059951
563930.113858476 6532302.67607931
563891.13350394 6532301.00226117
563875.181658704 6532305.13157934
563784.291266029 6532308.88550839
563795.555511441 6532341.7632325
563813.813245903 6532374.5827475
563835.251176994 6532429.35678186
563851.494138882 6532460.19479664
563858.562486016 6532469.12818659
563867.653925727 6532481.04214514
563912.803279402 6532515.63610236
563934.935029824 6532533.73607624
563943.083224292 6532540.36246545
563970.10792294 6532558.12197175
563973.221675052 6532560.09432624
563992.237274459 6532563.93259276
564001.328810858 6532563.85691876
564021.202816612 6532562.79227359
564055.519707256 6532604.37043177
564075.650826021 6532622.18731637
564107.44102658 6532648.29989768
564159.155881278 6532691.43177288
564181.309264713 6532712.12931918
564198.510551311 6532738.06359307
564209.641725596 6532754.95625439
564210.865563258 6532757.9434759
564216.776619774 6532771.88217979
564219.931869403 6532790.83950312
564217.10933405 6532811.84485647
564210.332107257 6532837.87880877
564191.690805637 6532878.99855769
564154.424834305 6532963.23619234
564152.468282824 6532968.2481594
564121.388036998 6533075.41444636
564113.774120458 6533096.9592536
564110.681067443 6533109.4742037
564099.890919679 6533133.54329012
564090.091524149 6533156.6049938
564078.226613683 6533171.59088526
564022.745293336 6533228.10424278
563996.985721022 6533254.296202
563967.163324392 6533272.52888619
563931.854834339 6533231.85818097
563885.40675924 6533185.28537749
563830.042104943 6533123.7997449
563762.46394266 6533047.42872585
563654.831486887 6532960.40059354
563624.618175331 6532931.67711657
563572.242339177 6532881.15710736
563537.98284686 6532846.47249065
563509.709459886 6532810.73891444
563447.917822934 6532709.34133508
563399.355304454 6532636.80859725
563369.000614274 6532591.10098727
563348.786334491 6532563.29342574
563351.991372693 6532600.23478041
563374.868261788 6532815.85776114
563398.619369679 6533028.47609075
563404.20524312 6533099.36827712
563404.230194752 6533102.36547846
563402.415032641 6533124.36158589
563396.537051266 6533138.39841794
563387.720078953 6533159.45366623
563286.412713916 6533352.1310499
563246.490864912 6533429.39683268
563178.253212097 6533561.85080403
563087.860708905 6533745.44515075
563081.469046785 6533757.7877301
563018.032825243 6533878.91151451
562944.076728212 6533864.53997949
562919.94090046 6533857.74689701
562835.661320312 6533815.48544405
562686.042832667 6533737.7988502
562649.976590492 6533714.11973011
562624.924970379 6533705.33599152
562594.92789592 6533702.58823136
562527.948459278 6533710.13962116
562472.117032907 6533712.60254599
562405.095291528 6533703.0690435
562368.775795835 6533696.97683069
562354.068663897 6533694.60138597
562337.461634202 6533692.04192523
562243.022110354 6533677.54108214
562162.954238957 6533661.12218368
562141.866473387 6533648.40881582
562119.720705351 6533616.62074238
562069.218188691 6533563.0876512
562045.556504659 6533601.2517572
562012.869917858 6533635.4944227
561997.984481106 6533647.70785343
561993.71675148 6533651.14043426
561974.163956314 6533666.7897714
561973.173201597 6533667.79715315
561957.089710731 6533680.12046754
561923.53567136 6533706.17743046
561849.054422454 6533760.75064206
561793.46403912 6533804.17613964
561776.588656272 6533829.39490744
561715.64344855 6533937.70894685
561674.282038052 6534010.0909176
561672.308011846 6534013.00484206
561591.589970997 6534158.55141693
561558.112179656 6534217.77909416
561479.36813944 6534360.41175764
561393.770283273 6534519.88697067
561345.463192487 6534718.11815361
561342.674698295 6534743.21970746
561353.695713996 6534866.92113018
561364.268534544 6534936.77279548
561366.517071534 6534966.82826223
561362.72792006 6534991.73843273
561303.482376427 6535076.15938399
561289.620149442 6535091.26187074
561273.718185024 6535101.38561981
561263.760740201 6535105.46504863
561217.95316589 6535123.83079138
561202.067837877 6535135.95268621
561149.466403826 6535178.35437724
561120.692961353 6535202.57322613
561094.791955997 6535211.78103719
561015.79040062 6535203.44614779
560991.97895624 6535235.61684434
560974.261936074 6535255.74711951
560939.510693913 6535282.01399444
560878.825082091 6535325.48209528
560854.122873068 6535346.66963818
560840.260639191 6535361.77212529
560832.46770303 6535385.81639203
560836.597085388 6535401.7683117
560857.693970908 6535427.57046824
560863.671593833 6535449.50186421
560777.302593116 6535456.31532113
560660.592398644 6535491.05749341
560591.28869677 6535567.4690989
560589.200626901 6535568.68544494
560579.308059174 6535580.55764488
560494.444607466 6535660.1960677
560334.168722996 6535862.55757214
    Pen (1,2,0)
    Brush (1,0,16777215)
Region 1
  523
558448.870207486 6535295.85060788
558463.098393884 6535228.68971966
558478.709369063 6535171.60866343
558477.302778747 6535122.66239285
558478.21144946 6534991.76721398
558512.139722326 6534866.59259964
558556.206869485 6534879.21459487
558573.215997114 6534882.07043145
558627.623010317 6534936.57014251
558645.431684796 6534915.44001855
558638.255298862 6534893.51872319
558657.021474871 6534867.38494168
558635.974645529 6534847.57737461
558632.678005352 6534823.62551157
558570.486274549 6534794.1690412
558580.294222001 6534760.11672636
558395.117012086 6534731.68392019
558359.136182676 6534610.1885403
558525.271879756 6534643.675616
558594.324074785 6534657.08878214
558624.337732346 6534661.8346486
558649.764852636 6534595.67993034
558706.887849575 6534496.2898564
558665.834694114 6534473.6514082
558637.511435404 6534443.91303928
558611.153208289 6534398.17211731
558602.944502285 6534372.26287333
558562.982349447 6534252.59911717
558685.478952004 6534192.83024235
558849.476421527 6534101.44292704
558839.302828673 6534079.54659373
558878.916280495 6534049.24275024
558890.930194682 6534040.15051603
559041.707918158 6533909.00766284
559207.596355576 6533792.72607792
559365.384129491 6533663.52313689
559608.806387827 6533739.4295101
559816.22893236 6533811.63897233
560068.759272433 6533901.45736321
560055.18803421 6533951.52718385
560039.45236508 6533981.63228534
560022.818232203 6534023.83442403
560001.24529096 6534072.87180911
559986.699922577 6534125.94715597
559978.13233984 6534176.97446804
559967.408641873 6534209.03612551
559954.587030557 6534229.12560234
559912.917124155 6534264.44228565
559879.323048837 6534297.69346697
559871.406021351 6534318.84116703
559866.700848119 6534353.75022386
559852.421532606 6534438.79575857
559923.823375609 6534362.36685435
559967.92281436 6534390.87481158
560135.442216149 6534350.51391953
560147.388165151 6534465.31525659
560131.727323474 6534504.41198366
560100.247659556 6534563.62314582
560073.272779954 6534563.84770318
560053.532510464 6534592.98701831
560037.712365935 6534732.99795725
560041.699140987 6534839.87248452
560026.628492647 6534961.89273159
560061.912016299 6534999.56641541
560071.08663949 6535021.47117345
560092.308328496 6535050.2696416
560121.364538485 6535060.01918358
560114.72123203 6535102.138385
560120.938664504 6535116.87393601
560143.027171045 6535129.77882359
560163.941007636 6535133.60129278
560191.981513849 6535141.36100438
560211.063661358 6535153.19186142
560235.182840836 6535157.98678858
560255.139198036 6535166.81293998
560299.256325773 6535185.42938388
560330.269090043 6535190.16692194
560370.206941064 6535186.83701891
560334.531548522 6535222.1040004
560310.762647709 6535247.38035089
560293.09463798 6535285.39493853
560275.360914935 6535315.51684693
560250.600427426 6535341.70068094
560236.871392919 6535360.79868234
560201.27159462 6535417.14694606
560168.62584288 6535456.28536398
560172.063813125 6535521.20102445
560169.29127818 6535536.21124694
560152.447654771 6535553.23697786
560128.537248422 6535573.51879416
560097.907191765 6535602.74892008
560104.441445644 6535667.53889776
560115.789722393 6535710.50748755
560133.914395962 6535727.34203658
560168.057470126 6535748.03981003
560211.109000499 6535758.67199324
560260.080092771 6535760.26260972
560269.09668164 6535763.1849781
560283.183485444 6535775.05742516
560282.300867177 6535789.05277467
560280.444132378 6535806.05366262
560290.809149239 6535850.92881303
560307.818303591 6535853.78464542
560320.738845267 6535845.58402645
560334.168722996 6535862.55757214
560494.444607466 6535660.1960677
560579.308059174 6535580.55764488
560589.200626901 6535568.68544494
560591.28869677 6535567.4690989
560660.592398644 6535491.05749341
560777.302593116 6535456.31532113
560863.671593833 6535449.50186421
560857.693970908 6535427.57046824
560836.597085388 6535401.7683117
560832.46770303 6535385.81639203
560840.260639191 6535361.77212529
560854.122873068 6535346.66963818
560878.825082091 6535325.48209528
560939.510693913 6535282.01399444
560974.261936074 6535255.74711951
560991.97895624 6535235.61684434
561015.79040062 6535203.44614779
561094.791955997 6535211.78103719
561120.692961353 6535202.57322613
561149.466403826 6535178.35437724
561202.067837877 6535135.95268621
561217.95316589 6535123.83079138
561263.760740201 6535105.46504863
561273.718185024 6535101.38561981
561289.620149442 6535091.26187074
561303.482376427 6535076.15938399
561362.72792006 6534991.73843273
561366.517071534 6534966.82826223
561364.268534544 6534936.77279548
561353.695713996 6534866.92113018
561342.674698295 6534743.21970746
561345.463192487 6534718.11815361
561393.770283273 6534519.88697067
561479.36813944 6534360.41175764
561558.112179656 6534217.77909416
561591.589970997 6534158.55141693
561672.308011846 6534013.00484206
561674.282038052 6534010.0909176
561715.64344855 6533937.70894685
561776.588656272 6533829.39490744
561793.46403912 6533804.17613964
561849.054422454 6533760.75064206
561923.53567136 6533706.17743046
561957.089710731 6533680.12046754
561973.173201597 6533667.79715315
561974.163956314 6533666.7897714
561993.71675148 6533651.14043426
561997.984481106 6533647.70785343
562012.869917858 6533635.4944227
562045.556504659 6533601.2517572
562069.218188691 6533563.0876512
562119.720705351 6533616.62074238
562141.866473387 6533648.40881582
562162.954238957 6533661.12218368
562243.022110354 6533677.54108214
562337.461634202 6533692.04192523
562354.068663897 6533694.60138597
562368.775795835 6533696.97683069
562405.095291528 6533703.0690435
562472.117032907 6533712.60254599
562527.948459278 6533710.13962116
562594.92789592 6533702.58823136
562624.924970379 6533705.33599152
562649.976590492 6533714.11973011
562686.042832667 6533737.7988502
562835.661320312 6533815.48544405
562919.94090046 6533857.74689701
562944.076728212 6533864.53997949
563018.032825243 6533878.91151451
563081.469046785 6533757.7877301
563087.860708905 6533745.44515075
563178.253212097 6533561.85080403
563246.490864912 6533429.39683268
563286.412713916 6533352.1310499
563387.720078953 6533159.45366623
563396.537051266 6533138.39841794
563402.415032641 6533124.36158589
563404.230194752 6533102.36547846
563404.20524312 6533099.36827712
563398.619369679 6533028.47609075
563374.868261788 6532815.85776114
563351.991372693 6532600.23478041
563348.786334491 6532563.29342574
563346.596899737 6532540.33152203
563341.194840794 6532491.51873779
563335.882708623 6532441.50624378
563331.469638574 6532403.47589852
563333.127606322 6532362.59744438
563330.821731913 6532325.64861232
563324.51957878 6532288.73304258
563319.149958476 6532243.81662659
563328.02532431 6532109.75866389
563336.877399931 6531972.90332853
563339.458749872 6531922.92506887
563352.481029652 6531794.92734773
563358.368228484 6531673.98297149
563352.63265318 6531585.10767076
563349.143900406 6531526.08781707
563340.09589825 6531399.37287498
563331.047065961 6531272.55803803
563326.327197049 6531185.67257943
563320.616577071 6531099.79450737
563308.105613534 6530917.15688057
563303.493038303 6530843.15938898
563306.298949516 6530820.15593736
563316.065071681 6530793.09801675
563327.87091627 6530771.01879288
563413.234552996 6530583.47013119
563416.165220154 6530575.45266259
563422.018237111 6530558.41866025
563433.757639332 6530516.35730267
563439.227962112 6530465.35591542
563453.3830907 6530365.42457366
563460.201073469 6530344.28609124
563473.055883098 6530328.19294803
563498.956799453 6530318.98515866
563523.800327118 6530314.78184137
563599.846048003 6530316.14715614
563625.764429793 6530309.03740102
563654.620130213 6530294.7094299
563677.54889001 6530276.53416693
563683.39348719 6530270.49071411
563700.235416444 6530253.26533516
563733.806155642 6530205.22729289
563763.403077465 6530159.91998973
563795.922343222 6530105.59615548
563810.734526068 6530084.59096178
563828.55971566 6530065.45904421
563847.450513338 6530054.3113301
563861.420829378 6530052.19677901
563881.335551909 6530056.02755389
563932.462782879 6530064.59419854
563956.398825418 6530059.39929302
563979.302529061 6530050.21644333
564009.058306789 6530023.99127856
564019.96487671 6530013.90915447
564024.877039015 6530003.87692597
563992.690605753 6529978.16734886
563984.373672546 6529939.27034713
563970.994859227 6529892.42240757
563943.145725263 6529907.64122443
563935.944309017 6529882.7228156
563912.807619128 6529875.92145853
563876.033606311 6529875.22841669
563837.919217511 6529869.55086049
563789.914057917 6529863.95562934
563750.068623054 6529878.37507258
563706.291792347 6529900.62048291
563699.389809761 6529911.66840556
563672.573009848 6529930.87516037
563648.34585866 6529901.10279222
563620.089167788 6529867.36742781
563606.876716726 6529840.50078259
563593.539505414 6529798.64816698
563560.362335955 6529773.94596435
563502.982975457 6529722.46858888
563485.05797834 6529729.61172134
563446.594370018 6529669.983833
563416.131623267 6529611.28848699
563377.468408511 6529527.68305368
563354.933864672 6529497.19720828
563336.948355547 6529473.06795636
563299.083698043 6529473.38311094
563234.011136662 6529469.9281847
563219.424446611 6529506.01840466
563199.784096674 6529547.14635617
563155.283494769 6529602.46909498
563150.667823004 6529600.10959041
563074.008875948 6529561.08201456
563039.466507922 6529612.42524557
563024.405641661 6529603.55839265
562952.222541912 6529562.09563664
562902.703413853 6529506.65620398
562876.370035435 6529463.91262477
562834.109797351 6529428.29553851
562858.787078251 6529392.121343
562838.265138482 6529327.34846048
562758.023713932 6529290.04921923
562672.002948766 6529410.66117689
562676.282091811 6529432.60650262
562695.530506934 6529464.41858025
562723.945181174 6529517.13617753
562655.591688251 6529587.64442459
562627.234158985 6529661.81633423
562589.07723112 6529759.04988265
562528.533403782 6529795.52258472
562465.650243524 6529815.02947754
562366.085273881 6529856.92251057
562365.384765365 6529892.79724902
562353.046395034 6529970.93229854
562344.786627119 6530058.92483571
562348.535131759 6530113.14662034
562349.322633176 6530123.73088806
562346.483440758 6530142.7380655
562324.878181803 6530187.87891041
562215.68132215 6530140.92916183
562133.39920476 6530110.54086764
562062.465378621 6530111.13119648
561985.404086873 6530095.7863699
561898.302221355 6530074.53029346
561861.254378928 6530064.94718159
561763.128675363 6530039.68638868
561642.19999526 6530023.70747331
561615.150202613 6530026.92998103
561578.251216527 6530035.23012197
561565.146795361 6530033.34090704
561508.091938079 6530008.83735774
561440.846709421 6529972.42900078
561304.28683067 6530119.13923867
561303.990436507 6530119.54135879
561289.333953239 6530135.24981644
561289.135802754 6530135.45129219
561288.145881883 6530136.55857745
561228.825586722 6530199.99766668
561187.347148009 6530246.30300315
561086.398475341 6530362.04348208
561026.214754029 6530429.78603389
561022.057749646 6530434.51655724
560991.336094468 6530464.74623381
560966.466655769 6530477.84201484
560919.627693075 6530492.31957298
560904.799782698 6530499.4369014
560883.794279319 6530508.60390411
560856.019932682 6530532.81424728
560833.257556949 6530558.98115295
560814.499768799 6530586.11386982
560779.01558743 6530644.3589382
560760.299372509 6530676.48698213
560742.565594815 6530706.6085825
560649.835035395 6530741.35078191
560581.181316924 6530763.80310269
560547.513286282 6530788.16239855
560505.768470111 6530826.47687121
560422.486958767 6530904.1032182
560396.75230608 6530933.29225862
560380.90024568 6530949.41031656
560224.045313574 6531070.61195769
560198.244182154 6531091.80857325
560158.663147955 6531137.99835831
560127.051366116 6531181.32422574
560096.520964137 6531234.53252767
560161.234522162 6531326.91336692
560239.135516889 6531443.16366963
560230.31007675 6531475.20946114
560212.775991386 6531517.31910099
560180.222506008 6531567.54685409
560139.626460502 6531623.83637066
560100.162775268 6531672.12338007
560091.320832007 6531690.18141994
560083.602675286 6531723.21713419
560068.299394417 6531805.27362307
560059.651180074 6531846.60990596
560056.595512205 6531863.62064451
560050.206905357 6531900.34209602
560048.869738763 6531907.74682942
560001.499257608 6532182.50378109
559953.926604175 6532216.87041105
559942.803560734 6532224.95608976
559886.358323664 6532261.69459013
559836.435560958 6532277.79659802
559779.588465499 6532290.25944272
559750.598868525 6532288.50249047
559720.609372342 6532286.65394747
559686.525495871 6532273.04968519
559626.331164968 6532243.47677365
559527.857847057 6532188.44480065
559425.512421665 6532124.35291982
559466.480311708 6532244.80739942
559457.522789191 6532248.97841914
559428.182627061 6532325.15696455
559405.94318899 6532414.16525883
559381.532678845 6532482.40960457
559348.671517116 6532495.67190877
559304.737466151 6532499.03502422
559214.729751009 6532500.78338135
559189.419376186 6532556.94567408
559135.960079967 6532628.32931699
559087.263471421 6532659.70787685
559060.3717698 6532669.9230791
559067.85659474 6532728.90971679
559138.572043166 6532822.13997061
559089.958565906 6532863.509205
559015.203032961 6532885.11331682
559004.471150277 6532904.1862344
558999.450725843 6532913.22024915
558958.204980109 6532987.4996505
558898.086146144 6532979.00783775
558892.700891534 6532932.19317357
558881.244741387 6532876.23699041
558878.006439381 6532847.28899617
558876.957488944 6532841.30291038
558861.896641572 6532832.43604684
558853.970747492 6532828.50547486
558837.960571246 6532837.63096364
558808.137336975 6532855.76373921
558803.109429118 6532863.89859269
558749.066997949 6532961.26463385
558766.392018139 6533002.08501381
558769.513927474 6533017.04607244
558720.842236442 6533051.42183057
558610.61917666 6533121.27968502
558584.56011587 6533123.4948603
558556.552944191 6533119.73143188
558516.872860513 6533154.03234423
558475.27791776 6533186.35092169
558442.599623283 6533221.59269138
558576.846486943 6533397.2225444
558482.999904451 6533525.99307418
558461.078584343 6533533.1694913
558439.365097772 6533565.32259553
558324.964141699 6533505.32745774
558245.646987036 6533459.02821423
558181.857055131 6533477.64352539
558122.027500635 6533503.91922332
558079.600561067 6533556.32737032
557920.100056452 6533491.71188229
557904.339557104 6533506.83010704
557929.815054321 6533566.56627641
557937.240810351 6533618.45958225
557931.628793354 6533664.46658295
557835.809620333 6533676.25458945
557817.342709135 6533738.35477199
557691.343641381 6533725.41553274
557695.605926125 6533757.35243792
557744.826315953 6533788.91516332
557753.059939808 6533817.82160596
557757.288975023 6533845.76224199
557753.591960492 6533881.76194197
557747.913433183 6533919.7764088
557745.248738537 6533959.7640669
557728.746705933 6534017.85135981
557632.079606966 6533927.73443563
557607.928058461 6533919.04312488
557612.254622992 6534066.77948509
557645.307865554 6534076.59567388
557678.467512009 6534099.1999314
557706.599393499 6534117.94939905
557711.752682739 6534136.89011456
557695.325461251 6534203.96902691
557559.601662543 6534223.08310128
557555.820528443 6534260.98187187
557563.272351983 6534291.99302075
557529.328775812 6534307.26258418
557530.668818961 6534336.22641279
557525.098192113 6534399.21842722
557482.129892606 6534398.57690362
557449.135662609 6534395.85409284
557453.639008373 6534456.76399251
557408.539567175 6534440.15400523
557377.293942802 6534419.43216681
557350.319223757 6534407.66701903
557314.311160519 6534402.97101315
557282.374187522 6534407.23336062
557246.457561317 6534413.52710293
557223.487275901 6534414.71741126
557192.408061226 6534401.98728264
557150.398100941 6534396.44199945
557124.42977617 6534397.5573434
557095.548197373 6534408.78821961
557068.757182922 6534419.10247315
557032.756441846 6534427.29527088
557007.887764087 6534440.49102341
556899.562729131 6534510.33302197
556857.010194663 6534547.65524203
556829.094269844 6534566.87117754
556814.224595459 6534580.98285145
556806.406592635 6534602.02980248
556816.738084826 6534642.90846064
556820.94216596 6534667.85191241
556821.108408011 6534687.83328052
556811.259016859 6534704.90058853
556840.024073367 6534691.67241013
556874.86699124 6534664.40572362
556906.729162146 6534651.15176921
556945.643005283 6534644.83309075
557003.60566918 6534646.34898038
557063.283695252 6534625.86956563
557105.169968009 6534604.53908208
557136.016440929 6534589.29530104
557146.956332459 6534583.20942911
557160.801996673 6534566.10886149
557170.7178812 6534557.03409933
557203.703802135 6534558.75784883
557260.884347868 6534586.35772492
557296.100326753 6534615.93884875
557329.186830567 6534629.75132201
557377.207842143 6534637.24484725
557414.173418958 6534636.93719517
557446.218460796 6534645.66273197
557444.594387603 6534690.63743833
557451.887128477 6534726.5456958
557484.114218934 6534757.15083052
557543.442546794 6534802.71729974
557591.730403527 6534842.28091573
557621.968504483 6534874.00165486
557636.362805607 6534922.839601
557647.642688527 6534957.6156272
557677.889106249 6534990.33543608
557727.210299811 6535021.99728919
557814.436979264 6535070.22928295
557872.549367033 6535089.72846301
557947.803958291 6535128.06867089
558054.187739054 6535185.13349069
558079.38903612 6535211.90058299
558105.231795935 6535195.6992116
558231.647973493 6535138.69505158
558257.474097075 6535120.49553152
558293.423878551 6535130.18773568
558332.678801065 6535152.84128052
558274.548691932 6535251.24107313
558304.670495803 6535268.9749259
558272.240926895 6535334.08919489
558298.325700179 6535346.96085176
558279.700979492 6535390.07900032
558328.696897883 6535406.65661786
558361.25038409 6535356.42853658
558421.66982311 6535280.98995501
558448.870207486 6535295.85060788
    Pen (1,2,0)
    Brush (1,0,16777215)
Region 1
  33
587234.517697772 6505661.54285719
587672.648100568 6506286.33129266
588699.540568194 6506801.09788467
589227.487494026 6507820.38826977
589939.984971986 6508062.92117729
590312.697486691 6508163.61804986
591434.352038007 6507582.1559691
591761.645930675 6507592.01132055
591563.967258562 6507262.45423772
592249.584051247 6505900.32403168
593338.434005428 6505710.08879472
593669.207167053 6505514.39596784
593860.955713778 6505181.38671643
593556.777373648 6504481.54800454
594023.900806639 6503911.34616732
594167.596077099 6503602.81739183
594738.61919007 6502756.39121653
594627.752277608 6502401.53222156
594232.92449476 6501793.87146485
593148.050334334 6501682.04121188
594662.454869993 6500275.12444123
594694.631274937 6499904.68333827
592789.500894053 6498621.54954311
590859.163683846 6498735.28617964
590265.003145053 6498257.77521874
589661.79992236 6499163.11296459
589779.099107756 6499917.86387847
589032.085142252 6500770.85022263
589130.972777177 6501139.09787323
589172.692938977 6501900.27511322
588238.1180138 6503073.44535497
588233.587565307 6505272.63961095
587234.517697772 6505661.54285719
    Pen (1,2,0)
    Brush (1,0,16777215)
Region 1
  15
542971.125478716 6566058.55581402
543984.475470035 6565578.3260615
544704.160477204 6565709.32881463
545555.323056694 6565010.13029502
547892.709600189 6565736.67744755
548248.098139554 6565615.02195598
548509.577477307 6564570.21868929
548596.089855103 6564208.20130361
548289.554219192 6563572.58329306
547724.111294713 6563078.00178828
545957.377716347 6562475.00525295
544910.661914417 6562595.31343187
543402.537126403 6564145.36459262
542881.644532689 6565703.39662486
542971.125478716 6566058.55581402
    Pen (1,2,0)
    Brush (1,0,16777215)
Region 1
  27
566659.876252201 6581473.53766162
566714.179439185 6581850.77283679
568019.655082389 6583630.61983122
567533.239858608 6584623.15455462
567650.567784046 6584985.57744356
568830.597356716 6586471.51537894
568026.892687191 6587242.3799494
570145.282130856 6587438.0577507
570201.403968024 6588176.98160568
571043.484357308 6588772.76977501
570354.498322416 6589581.05055702
572508.303826048 6590201.08082528
572834.335935442 6590404.69464264
573955.222557604 6589950.51877791
574192.452103499 6589713.93424469
572858.464697231 6588374.36108107
571792.303885511 6588082.29300151
571609.268758663 6587748.59395964
571661.160011791 6585500.71261801
571211.477305492 6584452.12789604
571249.612194481 6583693.43620589
570949.755640465 6583465.32541193
570206.197188058 6582618.02671296
569157.468758492 6582618.5716759
568213.358864773 6581445.61242472
567925.492809967 6581612.8734747
566659.876252201 6581473.53766162
    Pen (1,2,0)
    Brush (1,0,16777215)
Region 1
  22
528949.108864718 6511432.05111148
530683.952130389 6515340.40870522
530763.302739664 6515728.20828566
531034.987094496 6515706.77015594
531307.481020826 6515698.61356036
532987.825766134 6514965.79809195
534431.786443203 6514944.61841638
535286.074441506 6514202.37377319
535801.118446447 6513214.56466064
536095.680060543 6512976.32560712
535944.680689145 6512238.72736379
536331.693284383 6511655.52293218
534892.472563179 6510466.62665179
534874.759454187 6509729.32173826
534488.580657964 6509715.14296141
533754.750282864 6509874.59991131
531914.811638608 6509398.80353532
531182.301394741 6509645.07179959
530871.297882818 6509852.47285846
530097.62365313 6510652.39648611
529368.327085492 6510816.50953679
528949.108864718 6511432.05111148
    Pen (1,2,0)
    Brush (1,0,16777215)
Region 1
  22
541075.367404813 6577190.0832122
541773.016664403 6577109.54657133
543305.785683033 6575601.34243934
545055.25693027 6574980.30045258
545280.844811492 6574677.17433965
545058.206895901 6574362.08786735
544170.378299878 6572684.26589314
544502.435889437 6571991.87765784
544419.901620963 6570862.50232176
544058.793996755 6570284.78693334
543488.694932155 6568966.32671442
541985.224695688 6568854.42709233
541786.239196437 6569592.96780825
541234.11408867 6570014.90950302
541218.575710256 6571150.09538212
540693.298310489 6571688.71718382
540735.765693784 6572842.50658803
540303.525414755 6573911.71538681
540774.305286315 6575374.28868989
540666.554224976 6576138.352897
541050.683756161 6576805.10662755
541075.367404813 6577190.0832122
    Pen (1,2,0)
    Brush (1,0,16777215)
Region 1
  18
550747.620041367 6572423.5534802
550950.034670969 6572721.62130666
551606.163136074 6573030.70357068
553368.608283103 6572648.35004452
554140.962554314 6575515.74238916
554028.636480497 6575873.38112624
555416.101407465 6576223.34139923
557132.722260989 6574873.36820167
556804.722554833 6574672.76550947
556416.858766327 6574014.64074827
556219.146750509 6572493.94954493
556443.488870937 6571777.67719896
555055.519705596 6571294.63351632
554843.14234234 6570208.30532928
554335.554640958 6569631.01110363
553951.868311166 6569654.18539388
553728.508496963 6569960.58932134
550747.620041367 6572423.5534802
    Pen (1,2,0)
    Brush (1,0,16777215)
Region 1
  23
561199.108786369 6566691.51182514
562426.562976069 6568068.44055487
563046.840052583 6571053.08555387
563750.154134137 6571364.86599675
563700.349896626 6572881.81954564
564070.98750624 6573546.67891249
565933.583197272 6573456.33250336
566442.526972131 6572613.49113323
567473.126216512 6572284.8745048
568417.55275077 6572610.03198325
569198.3343186 6571355.76516458
568862.022123557 6571152.938559
567961.39736688 6570400.87208844
566715.293229358 6568454.08102345
565505.864405635 6567466.28248545
564027.953957658 6567064.93202171
563866.611207912 6566348.17278251
564582.871321719 6566043.65763946
564587.450384946 6565717.89068376
563806.326150141 6565180.84714531
563191.644057762 6565564.84914446
563035.537707895 6566279.85449011
561199.108786369 6566691.51182514
    Pen (1,2,0)
    Brush (1,0,16777215)
Region 1
  18
596897.782488921 6508867.94254705
597998.712691561 6509382.38207669
598198.634004655 6509106.85231193
600029.33334357 6509119.92839923
600370.913875604 6507454.73721833
602549.395477177 6506940.26585342
602926.688607165 6506979.17484869
602877.194035606 6506603.81980256
602656.406692397 6505900.28745954
600615.109914498 6505171.10830335
599574.17612135 6505464.05699187
598435.998793894 6504628.81433238
598164.103895423 6504887.8598326
597904.312743958 6505567.43291874
598466.375701402 6505897.540375
598375.531000709 6507737.17852269
597318.269846711 6507857.71529015
596897.782488921 6508867.94254705
    Pen (1,2,0)
    Brush (1,0,16777215)
Region 1
  17
547690.297051081 6568836.97746637
547981.807789123 6570344.29762228
548711.635270988 6570540.86140105
549451.809278706 6570335.87262812
550282.006936059 6571091.0357481
550235.381260225 6571851.49180118
550747.620041367 6572423.5534802
553728.508496963 6569960.58932134
553951.868311166 6569654.18539388
554872.143619171 6568219.72058383
553639.665593231 6567558.52958724
553263.566553759 6567568.85148223
552547.230870449 6566712.32806665
550452.681844011 6567251.91139674
548263.758563884 6566908.71246303
548128.646338277 6567229.86895582
547690.297051081 6568836.97746637
    Pen (1,2,0)
    Brush (1,0,16777215)
Region 1
  26
533995.440546149 6504905.87578358
535033.747086294 6507759.63352913
535107.263283958 6509261.10147625
534933.665548148 6509603.9424947
536933.883177149 6508639.16516266
537642.393508217 6508884.5547876
538079.539542143 6508287.34347134
538418.299077685 6508126.26681902
539034.619147979 6507196.35828773
540889.38237757 6506993.50362532
541143.030328618 6506713.73970342
540897.675970973 6506007.50494032
541630.558762098 6504700.96076713
542722.419130386 6504933.36871019
542839.814436637 6504572.61079553
542223.746868988 6502574.50671738
542020.370763709 6502904.30693839
539959.676561762 6503574.06050424
537796.294805456 6502767.07162521
536679.615453916 6502878.36140457
536204.771070972 6502268.84929398
535827.644439056 6502357.90411576
535570.074352706 6502610.82055815
534881.316524772 6503445.00578967
534577.4927417 6504480.61538083
533995.440546149 6504905.87578358
    Pen (1,2,0)
    Brush (1,0,16777215)
Region 1
  20
553146.189540774 6563491.03129877
553248.261841843 6563858.07481777
555194.195738538 6564898.30800942
555523.131563415 6565571.70784834
554851.610442216 6567313.6459062
555457.112629468 6567758.73495051
556361.687451528 6566574.69070212
557353.294990852 6566003.41100313
558094.441804567 6566107.55316508
558623.322822882 6566662.28716186
560816.006310623 6566676.71503886
561199.108786369 6566691.51182514
560983.103726526 6566393.35925534
560339.577576272 6564010.70509601
560020.655656945 6563808.03039355
558432.620256022 6562923.99366594
557686.509633958 6563027.42016315
556886.464440639 6561501.5578093
556518.265048851 6561488.4345274
553146.189540774 6563491.03129877
    Pen (1,2,0)
    Brush (1,0,16777215)
Region 1
  11
580190.416545298 6524793.61071456
580883.68011848 6524478.09885862
583902.390409628 6524733.87797076
585052.840036192 6523793.88605011
582866.585816449 6521618.9340053
582554.267366376 6521392.43845152
581818.219241944 6521573.32503629
581151.128274418 6522906.43265392
580056.087320037 6523194.62125136
579665.057468706 6524228.58578474
580190.416545298 6524793.61071456
    Pen (1,2,0)
    Brush (1,0,16777215)
Region 1
  149
572020.754389374 6522783.50999194
572021.319684107 6522791.39840498
572061.848240717 6522799.05379909
572076.284724834 6522732.99098757
572082.471388453 6522756.01933578
572122.317280615 6522729.71001503
572116.747564152 6522672.80604191
572223.330710309 6522633.9511755
572274.449297209 6522653.50788727
572327.191380656 6522640.07980264
572351.743259372 6522696.8256313
572378.45982506 6522665.63003872
572432.375799166 6522661.18433432
572552.804257162 6522605.22889176
572595.589822155 6522691.89660076
572617.826402071 6522722.58443939
572706.326539679 6522683.88018783
572782.096969271 6522664.2654478
572887.388814864 6522590.351841
573067.012416405 6522456.07098036
573066.37967716 6522488.04839135
573095.685451196 6522527.76939766
573088.883513877 6522550.80604604
573087.010275157 6522565.80859463
573086.119445971 6522578.80469932
573088.27575143 6522597.77019279
573090.290523428 6522611.74121847
573158.33487513 6522612.17341731
573170.631647908 6522649.03875363
573159.783515426 6522666.1143396
573162.997161698 6522692.06493146
573172.355032248 6522735.94866325
573185.675844089 6522775.80285969
573197.922665807 6522806.67383907
573218.228579142 6522845.47070937
573232.415244737 6522869.33162021
573266.441591554 6522876.04202585
573293.791720671 6522920.87489741
573344.234314271 6522979.20344399
573361.435648186 6522993.14785385
573354.483852785 6523010.19098167
573433.051689321 6523086.46935623
573405.177890695 6523098.69115705
573506.591798727 6523278.7886107
573472.781077438 6523297.95387725
573269.938374018 6523415.54301833
573129.037435387 6523532.61605585
573036.674207751 6523599.32818646
572998.10127297 6523646.50877493
572916.878392104 6523731.21235378
572799.746725342 6523823.10910138
572718.431407998 6523896.72309556
572654.949340017 6523952.20416337
572613.496574877 6524013.49648268
572547.924796816 6524058.00452085
572500.286177324 6524096.36836943
572440.600537927 6524127.83866656
572362.189947276 6524202.32766641
572370.482977018 6524226.33762798
572376.6430127 6524246.16901073
572401.545470983 6524237.06928442
572413.575838862 6524241.96471297
572436.863117043 6524278.83845779
572468.024679439 6524301.45894472
572490.070643363 6524309.26832491
572506.371990395 6524335.10991878
572519.567913923 6524371.96782416
572542.746141154 6524395.75386536
572554.734879984 6524407.6435567
572540.265109227 6524445.73108059
572527.552850351 6524490.89779304
572522.71487404 6524521.81124554
572539.932037423 6524537.65390389
572619.782090967 6524527.99648538
572676.787751266 6524522.62582012
572792.711433475 6524537.54621699
572803.026703405 6524684.33254716
572793.018592818 6524694.30732553
572786.325695137 6524730.43172042
572872.361615888 6524743.70276867
572952.394838866 6524756.02469128
572991.841163814 6524693.74991528
573036.324422994 6524636.42883103
573031.162603415 6524616.48921381
573073.9391222 6524606.14151215
573081.357166033 6524525.15009053
573093.171078287 6524504.06991087
573080.890941263 6524469.20263652
573134.815322562 6524465.75597185
573174.328232147 6524531.36941791
573194.784032512 6524576.15988864
573249.207945512 6524512.76119207
573333.194946629 6524531.94415126
573327.634340073 6524584.04521179
573307.994445692 6524625.17322178
573375.114784486 6524634.60530946
573410.29843765 6524672.27915545
573419.590555503 6524696.28079872
573392.88229636 6524740.46509883
573388.244157262 6524783.36647412
573399.857440863 6524858.1046519
573471.67421454 6524843.61837009
573522.584773752 6524838.19853926
573594.592256746 6524978.47611663
573615.58921929 6524968.30985925
573540.958342087 6524765.00895477
573545.363351458 6524694.13384568
573498.057735336 6524652.56447448
573440.819777039 6524606.08220128
573451.267457812 6524552.9412896
573475.711996193 6524488.89314521
573487.151243069 6524434.84475785
573559.042084717 6524417.26054795
573594.850175249 6524517.87444011
573665.575497436 6524612.20262575
573684.807460671 6524642.01632332
573654.759875749 6524753.07033463
573638.434395572 6524832.23764504
573652.421321459 6524952.01687693
573682.28501601 6525058.67512666
573692.883384803 6525011.62764117
573727.434277683 6524961.3831927
573769.261691133 6524945.04858648
573793.205889498 6524940.8525588
573816.808718008 6524895.69498555
573871.801295124 6524912.52176136
573896.700418715 6524891.03280125
574236.764515644 6524730.33656387
574000.367766245 6523255.49109467
574509.770953217 6522733.59725728
575986.277766339 6523835.42286335
576895.131570576 6523217.57788239
576292.201614708 6522791.47912608
576351.15581373 6521725.41590298
576722.74675432 6521715.22451713
576126.946174898 6520765.92301095
576083.625068459 6519656.15282192
574894.159518589 6518852.47712318
574980.963294832 6517723.24023597
574605.935046666 6517800.40085675
573871.407122185 6518007.74588858
573233.266935902 6517120.74406369
572185.322405746 6516669.67836266
571699.645895593 6517221.04564705
571869.119700268 6518350.84389067
572326.797363404 6518959.69506014
572284.141885641 6520087.66530311
571331.01845154 6520668.60558841
572020.754389374 6522783.50999194
    Pen (1,2,0)
    Brush (1,0,16777215)
Region 1
  34
596101.575080723 6518810.78902282
596341.850156203 6518868.82904505
597393.429084291 6517743.91640228
598354.693385569 6518270.91637553
600117.550456252 6517564.88739947
601364.163082449 6518462.27527279
603943.413261519 6518988.93505976
604768.610437955 6518201.81678724
604392.419321346 6516788.30009571
605033.083321553 6516360.71272477
605287.420279446 6515662.29536922
604760.779692216 6514239.04896471
606097.50272818 6513556.76037306
606191.291447846 6513182.60356698
605483.553851934 6511824.41848504
605494.354565605 6509960.06559832
605264.174091606 6508921.70500516
604587.549178891 6507268.92229808
603862.770558925 6507207.14156145
603729.948166932 6506867.55219937
602926.688607165 6506979.17484869
602549.395477177 6506940.26585342
600370.913875604 6507454.73721833
600029.33334357 6509119.92839923
598198.634004655 6509106.85231193
598666.315703139 6510517.89961711
599768.538927852 6511581.64612499
599891.277049498 6514206.91736017
599607.144717861 6514460.37199859
598747.175880838 6515115.6912243
598145.885384941 6516082.67468107
597005.164533825 6516319.60813397
596090.424950186 6518420.7226444
596101.575080723 6518810.78902282
    Pen (1,2,0)
    Brush (1,0,16777215)
Region 1
  256
569576.79285797 6525771.28532306
569611.626877518 6525766.99867444
569658.657791328 6525763.60957132
569695.639777861 6525765.2998194
569722.65609897 6525770.07046316
569825.467676558 6525890.10907751
569838.022406775 6525945.95588083
569849.136943208 6525960.85028374
569872.240241678 6525975.64483364
569891.313996388 6525986.47641845
569881.639584759 6526036.5135799
569898.881700705 6526055.3534745
569928.67883189 6526034.12353064
569913.568039615 6526019.26241183
569909.521849842 6526013.30132208
569910.437687176 6526003.30237729
569913.359974102 6525994.28585268
569914.425653461 6525990.28045002
569910.212976492 6525976.32769375
569909.189777422 6525973.43873408
569881.29791375 6525863.56673893
569851.3105547 6525742.02236759
569851.210683881 6525730.03362164
569854.116325383 6525719.01897461
569888.992306353 6525599.83185478
569900.839614617 6525570.758369
569916.658171981 6525550.64398931
569939.436879779 6525526.47511313
569943.106780695 6525523.2473262
570010.84509078 6525462.93507796
570048.493221418 6525424.65451423
570114.906105176 6525361.15608284
570131.71539587 6525340.03431937
570145.560788565 6525322.93376767
570197.911906794 6525238.57070347
570270.768865202 6525121.06551534
570271.750449739 6525118.95916412
570294.331054546 6525071.01261745
570303.155326873 6525050.85658288
570521.225652385 6525082.01150834
570523.323684043 6525081.99403278
570540.223657634 6525083.75161338
570647.257370975 6525098.9460812
570677.270868841 6525103.69173631
570679.268994272 6525103.67509269
570776.286281829 6525115.85567739
570778.284407284 6525115.83903363
570804.443153419 6525137.602025
570833.624059202 6525162.33723621
570877.857496012 6525194.94011351
570909.91071655 6525216.65400516
570935.078752163 6525227.43480477
570936.390851496 6525229.02248529
570999.285128068 6525258.87217873
571026.358876212 6525270.53632117
571048.414004363 6525279.4447
571065.431367843 6525283.29947279
571075.538550238 6525285.21354379
571085.412625427 6525283.13303117
571096.353207409 6525277.14702239
571100.323655499 6525274.01664183
571128.164236626 6525257.79863095
571138.13072643 6525254.81812993
571144.115947468 6525253.66922895
571169.084195074 6525252.46211333
571216.115063214 6525261.06252913
571258.167265403 6525271.70267857
571284.159547739 6525273.48442465
571313.14985118 6525275.34110967
571331.16461369 6525278.98774456
571355.142122773 6525278.78800981
571400.075812868 6525275.51622613
571482.731644938 6525254.84506232
571540.644011916 6525238.37653794
571575.552942778 6525231.09181818
571597.516509403 6525229.01050605
571600.521189625 6525229.88469443
571586.101456123 6525178.0499851
571573.795537321 6525152.07516959
571564.796497885 6525139.26134032
571562.773400098 6525136.28079941
571542.009682121 6525042.53542892
571540.985647232 6525039.54656575
571524.442950174 6524960.7530071
571488.027360454 6524799.19712105
571472.076598058 6524731.48899952
571227.99623013 6524888.28762255
571221.044411365 6524893.34118687
571053.093472495 6525001.64724153
571052.102733506 6525002.65462541
571038.816554927 6524727.10504999
571030.931658005 6524620.1638135
571028.767060957 6524600.19922782
571026.669052952 6524588.22713425
571023.580306355 6524577.26242441
571016.521114042 6524569.42809372
571004.489916717 6524564.43274575
570975.492140982 6524561.67690257
570912.517925859 6524558.20494759
570890.505262684 6524554.39178682
570874.471158407 6524548.63047685
570862.398344581 6524538.63982069
570850.318039851 6524527.75000925
570844.190491236 6524511.81495877
570837.979708236 6524485.8892946
570829.871514943 6524472.06891749
570817.798702328 6524462.07826167
570797.792489092 6524459.24751734
570697.869654076 6524446.09202072
570701.366450117 6524410.09418981
570708.359937048 6524386.05680074
570714.153690824 6524373.91905976
570722.96294203 6524363.95428785
570799.957584398 6524239.42074795
570842.534393678 6524181.11651994
570877.201890153 6524156.84861216
570959.499758597 6524081.22829212
570967.433988081 6524074.16828717
570919.553933141 6524083.55929971
570871.707171402 6524096.94655489
570836.831565537 6524108.22749947
570798.9928995 6524123.62955978
570752.220107038 6524146.00003871
570704.472388554 6524171.27611534
570650.773577613 6524201.79723984
570617.945197527 6524218.95599581
570605.023978437 6524227.05666946
570580.138985511 6524238.25438874
570547.278142841 6524251.51680451
570497.466538542 6524268.91693462
570469.567711454 6524278.14149486
570448.645671625 6524285.30967995
570429.71343243 6524291.46216006
570400.723988489 6524289.7053675
570388.776859892 6524294.80053386
570381.792581281 6524295.95775303
570367.813204066 6524296.97341172
570351.553522349 6524276.12710599
570341.546286509 6524262.22263424
570335.402100482 6524244.28946352
570334.228255282 6524223.31750133
570332.088640246 6524206.35010559
570329.949025269 6524189.38271006
570323.813162805 6524172.44860142
570314.730052878 6524161.53382444
570310.717159388 6524159.56898891
570297.654448191 6524150.68562072
570237.461048367 6524121.21308669
570197.407022955 6524110.55627903
570159.276184362 6524102.88084247
570110.388769965 6524099.2915214
570071.4336818 6524100.61512095
570069.43555816 6524100.63176392
570037.457257175 6524099.89899006
570008.567725161 6524098.14135799
569977.48025726 6524096.40203243
569963.47674648 6524094.52041022
569957.36582406 6524092.57304882
569951.42059106 6524086.52787309
569929.150770674 6524051.84371602
569856.44432189 6523959.53018935
569838.30391475 6523940.79772305
569812.194318088 6523924.92919777
569787.001354966 6523911.15121085
569754.049001712 6523901.43437295
569720.006003721 6523892.72574859
569703.807057112 6523891.1621494
569696.053455149 6523907.91220273
569691.237838099 6523953.51264715
569703.498722624 6523986.08208267
569715.860346262 6524018.75059292
569719.544317924 6524041.20033906
569726.497692964 6524072.31528779
569723.452923444 6524114.60385841
569708.143901223 6524135.91293004
569684.9863986 6524162.58276246
569647.290066278 6524183.07916734
569631.963527154 6524214.27977509
569617.763419151 6524248.76813147
569634.910516124 6524292.18739915
569679.609292695 6524320.68997372
569692.131579135 6524360.65080678
569683.710181438 6524405.18225469
569655.061954884 6524444.38695429
569653.178605167 6524482.16977469
569646.626332122 6524511.19913423
569616.922447182 6524543.61853989
569591.761777989 6524581.69514996
569568.708292422 6524620.85325359
569539.901932531 6524641.07579004
569467.154149219 6524711.72075134
569458.376469361 6524737.47151737
569426.356420651 6524767.71212548
569386.37478354 6524765.74712051
569346.331522162 6524768.37862887
569305.235063503 6524776.5141266
569267.711011987 6524805.70152798
569257.880129416 6524836.9562844
569248.120857588 6524864.81340037
569219.442686918 6524888.43190861
569186.083153347 6524889.80878891
569143.702140956 6524875.6743639
569092.347086704 6524851.72328365
569037.582783511 6524814.31233141
569017.11207805 6524791.70264052
568998.20562066 6524800.95219053
568977.258596895 6524805.12316842
568959.283794924 6524806.27200016
568941.358923553 6524813.41519989
568923.467338984 6524824.55464492
568911.57012881 6524835.64416658
568903.727420436 6524853.6938359
568898.890221008 6524872.71760524
568894.102951785 6524897.73574337
568892.321237195 6524911.73841245
568898.31556688 6524923.67805882
568906.382962818 6524932.60304783
568916.440162237 6524940.51233436
568943.57296477 6524959.26984811
568953.655130034 6524970.17631907
568955.736473016 6524980.15029294
568954.812306467 6524989.15016701
568955.086925267 6525022.1191971
568949.675073872 6525092.10342912
568949.708360977 6525096.09967544
568945.811139317 6525108.02179042
568937.919331088 6525120.17699984
568918.162764083 6525147.3180733
568883.702406634 6525196.46257177
568870.806915646 6525219.64989396
568867.951196194 6525236.65890366
568869.100049662 6525254.63369347
568869.116693069 6525256.63181685
568872.205420321 6525267.59653413
568880.340224326 6525284.6139257
568893.493643751 6525304.38708801
568904.608161356 6525319.28148895
568922.707797798 6525333.11858496
568938.759378282 6525340.97795133
568952.779546063 6525344.85771152
568968.781196188 6525346.72270704
568986.780972196 6525348.57106135
569025.744425795 6525348.24656052
569047.773741041 6525354.05787896
569069.811378403 6525360.86825888
569101.831280043 6525378.58594442
569104.920053249 6525377.56108875
569208.531328909 6525341.72857872
569254.355070041 6525325.36083772
569377.881016489 6525281.36940568
569371.128513425 6525430.29618412
569371.344889221 6525456.27179321
569376.497492927 6525475.11245925
569389.66839987 6525496.98365116
569474.530069176 6525621.16828157
569576.79285797 6525771.28532306
    Pen (1,2,0)
    Brush (1,0,16777215)
Region 1
  499
567147.181223856 6525205.02819583
567164.789396256 6525267.82682621
567189.499120274 6525355.5446019
567258.167409058 6525334.89032021
567268.258727453 6525346.89578041
567337.011112252 6525324.34244585
567349.70576094 6525349.01519131
567378.655019972 6525405.92443669
567311.800915671 6525416.47239754
567322.257499537 6525472.33666584
567300.122120087 6525525.77465432
567314.78916775 6525535.34410249
567373.966938856 6525562.82703611
567409.567158667 6525518.56884953
567488.651334803 6525536.89384959
567521.304279981 6525498.65498697
567472.19120438 6525479.98052368
567429.008387842 6525465.55294427
567438.665441549 6525413.41781274
567473.682615145 6525419.12102978
567538.405401195 6525404.59428345
567657.393371173 6525523.4992419
567651.4738705 6525532.54071042
567617.039194343 6525584.78224793
567607.074284486 6525599.95210053
567558.643489334 6525663.20070738
567513.169112416 6525721.52895585
567455.680994725 6525776.95984303
567463.690152423 6525778.89141772
567514.758933994 6525792.45403272
567517.905897238 6525810.41219161
567568.508132127 6525887.9230906
567579.764101919 6525919.8015692
567605.648257757 6525908.59559968
567656.375009298 6525893.08633788
567673.509771363 6525899.0383648
567687.463394398 6525894.92565346
567713.330075386 6525881.62165177
567715.611939911 6525915.67302896
567721.806024556 6525939.60060493
567722.080607136 6525972.56965295
567818.132275965 6525988.75509683
567908.089708761 6525993.0017028
567938.069140533 6525993.65128918
567958.241870363 6526004.47375954
567980.312796941 6526015.28040993
568004.158794857 6526011.28513317
568016.179176284 6526014.98173276
568083.891658833 6525987.54121942
568107.844219006 6525984.34435847
568112.673115828 6525964.32151732
568100.150977407 6525900.38147546
568186.953829264 6525885.77068834
568202.146975471 6525910.5225359
568223.094854515 6525906.4514765
568225.676292203 6525976.46909009
568234.766884828 6525988.28305059
568217.898469372 6526002.31145215
568298.181411215 6526032.61595585
568301.087848706 6526033.69079648
568302.270082535 6526031.68268822
568314.883350177 6526010.59588755
568368.099995248 6526042.12491979
568411.251116248 6526064.74559115
568416.346289469 6526076.69273778
568415.488687887 6526093.6851157
568419.643046771 6526112.63401834
568439.832351265 6526137.44417477
568459.572935343 6526156.36319197
568464.592385326 6526159.21887248
568478.004801939 6526162.10457094
568499.02679492 6526154.93558194
568526.859063006 6526149.70814071
568565.7975798 6526146.38647036
568605.735160007 6526143.05647872
568594.379316445 6526099.18925984
568589.750583175 6526035.28338902
568590.517527254 6525995.41165499
568583.165428725 6525952.41031637
568581.72532888 6525899.46834327
568573.666299358 6525879.55283022
568573.524834968 6525862.5687746
568624.285623882 6525851.15559519
568622.096103178 6525828.19380774
568622.937058408 6525809.20330833
568629.880572712 6525803.15069465
568648.796203609 6525795.00011438
568686.610342414 6525896.59659944
568708.498200003 6525885.42387089
568710.089402686 6525836.55309342
568733.083670543 6525838.25994543
568736.6633711 6525908.1693329
568775.626843919 6525907.84484213
568772.429102883 6525883.79240545
568774.244154175 6525861.79639816
568783.061802588 6525840.84111741
568803.834091882 6525815.68983849
568816.572265573 6525785.60981195
568807.405941389 6525764.70439176
568793.285909389 6525748.83588368
568792.078805378 6525723.86765335
568832.082943424 6525728.53014982
568841.699100559 6525683.48915575
568859.565734636 6525669.35252112
568855.161719201 6525620.43176621
568895.165853896 6525625.09425994
568933.096966826 6525620.78183575
568982.908653889 6525603.38175927
569034.618603549 6525573.97629655
569053.925355359 6525612.78162271
569133.101834214 6525642.19606402
569133.41723547 6525680.06051441
569137.563240067 6525709.99992534
569146.871086052 6525735.8998216
569165.053951734 6525759.72754086
569258.682992321 6525712.98771324
569252.447231918 6525696.05441428
569242.248548948 6525671.16106982
569231.133191236 6525656.16676047
569222.050080414 6525645.25196417
569201.945651337 6525630.63225944
569173.846220978 6525615.77940105
569160.783502387 6525606.89601126
569153.68187501 6525593.96644988
569153.540401831 6525576.98239651
569157.103912621 6525524.99789322
569211.053318463 6525524.54857847
569221.077237224 6525528.46161952
569270.039649953 6525529.05296771
569273.036839181 6525529.02800558
569328.035241007 6525534.56473713
569405.096253096 6525549.90902866
569417.184876475 6525561.79792266
569430.414000622 6525602.65212598
569435.692311079 6525624.58905424
569447.789257784 6525637.47701082
569473.823155956 6525644.25410342
569485.903419446 6525667.13351264
569500.847403109 6525769.91958532
569551.842074754 6525774.59043809
569576.79285797 6525771.28532306
569474.530069176 6525621.16828157
569389.66839987 6525496.98365116
569376.497492927 6525475.11245925
569371.344889221 6525456.27179321
569371.128513425 6525430.29618412
569377.881016489 6525281.36940568
569254.355070041 6525325.36083772
569208.531328909 6525341.72857872
569104.920053249 6525377.56108875
569101.831280043 6525378.58594442
569069.811378403 6525360.86825888
569047.773741041 6525354.05787896
569025.744425795 6525348.24656052
568986.780972196 6525348.57106135
568968.781196188 6525346.72270704
568952.779546063 6525344.85771152
568938.759378282 6525340.97795133
568922.707797798 6525333.11858496
568904.608161356 6525319.28148895
568893.493643751 6525304.38708801
568880.340224326 6525284.6139257
568872.205420321 6525267.59653413
568869.116693069 6525256.63181685
568869.100049662 6525254.63369347
568867.951196194 6525236.65890366
568870.806915646 6525219.64989396
568883.702406634 6525196.46257177
568918.162764083 6525147.3180733
568937.919331088 6525120.17699984
568945.811139317 6525108.02179042
568949.708360977 6525096.09967544
568949.675073872 6525092.10342912
568955.086925267 6525022.1191971
568954.812306467 6524989.15016701
568955.736473016 6524980.15029294
568953.655130034 6524970.17631907
568943.57296477 6524959.26984811
568916.440162237 6524940.51233436
568906.382962818 6524932.60304783
568898.31556688 6524923.67805882
568892.321237195 6524911.73841245
568894.102951785 6524897.73574337
568898.890221008 6524872.71760524
568903.727420436 6524853.6938359
568911.57012881 6524835.64416658
568923.467338984 6524824.55464492
568941.358923553 6524813.41519989
568959.283794924 6524806.27200016
568977.258596895 6524805.12316842
568998.20562066 6524800.95219053
569017.11207805 6524791.70264052
569010.788026205 6524788.15843944
569006.469588874 6524785.49675237
569002.152815928 6524783.03487756
568997.83521082 6524780.47309661
568993.518437913 6524778.01122179
568990.505439242 6524776.137967
568986.188666368 6524773.67609217
568981.871061332 6524771.11431119
568977.654194737 6524768.65160429
568973.236683501 6524766.09065536
568970.224517075 6524764.31730669
568963.497511862 6524760.3768092
568956.387525313 6524758.43776261
568951.582039705 6524757.27882774
568948.377550462 6524756.40629835
568943.470494279 6524755.04838325
568938.664176523 6524753.78954221
568933.857858779 6524752.53070116
568929.05070887 6524751.17195396
568924.245223324 6524750.01301901
568915.633314643 6524747.68682853
568906.034826233 6524746.86755053
568901.037017819 6524746.6094348
568896.137451299 6524746.15067474
568893.438318533 6524745.97332791
568888.438845782 6524745.51539988
568883.441037379 6524745.25728409
568878.541470874 6524744.79852397
568873.642736544 6524744.43966996
568868.543357572 6524743.98257391
568867.544295196 6524743.99089442
568862.644728705 6524743.53213424
568857.546181912 6524743.17494428
568852.646615429 6524742.71618407
568846.448267864 6524742.26824049
568837.74394269 6524740.84203678
568832.841047556 6524739.98365198
568827.839910528 6524739.32591147
568822.936183242 6524738.3676205
568819.235491641 6524737.8988756
568814.332596535 6524737.04049074
568809.431365769 6524736.38191812
568804.528470679 6524735.52353322
568799.526501524 6524734.76588648
568794.624438614 6524734.00740768
568789.721543547 6524733.14902273
568783.018671905 6524732.10580232
568777.301548036 6524729.45576336
568772.787459837 6524727.2952705
568768.272539494 6524725.0348715
568763.759283492 6524722.97428475
568761.753669328 6524722.09177046
568757.540132057 6524720.02868757
568750.719878923 6524716.88827037
568744.373360047 6524710.64660297
568740.846684098 6524707.07910385
568737.220934097 6524703.6123429
568733.695090351 6524700.1447499
568730.169246627 6524696.67715692
568726.643402925 6524693.20956393
568720.599099486 6524687.26511883
568711.669165586 6524682.74348864
568706.653050075 6524680.28743751
568702.238036288 6524678.02620638
568697.723116287 6524675.76580727
568693.308934692 6524673.60448225
568688.794846883 6524671.44398925
568684.379833167 6524669.18275809
568680.768230085 6524667.41440123
568676.353216402 6524665.15317005
568671.938202737 6524662.89193886
568667.424115013 6524660.73144582
568662.909195154 6524658.47104665
568658.395107465 6524656.31055359
568652.374936988 6524653.26338597
568642.280247079 6524652.84789096
568637.383177546 6524652.68884843
568632.386201786 6524652.53063792
568623.691031251 6524652.20340041
568614.329803054 6524655.87823195
568609.84983354 6524657.81388976
568605.269125634 6524659.65047346
568600.687585566 6524661.38715102
568596.106877631 6524663.22373469
568594.314390516 6524663.93805411
568589.832756644 6524665.67389961
568580.871153153 6524669.3454028
568575.619394467 6524674.58461879
568572.050230921 6524677.91147392
568568.582637873 6524681.43730927
568564.816158253 6524685.06554682
568561.248658929 6524688.59221419
568557.681159583 6524692.11888156
568554.112828071 6524695.5456428
568548.959311087 6524700.58421447
568540.784474932 6524702.75046933
568535.99896142 6524703.98928011
568531.213447898 6524705.22809088
568528.620878665 6524705.84916031
568523.735458894 6524707.08880308
568518.950777486 6524708.42751993
568514.065357693 6524709.66716265
568509.279844125 6524710.90597334
568501.303988155 6524712.97065778
568495.101480246 6524712.02318201
568490.19858553 6524711.16479604
568485.195784588 6524710.30724207
568480.292889889 6524709.44885606
568478.492913403 6524709.26402021
568473.49011248 6524708.40646621
568468.587217798 6524707.54808016
568463.68515526 6524706.78960022
568458.882998962 6524706.03028824
568452.18012783 6524704.98706627
568445.040185777 6524699.4513968
568441.11721443 6524696.28684964
568437.195075238 6524693.2222086
568433.272936068 6524690.15756757
568429.250890687 6524687.09375855
568425.329583691 6524684.12902363
568423.719434143 6524682.74365022
568419.797295046 6524679.67900918
568411.44932511 6524673.05435657
568404.007168382 6524667.22146477
568400.285673983 6524664.25506581
568396.361870756 6524660.99061251
568393.64692785 6524658.91504846
568389.723956791 6524655.75050128
568386.001630339 6524652.6841962
568378.960763047 6524647.04778855
568373.642433385 6524644.29451406
568369.126682078 6524641.93420792
568364.811575373 6524639.67214385
568361.198308656 6524637.70397403
568356.782463631 6524635.34283584
568352.366618624 6524632.98169765
568347.950773636 6524630.62055945
568343.535760791 6524628.35932736
568336.912825495 6524624.91752616
568330.092574159 6524621.7771073
568325.579319405 6524619.71651942
568320.966158443 6524617.65676354
568318.157966534 6524616.38128037
568313.5448056 6524614.32152448
568308.931644682 6524612.26176857
568304.419222128 6524610.30108676
568299.806061244 6524608.24133084
568295.293638723 6524606.28064901
568290.779551978 6524604.12015494
568281.954519464 6524600.19712721
568275.946000003 6524598.54864382
568271.136355246 6524596.8901763
568266.329206857 6524595.5314271
568261.522058479 6524594.1726779
568256.81398422 6524592.71319056
568247.098117071 6524589.79671186
568241.765642049 6524585.34503315
568237.845168023 6524582.48020414
568233.823123567 6524579.41639491
568229.599602459 6524576.15443747
568224.369530134 6524572.00164508
568217.044755657 6524568.26594923
568213.130938658 6524566.20036909
568208.716758457 6524564.03904285
568204.300914049 6524561.67790439
568196.572354269 6524557.44600594
568195.173667186 6524557.45765399
568190.563003059 6524555.69761616
568185.951506835 6524553.83767221
568181.240104408 6524551.97856025
568176.628608216 6524550.11861628
568171.91803793 6524548.35941041
568167.907643302 6524546.69428663
568160.890908922 6524543.95515567
568153.776764682 6524541.51657501
568149.066194469 6524539.75736908
568144.25904648 6524538.39861957
568139.549308402 6524536.73931972
568136.944257769 6524535.86179674
568132.235351819 6524534.30240298
568127.526445882 6524532.7430092
568122.816707854 6524531.08370931
568118.007895727 6524529.52514751
568113.298989831 6524527.9657537
568108.588419741 6524526.20654766
568102.276853881 6524524.16093524
568097.975061824 6524523.49736835
568093.071336163 6524522.53907511
568088.16761051 6524521.58078186
568083.365455286 6524520.8214688
568078.961260734 6524519.85901554
568074.058367207 6524519.00062834
568069.154641588 6524518.04233502
568064.15267396 6524517.28468589
568059.248948358 6524516.32639254
568052.044051394 6524514.9876106
568044.153124503 6524515.25315024
568039.161142077 6524515.69437428
568034.16583126 6524515.73597388
568032.867050448 6524515.74678977
568027.974142137 6524516.08727567
568022.979663415 6524516.22878133
568016.187704893 6524516.48516891
568009.061911829 6524512.64790215
568004.74763846 6524510.48574343
567999.527552415 6524507.53182378
567995.211614897 6524505.16985284
567990.69669706 6524502.90945196
567986.280853364 6524500.54831299
567981.865009687 6524498.18717401
567976.645755852 6524495.33316042
567969.610716268 6524490.39609445
567965.488766671 6524487.33311677
567961.46838749 6524484.4691193
567958.452895096 6524482.29614468
567954.431683862 6524479.33224111
567950.311398526 6524476.46907562
567946.291019423 6524473.60507815
567942.16990204 6524470.64200656
567940.862800392 6524469.65376137
567937.044730028 6524467.08781821
567932.524819935 6524464.22798066
567928.307124763 6524461.66536543
567923.988691311 6524459.00367609
567919.770158425 6524456.34115159
567917.861952657 6524455.15808458
567913.644251544 6524452.59546597
567909.426550449 6524450.03284736
567905.207185202 6524447.27041655
567900.889577787 6524444.70862982
567895.064222165 6524441.06035455
567886.666263861 6524440.43089158
567881.767524195 6524440.07203033
567876.867120368 6524439.51335688
567869.968589472 6524438.9713214
567862.004371918 6524442.43468063
567857.426153321 6524444.57097601
567852.947008984 6524446.60653338
567848.268051923 6524448.64375453
567842.594191697 6524451.18882513
567839.626123818 6524454.71049546
567836.359168935 6524458.33456758
567833.094710268 6524462.25835799
567829.728681069 6524465.9831681
567827.066156732 6524470.20168543
567824.350379409 6524468.02621247
567817.0990477 6524425.12399174
567803.611144153 6524365.18857634
567797.716669633 6524365.23765813
567781.025165449 6524292.54005495
567735.409721862 6524093.99308624
567697.945721932 6523914.46165117
567668.832856424 6523777.9231939
567662.364201088 6523721.02666123
567659.892569015 6523676.18632088
567660.599623182 6523629.12143921
567664.213112473 6523583.1314004
567670.89035717 6523545.10888654
567672.805273494 6523535.10164847
567683.462126635 6523495.04774009
567694.152262687 6523458.99007249
567710.77020627 6523414.89001232
567732.391782471 6523371.74741809
567756.127198124 6523330.48556838
567752.006910584 6523327.62240263
567793.418349649 6523261.33505241
567737.995071409 6523324.74168896
567720.161722556 6523342.87450865
567693.478265666 6523378.06621725
567669.84275254 6523419.32723468
567652.141703185 6523453.34510742
567642.367419451 6523479.40385557
567640.410898462 6523484.41579325
567631.652318639 6523512.4643429
567628.47234616 6523610.50540761
567613.443398153 6523725.43052655
567599.772699518 6523763.51128713
567576.345296742 6523805.76972087
567570.241800258 6523816.71105682
567512.870260682 6523886.12872176
567480.275601363 6523931.36096545
567387.412041616 6524058.02456071
567371.63504044 6524083.13417595
567361.810816192 6524103.19857616
567351.969950816 6524121.26485515
567334.154051615 6524141.4957107
567325.236533358 6524150.46221864
567322.27345701 6524154.58332345
567258.090660046 6524245.93865458
567186.990124074 6524346.44367159
567215.138627094 6524367.19103204
567226.203208049 6524376.0910764
567305.553561786 6524426.38601778
567262.968182916 6524483.69102208
567329.222552952 6524521.10631426
567243.577090843 6524662.69680539
567204.15536095 6524727.96851888
567260.385822656 6524761.47076183
567205.09555301 6524840.86243347
567153.676728379 6524905.23491404
567343.80583015 6524952.50932518
567450.139558251 6525111.58476441
567356.543649758 6525162.32061973
567326.397060571 6525129.60031708
567255.704800314 6525159.1637157
567193.93755175 6525180.65975303
567147.181223856 6525205.02819583
    Pen (1,2,0)
    Brush (1,0,16777215)
Region 1
  942
567631.652318639 6523512.4643429
567640.410898462 6523484.41579325
567642.367419451 6523479.40385557
567652.141703185 6523453.34510742
567669.84275254 6523419.32723468
567693.478265666 6523378.06621725
567720.161722556 6523342.87450865
567737.995071409 6523324.74168896
567793.418349649 6523261.33505241
567752.006910584 6523327.62240263
567756.127198124 6523330.48556838
567732.391782471 6523371.74741809
567710.77020627 6523414.89001232
567694.152262687 6523458.99007249
567683.462126635 6523495.04774009
567672.805273494 6523535.10164847
567670.89035717 6523545.10888654
567664.213112473 6523583.1314004
567660.599623182 6523629.12143921
567659.892569015 6523676.18632088
567662.364201088 6523721.02666123
567668.832856424 6523777.9231939
567697.945721932 6523914.46165117
567735.409721862 6524093.99308624
567781.025165449 6524292.54005495
567797.716669633 6524365.23765813
567803.611144153 6524365.18857634
567817.0990477 6524425.12399174
567824.350379409 6524468.02621247
567827.066156732 6524470.20168543
567829.728681069 6524465.9831681
567833.094710268 6524462.25835799
567836.359168935 6524458.33456758
567839.626123818 6524454.71049546
567842.594191697 6524451.18882513
567848.268051923 6524448.64375453
567852.947008984 6524446.60653338
567857.426153321 6524444.57097601
567862.004371918 6524442.43468063
567869.968589472 6524438.9713214
567876.867120368 6524439.51335688
567881.767524195 6524440.07203033
567886.666263861 6524440.43089158
567895.064222165 6524441.06035455
567900.889577787 6524444.70862982
567905.207185202 6524447.27041655
567909.426550449 6524450.03284736
567913.644251544 6524452.59546597
567917.861952657 6524455.15808458
567919.770158425 6524456.34115159
567923.988691311 6524459.00367609
567928.307124763 6524461.66536543
567932.524819935 6524464.22798066
567937.044730028 6524467.08781821
567940.862800392 6524469.65376137
567942.16990204 6524470.64200656
567946.291019423 6524473.60507815
567950.311398526 6524476.46907562
567954.431683862 6524479.33224111
567958.452895096 6524482.29614468
567961.46838749 6524484.4691193
567965.488766671 6524487.33311677
567969.610716268 6524490.39609445
567976.645755852 6524495.33316042
567981.865009687 6524498.18717401
567986.280853364 6524500.54831299
567990.69669706 6524502.90945196
567995.211614897 6524505.16985284
567999.527552415 6524507.53182378
568004.74763846 6524510.48574343
568009.061911829 6524512.64790215
568016.187704893 6524516.48516891
568022.979663415 6524516.22878133
568027.974142137 6524516.08727567
568032.867050448 6524515.74678977
568034.16583126 6524515.73597388
568039.161142077 6524515.69437428
568044.153124503 6524515.25315024
568052.044051394 6524514.9876106
568059.248948358 6524516.32639254
568064.15267396 6524517.28468589
568069.154641588 6524518.04233502
568074.058367207 6524519.00062834
568078.961260734 6524519.85901554
568083.365455286 6524520.8214688
568088.16761051 6524521.58078186
568093.071336163 6524522.53907511
568097.975061824 6524523.49736835
568102.276853881 6524524.16093524
568108.588419741 6524526.20654766
568113.298989831 6524527.9657537
568118.007895727 6524529.52514751
568122.816707854 6524531.08370931
568127.526445882 6524532.7430092
568132.235351819 6524534.30240298
568136.944257769 6524535.86179674
568139.549308402 6524536.73931972
568144.25904648 6524538.39861957
568149.066194469 6524539.75736908
568153.776764682 6524541.51657501
568160.890908922 6524543.95515567
568167.907643302 6524546.69428663
568171.91803793 6524548.35941041
568176.628608216 6524550.11861628
568181.240104408 6524551.97856025
568185.951506835 6524553.83767221
568190.563003059 6524555.69761616
568195.173667186 6524557.45765399
568196.572354269 6524557.44600594
568204.300914049 6524561.67790439
568208.716758457 6524564.03904285
568213.130938658 6524566.20036909
568217.044755657 6524568.26594923
568224.369530134 6524572.00164508
568229.599602459 6524576.15443747
568233.823123567 6524579.41639491
568237.845168023 6524582.48020414
568241.765642049 6524585.34503315
568247.098117071 6524589.79671186
568256.81398422 6524592.71319056
568261.522058479 6524594.1726779
568266.329206857 6524595.5314271
568271.136355246 6524596.8901763
568275.946000003 6524598.54864382
568281.954519464 6524600.19712721
568290.779551978 6524604.12015494
568295.293638723 6524606.28064901
568299.806061244 6524608.24133084
568304.419222128 6524610.30108676
568308.931644682 6524612.26176857
568313.5448056 6524614.32152448
568318.157966534 6524616.38128037
568320.966158443 6524617.65676354
568325.579319405 6524619.71651942
568330.092574159 6524621.7771073
568336.912825495 6524624.91752616
568343.535760791 6524628.35932736
568347.950773636 6524630.62055945
568352.366618624 6524632.98169765
568356.782463631 6524635.34283584
568361.198308656 6524637.70397403
568364.811575373 6524639.67214385
568369.126682078 6524641.93420792
568373.642433385 6524644.29451406
568378.960763047 6524647.04778855
568386.001630339 6524652.6841962
568389.723956791 6524655.75050128
568393.64692785 6524658.91504846
568396.361870756 6524660.99061251
568400.285673983 6524664.25506581
568404.007168382 6524667.22146477
568411.44932511 6524673.05435657
568419.797295046 6524679.67900918
568423.719434143 6524682.74365022
568425.329583691 6524684.12902363
568429.250890687 6524687.09375855
568433.272936068 6524690.15756757
568437.195075238 6524693.2222086
568441.11721443 6524696.28684964
568445.040185777 6524699.4513968
568452.18012783 6524704.98706627
568458.882998962 6524706.03028824
568463.68515526 6524706.78960022
568468.587217798 6524707.54808016
568473.49011248 6524708.40646621
568478.492913403 6524709.26402021
568480.292889889 6524709.44885606
568485.195784588 6524710.30724207
568490.19858553 6524711.16479604
568495.101480246 6524712.02318201
568501.303988155 6524712.97065778
568509.279844125 6524710.90597334
568514.065357693 6524709.66716265
568518.950777486 6524708.42751993
568523.735458894 6524707.08880308
568528.620878665 6524705.84916031
568531.213447898 6524705.22809088
568535.99896142 6524703.98928011
568540.784474932 6524702.75046933
568548.959311087 6524700.58421447
568554.112828071 6524695.5456428
568557.681159583 6524692.11888156
568561.248658929 6524688.59221419
568564.816158253 6524685.06554682
568568.582637873 6524681.43730927
568572.050230921 6524677.91147392
568575.619394467 6524674.58461879
568580.871153153 6524669.3454028
568589.832756644 6524665.67389961
568594.314390516 6524663.93805411
568596.106877631 6524663.22373469
568600.687585566 6524661.38715102
568605.269125634 6524659.65047346
568609.84983354 6524657.81388976
568614.329803054 6524655.87823195
568623.691031251 6524652.20340041
568632.386201786 6524652.53063792
568637.383177546 6524652.68884843
568642.280247079 6524652.84789096
568652.374936988 6524653.26338597
568658.395107465 6524656.31055359
568662.909195154 6524658.47104665
568667.424115013 6524660.73144582
568671.938202737 6524662.89193886
568676.353216402 6524665.15317005
568680.768230085 6524667.41440123
568684.379833167 6524669.18275809
568688.794846883 6524671.44398925
568693.308934692 6524673.60448225
568697.723116287 6524675.76580727
568702.238036288 6524678.02620638
568706.653050075 6524680.28743751
568711.669165586 6524682.74348864
568720.599099486 6524687.26511883
568726.643402925 6524693.20956393
568730.169246627 6524696.67715692
568733.695090351 6524700.1447499
568737.220934097 6524703.6123429
568740.846684098 6524707.07910385
568744.373360047 6524710.64660297
568750.719878923 6524716.88827037
568757.540132057 6524720.02868757
568761.753669328 6524722.09177046
568763.759283492 6524722.97428475
568768.272539494 6524725.0348715
568772.787459837 6524727.2952705
568777.301548036 6524729.45576336
568783.018671905 6524732.10580232
568789.721543547 6524733.14902273
568794.624438614 6524734.00740768
568799.526501524 6524734.76588648
568804.528470679 6524735.52353322
568809.431365769 6524736.38191812
568814.332596535 6524737.04049074
568819.235491641 6524737.8988756
568822.936183242 6524738.3676205
568827.839910528 6524739.32591147
568832.841047556 6524739.98365198
568837.74394269 6524740.84203678
568846.448267864 6524742.26824049
568852.646615429 6524742.71618407
568857.546181912 6524743.17494428
568862.644728705 6524743.53213424
568867.544295196 6524743.99089442
568868.543357572 6524743.98257391
568873.642736544 6524744.43966996
568878.541470874 6524744.79852397
568883.441037379 6524745.25728409
568888.438845782 6524745.51539988
568893.438318533 6524745.97332791
568896.137451299 6524746.15067474
568901.037017819 6524746.6094348
568906.034826233 6524746.86755053
568915.633314643 6524747.68682853
568924.245223324 6524750.01301901
568929.05070887 6524751.17195396
568933.857858779 6524752.53070116
568938.664176523 6524753.78954221
568943.470494279 6524755.04838325
568948.377550462 6524756.40629835
568951.582039705 6524757.27882774
568956.387525313 6524758.43776261
568963.497511862 6524760.3768092
568970.224517075 6524764.31730669
568973.236683501 6524766.09065536
568977.654194737 6524768.65160429
568981.871061332 6524771.11431119
568986.188666368 6524773.67609217
568990.505439242 6524776.137967
568993.518437913 6524778.01122179
568997.83521082 6524780.47309661
569002.152815928 6524783.03487756
569006.469588874 6524785.49675237
569010.788026205 6524788.15843944
569017.11207805 6524791.70264052
569037.582783511 6524814.31233141
569092.347086704 6524851.72328365
569143.702140956 6524875.6743639
569186.083153347 6524889.80878891
569219.442686918 6524888.43190861
569248.120857588 6524864.81340037
569257.880129416 6524836.9562844
569267.711011987 6524805.70152798
569305.235063503 6524776.5141266
569346.331522162 6524768.37862887
569386.37478354 6524765.74712051
569426.356420651 6524767.71212548
569458.376469361 6524737.47151737
569467.154149219 6524711.72075134
569539.901932531 6524641.07579004
569568.708292422 6524620.85325359
569591.761777989 6524581.69514996
569616.922447182 6524543.61853989
569646.626332122 6524511.19913423
569653.178605167 6524482.16977469
569655.061954884 6524444.38695429
569683.710181438 6524405.18225469
569692.131579135 6524360.65080678
569679.609292695 6524320.68997372
569634.910516124 6524292.18739915
569617.763419151 6524248.76813147
569631.963527154 6524214.27977509
569647.290066278 6524183.07916734
569684.9863986 6524162.58276246
569708.143901223 6524135.91293004
569723.452923444 6524114.60385841
569726.497692964 6524072.31528779
569719.544317924 6524041.20033906
569715.860346262 6524018.75059292
569703.498722624 6523986.08208267
569691.237838099 6523953.51264715
569696.053455149 6523907.91220273
569703.807057112 6523891.1621494
569720.006003721 6523892.72574859
569754.049001712 6523901.43437295
569787.001354966 6523911.15121085
569812.194318088 6523924.92919777
569838.30391475 6523940.79772305
569856.44432189 6523959.53018935
569929.150770674 6524051.84371602
569951.42059106 6524086.52787309
569957.36582406 6524092.57304882
569963.47674648 6524094.52041022
569977.48025726 6524096.40203243
570008.567725161 6524098.14135799
570037.457257175 6524099.89899006
570069.43555816 6524100.63176392
570071.4336818 6524100.61512095
570110.388769965 6524099.2915214
570159.276184362 6524102.88084247
570197.407022955 6524110.55627903
570237.461048367 6524121.21308669
570297.654448191 6524150.68562072
570310.717159388 6524159.56898891
570314.730052878 6524161.53382444
570323.813162805 6524172.44860142
570329.949025269 6524189.38271006
570332.088640246 6524206.35010559
570334.228255282 6524223.31750133
570335.402100482 6524244.28946352
570341.546286509 6524262.22263424
570351.553522349 6524276.12710599
570367.813204066 6524296.97341172
570381.792581281 6524295.95775303
570388.776859892 6524294.80053386
570400.723988489 6524289.7053675
570429.71343243 6524291.46216006
570448.645671625 6524285.30967995
570469.567711454 6524278.14149486
570497.466538542 6524268.91693462
570547.278142841 6524251.51680451
570580.138985511 6524238.25438874
570605.023978437 6524227.05666946
570617.945197527 6524218.95599581
570650.773577613 6524201.79723984
570704.472388554 6524171.27611534
570752.220107038 6524146.00003871
570798.9928995 6524123.62955978
570836.831565537 6524108.22749947
570871.707171402 6524096.94655489
570919.553933141 6524083.55929971
570967.433988081 6524074.16828717
570959.499758597 6524081.22829212
570877.201890153 6524156.84861216
570842.534393678 6524181.11651994
570799.957584398 6524239.42074795
570722.96294203 6524363.95428785
570714.153690824 6524373.91905976
570708.359937048 6524386.05680074
570701.366450117 6524410.09418981
570697.869654076 6524446.09202072
570797.792489092 6524459.24751734
570817.798702328 6524462.07826167
570829.871514943 6524472.06891749
570837.979708236 6524485.8892946
570844.190491236 6524511.81495877
570850.318039851 6524527.75000925
570862.398344581 6524538.63982069
570874.471158407 6524548.63047685
570890.505262684 6524554.39178682
570912.517925859 6524558.20494759
570975.492140982 6524561.67690257
571004.489916717 6524564.43274575
571016.521114042 6524569.42809372
571023.580306355 6524577.26242441
571026.669052952 6524588.22713425
571028.767060957 6524600.19922782
571030.931658005 6524620.1638135
571038.816554927 6524727.10504999
571052.102733506 6525002.65462541
571053.093472495 6525001.64724153
571221.044411365 6524893.34118687
571227.99623013 6524888.28762255
571472.076598058 6524731.48899952
571488.027360454 6524799.19712105
571524.442950174 6524960.7530071
571540.985647232 6525039.54656575
571542.009682121 6525042.53542892
571562.773400098 6525136.28079941
571564.796497885 6525139.26134032
571573.795537321 6525152.07516959
571586.101456123 6525178.0499851
571600.521189625 6525229.88469443
571597.516509403 6525229.01050605
571575.552942778 6525231.09181818
571540.644011916 6525238.37653794
571482.731644938 6525254.84506232
571400.075812868 6525275.51622613
571355.142122773 6525278.78800981
571331.16461369 6525278.98774456
571313.14985118 6525275.34110967
571284.159547739 6525273.48442465
571258.167265403 6525271.70267857
571216.115063214 6525261.06252913
571169.084195074 6525252.46211333
571144.115947468 6525253.66922895
571138.13072643 6525254.81812993
571128.164236626 6525257.79863095
571100.323655499 6525274.01664183
571096.353207409 6525277.14702239
571085.412625427 6525283.13303117
571075.538550238 6525285.21354379
571065.431367843 6525283.29947279
571048.414004363 6525279.4447
571026.358876212 6525270.53632117
570999.285128068 6525258.87217873
570936.390851496 6525229.02248529
570935.078752163 6525227.43480477
570909.91071655 6525216.65400516
570877.857496012 6525194.94011351
570833.624059202 6525162.33723621
570804.443153419 6525137.602025
570778.284407284 6525115.83903363
570776.286281829 6525115.85567739
570679.268994272 6525103.67509269
570677.270868841 6525103.69173631
570647.257370975 6525098.9460812
570540.223657634 6525083.75161338
570523.323684043 6525081.99403278
570521.225652385 6525082.01150834
570303.155326873 6525050.85658288
570294.331054546 6525071.01261745
570271.750449739 6525118.95916412
570270.768865202 6525121.06551534
570197.911906794 6525238.57070347
570145.560788565 6525322.93376767
570131.71539587 6525340.03431937
570114.906105176 6525361.15608284
570048.493221418 6525424.65451423
570010.84509078 6525462.93507796
569943.106780695 6525523.2473262
569939.436879779 6525526.47511313
569916.658171981 6525550.64398931
569900.839614617 6525570.758369
569888.992306353 6525599.83185478
569854.116325383 6525719.01897461
569851.210683881 6525730.03362164
569851.3105547 6525742.02236759
569881.29791375 6525863.56673893
569909.189777422 6525973.43873408
569910.212976492 6525976.32769375
569914.425653461 6525990.28045002
569913.359974102 6525994.28585268
569910.437687176 6526003.30237729
569909.521849842 6526013.30132208
569913.568039615 6526019.26241183
569928.67883189 6526034.12353064
569971.122215113 6526091.71966247
569965.352056953 6525998.74855873
569989.238031395 6525987.55916456
569987.9651515 6525954.69833443
570107.877735295 6525956.6969738
570177.787209269 6525953.11729563
570193.763901798 6525951.98509193
570207.650883914 6525951.86942523
570213.570390398 6525930.83835548
570232.327877405 6525903.70556633
570265.163803307 6525887.44596328
570316.989453976 6525859.93782836
570336.796740592 6525850.88057693
570487.222507243 6525797.67278817
570567.280437559 6525944.8774414
570605.544512992 6525968.53788524
570610.831143746 6526003.46346244
570645.656626943 6526094.09438059
570636.798199539 6526122.14385855
570625.067456867 6526153.21465739
570576.163277512 6526159.61679195
570536.233995882 6526175.93548841
570551.561229542 6526204.78264753
570579.718123444 6526226.52902045
570541.77867202 6526229.84242821
570503.764283452 6526236.15385485
570450.297611413 6526282.55926487
570392.426522009 6526411.92931636
570386.532015205 6526423.96799761
570373.585799859 6526429.07148969
570309.803847517 6526448.58625041
570307.872303434 6526456.59539505
570321.259637148 6526504.44222987
570373.135754139 6526614.913813
570405.405433566 6526650.61379198
570377.697976039 6526682.81680402
570305.598900817 6526663.43468364
570249.493176282 6526644.91848234
570216.533216941 6526646.29205372
570157.579281291 6526645.68403805
570111.472523599 6526628.08368228
570118.865466206 6526675.9804512
570126.991143866 6526691.89888779
570182.298385161 6526734.50083247
570262.081714259 6526836.74693935
570363.269019677 6527001.66020582
570579.558305954 6526926.9220178
570598.465619261 6526917.77234108
570621.319250092 6526902.59499933
570674.352621113 6527032.04048921
570691.328393025 6527030.8999594
570730.924505336 6527094.51463251
570738.209247211 6527141.41318753
570748.348880365 6527159.21320467
570769.546475533 6527185.11400363
570807.735660663 6527211.77249223
570824.061979506 6527240.61135144
570882.773460906 6527344.03212294
570903.870348448 6527357.84425617
570924.900648491 6527363.66388144
570947.895784119 6527365.47060906
570949.402801426 6527318.49881486
570969.558913402 6527327.32311911
570989.581824989 6527332.15200148
571015.748972914 6527342.92450163
571002.81104959 6527361.01665943
571017.921874157 6527375.87778536
571059.93339004 6527369.63296353
571110.859865326 6527378.10104809
571169.530001998 6527344.64096253
571222.955718535 6527401.24642871
571285.34638748 6527454.57999482
571321.479177297 6527486.25127145
571337.847132607 6527520.08545098
571383.146331681 6527560.67257101
571443.215104101 6527563.16960747
571466.776444013 6527525.00629016
571518.70284518 6527521.57634974
571527.895038237 6527545.57888528
571569.771690447 6527535.138812
571619.575100361 6527516.73955673
571629.673962638 6527529.64416261
571737.323242634 6527498.77344935
571769.409872816 6527500.50443085
571806.741827223 6527316.35298538
571703.63005944 6527292.23359654
571727.307939702 6527256.06757473
571751.693534735 6527184.9260095
571794.003185421 6527106.54129409
571822.319120245 6527147.36977378
571911.818570792 6527216.56352061
572005.030426925 6527251.65590954
572025.761882296 6527221.60913696
572020.283739687 6527163.70506689
572014.71414345 6526986.90496573
572040.798048771 6526987.68680997
572036.460474467 6526958.74809572
572012.491266734 6526947.95730866
571990.386983939 6526933.15445527
572001.110309051 6526901.09288178
571997.988249203 6526886.13190032
572076.548050444 6526841.51563197
572058.356780744 6526816.68885819
572023.955710549 6526777.01013057
572010.151962685 6526787.11644654
571977.24943888 6526795.38359699
571935.288741253 6526795.73314378
571941.35818132 6526684.77887555
571918.987524065 6526638.00600578
571929.785767827 6526614.93600715
571968.715968774 6526610.61517502
571970.914014904 6526514.68015613
571973.811326657 6526490.67684434
571931.301216163 6526437.07782528
571865.679323158 6526475.59150508
571852.666504488 6526484.6920966
571823.177410445 6526530.89783599
571735.68447116 6526462.6865448
571816.384041001 6526315.14185938
571853.690842839 6526235.89964187
571789.592602657 6526217.45009022
571726.401861866 6526188.00252355
571675.174915832 6526155.45789801
571648.816349481 6526109.71739729
571634.737893238 6526098.8442216
571768.088003371 6526022.79848383
571759.221432814 6525929.95307604
571830.887623688 6525897.38385218
571915.441742 6525852.71768031
571922.65911217 6525879.5342037
571952.898228844 6525911.35443208
572016.84660134 6525923.81042642
572083.034549495 6525929.25383761
572115.820503174 6525906.99980966
572187.345153231 6525869.43608504
572276.911222168 6525826.72639976
572481.12814624 6525754.08674831
572571.735715963 6525716.46393954
572594.879838887 6525736.15385103
572625.009913307 6525754.88634406
572674.11386697 6525772.46163345
572824.323857617 6525813.27367868
573010.547596744 6525859.48072348
573029.613053645 6525881.30278887
573055.839299046 6525899.16858095
573105.800796864 6525899.75146894
573136.655207079 6525885.50656193
573243.954622225 6525932.57094982
573304.414608127 6525874.11757004
573405.369968651 6525879.27125252
573477.394122454 6525901.6512168
573482.05640531 6525849.65750357
573459.003015052 6525840.85738642
573419.898005057 6525824.19794767
573444.449976364 6525773.03765746
573498.674151342 6525817.54682485
573578.69080221 6525815.88102213
573557.760464996 6525941.94605256
573771.718252963 6525971.13651292
573825.701813253 6525962.79358706
573950.36743853 6525935.67753603
573958.576419667 6525949.59699024
574023.723712658 6525986.02207793
574050.806678903 6526010.77472935
574073.327268408 6526051.55151149
574128.825216367 6526009.12554402
574161.028286345 6525916.93705818
574150.979366963 6525910.02686121
574121.040768294 6525914.27284089
574075.966343707 6525900.66055253
574109.551392237 6525734.52478454
574131.497379613 6525610.44955546
574157.864259953 6525537.29322918
574159.129664121 6525449.35907711
574174.914734133 6525305.35256925
574203.521196337 6525261.15241655
574199.216867018 6525224.2204068
574129.756968592 6525161.85386352
574090.626159929 6525142.09736148
574027.502026257 6525120.64242388
573957.476044148 6525110.23543831
573943.539955352 6525116.44625734
573906.615431319 6525121.64965854
573851.751072889 6525132.19801743
573775.181259267 6525175.79865249
573686.689293346 6525227.49167038
573689.261857242 6525176.51452265
573705.912879914 6525124.4209454
573737.233465045 6525058.21730281
573785.704632743 6525011.85339461
573854.57334075 6524991.29695242
573873.905154845 6524913.20362397
573871.801295124 6524912.52176136
573816.808718008 6524895.69498555
573793.205889498 6524940.8525588
573769.261691133 6524945.04858648
573727.434277683 6524961.3831927
573692.883384803 6525011.62764117
573682.28501601 6525058.67512666
573652.421321459 6524952.01687693
573638.434395572 6524832.23764504
573654.759875749 6524753.07033463
573684.807460671 6524642.01632332
573665.575497436 6524612.20262575
573594.850175249 6524517.87444011
573559.042084717 6524417.26054795
573487.151243069 6524434.84475785
573475.711996193 6524488.89314521
573451.267457812 6524552.9412896
573440.819777039 6524606.08220128
573498.057735336 6524652.56447448
573545.363351458 6524694.13384568
573540.958342087 6524765.00895477
573615.58921929 6524968.30985925
573594.592256746 6524978.47611663
573522.584773752 6524838.19853926
573471.67421454 6524843.61837009
573399.857440863 6524858.1046519
573388.244157262 6524783.36647412
573392.88229636 6524740.46509883
573419.590555503 6524696.28079872
573410.29843765 6524672.27915545
573375.114784486 6524634.60530946
573307.994445692 6524625.17322178
573327.634340073 6524584.04521179
573333.194946629 6524531.94415126
573249.207945512 6524512.76119207
573194.784032512 6524576.15988864
573174.328232147 6524531.36941791
573134.815322562 6524465.75597185
573080.890941263 6524469.20263652
573093.171078287 6524504.06991087
573081.357166033 6524525.15009053
573073.9391222 6524606.14151215
573031.162603415 6524616.48921381
573036.324422994 6524636.42883103
572991.841163814 6524693.74991528
572952.394838866 6524756.02469128
572872.361615888 6524743.70276867
572786.325695137 6524730.43172042
572793.018592818 6524694.30732553
572803.026703405 6524684.33254716
572792.711433475 6524537.54621699
572676.787751266 6524522.62582012
572619.782090967 6524527.99648538
572539.932037423 6524537.65390389
572522.71487404 6524521.81124554
572527.552850351 6524490.89779304
572540.265109227 6524445.73108059
572554.734879984 6524407.6435567
572542.746141154 6524395.75386536
572519.567913923 6524371.96782416
572506.371990395 6524335.10991878
572490.070643363 6524309.26832491
572468.024679439 6524301.45894472
572436.863117043 6524278.83845779
572413.575838862 6524241.96471297
572401.545470983 6524237.06928442
572376.6430127 6524246.16901073
572370.482977018 6524226.33762798
572362.189947276 6524202.32766641
572440.600537927 6524127.83866656
572500.286177324 6524096.36836943
572547.924796816 6524058.00452085
572613.496574877 6524013.49648268
572654.949340017 6523952.20416337
572718.431407998 6523896.72309556
572799.746725342 6523823.10910138
572916.878392104 6523731.21235378
572998.10127297 6523646.50877493
573036.674207751 6523599.32818646
573129.037435387 6523532.61605585
573269.938374018 6523415.54301833
573472.781077438 6523297.95387725
573506.591798727 6523278.7886107
573405.177890695 6523098.69115705
573433.051689321 6523086.46935623
573354.483852785 6523010.19098167
573361.435648186 6522993.14785385
573344.234314271 6522979.20344399
573293.791720671 6522920.87489741
573266.441591554 6522876.04202585
573232.415244737 6522869.33162021
573218.228579142 6522845.47070937
573197.922665807 6522806.67383907
573185.675844089 6522775.80285969
573172.355032248 6522735.94866325
573162.997161698 6522692.06493146
573159.783515426 6522666.1143396
573170.631647908 6522649.03875363
573158.33487513 6522612.17341731
573090.290523428 6522611.74121847
573088.27575143 6522597.77019279
573086.119445971 6522578.80469932
573087.010275157 6522565.80859463
573088.883513877 6522550.80604604
573095.685451196 6522527.76939766
573066.37967716 6522488.04839135
573067.012416405 6522456.07098036
572887.388814864 6522590.351841
572782.096969271 6522664.2654478
572706.326539679 6522683.88018783
572617.826402071 6522722.58443939
572595.589822155 6522691.89660076
572552.804257162 6522605.22889176
572432.375799166 6522661.18433432
572378.45982506 6522665.63003872
572351.743259372 6522696.8256313
572327.191380656 6522640.07980264
572274.449297209 6522653.50788727
572223.330710309 6522633.9511755
572116.747564152 6522672.80604191
572122.317280615 6522729.71001503
572082.471388453 6522756.01933578
572076.284724834 6522732.99098757
572061.848240717 6522799.05379909
572021.319684107 6522791.39840498
572011.812790453 6522789.57926034
571937.624236085 6522759.22430626
571900.35098349 6522722.56703775
571782.861672525 6522519.72344749
571725.340829348 6522463.25227794
571672.890226689 6522403.74148309
571642.493875626 6522353.03912364
571603.339063541 6522330.38534259
571547.283469608 6522317.86364577
571475.467663954 6522332.44972221
571416.664613559 6522349.92477843
571421.9429518 6522371.86164567
571400.00524402 6522377.04004379
571372.014888066 6522387.26450839
571341.227145017 6522409.5018246
571298.783815539 6522351.90591368
571295.520266288 6522319.96097269
571290.291892593 6522292.0289162
571230.464995492 6522186.61963533
571195.498095995 6522055.02591924
571131.741550047 6521969.63196523
571051.958454907 6521867.38633505
570915.861323299 6521973.42857097
570856.492907029 6522030.97337019
570830.007713637 6522089.94276544
570711.919210489 6522306.83819091
570670.632879723 6522388.11154854
570583.055993835 6522429.70543374
570559.903620053 6522421.00604316
570549.1803039 6522453.06749399
570505.288231617 6522461.42614099
570480.728174137 6522379.70214944
570436.92766033 6522399.05044953
570395.067003145 6522411.38868719
570264.431462428 6522441.45158425
570210.43226107 6522435.90660554
570163.118558979 6522381.348622
570171.226820157 6522359.20033558
570207.968334458 6522260.08045208
570205.753813269 6522234.12155017
570117.262252089 6522153.92922541
569999.855849917 6522224.84617856
570056.29427896 6522283.32466963
570112.774328605 6522346.79845923
570076.176139983 6522391.16488812
570051.448487418 6522421.24481105
570005.941147358 6522475.57682468
569978.508755153 6522420.85323318
569971.910025088 6522396.32962719
569962.016091928 6522360.04374878
569940.960918638 6522351.22696756
569897.268594577 6522383.5630219
569841.787615127 6522320.08090162
569797.787347406 6522315.45175194
569785.066221424 6522227.63438224
569763.428460307 6522148.8834458
569714.532770684 6522156.28461436
569699.222283384 6522117.44612379
569693.044823599 6522095.51674854
569598.624695524 6522023.26690161
569545.425632201 6522005.8256079
569460.239208228 6521974.56302869
569463.503069318 6521886.61254099
569338.495739487 6521872.66681508
569258.229729238 6521832.37109113
569225.119273399 6521815.66168654
569055.91197714 6521773.10935728
569055.23011176 6521775.2132058
568980.007575567 6522016.5297402
568979.033481768 6522019.5352385
568967.960600365 6522009.63617776
568961.916307637 6522003.69174875
568878.461757721 6521928.45306287
568844.244016811 6521910.75374215
568715.831741545 6521847.87903163
568689.081813744 6521875.07828443
568617.765310608 6521949.60774232
568460.255480372 6521871.98842263
568387.523308311 6522028.45817852
568334.856105281 6522050.87763147
568221.479672031 6521993.87241615
568165.357560784 6521973.35811809
568084.075882092 6521931.07252906
568069.539334334 6521985.14651701
567952.598872521 6522100.02103082
567865.439320353 6522071.77216616
567818.1750276 6522155.09339132
567668.998627084 6522130.35825135
567682.593909629 6522191.19187116
567524.609068986 6522176.52134484
567501.256221253 6522131.75502799
567447.423396855 6522146.19108048
567150.776436461 6522277.54871502
567145.781128857 6522277.59030876
566925.945993491 6522274.42512008
566785.759909489 6522477.41627416
566613.270314664 6522760.60667543
566596.49508917 6522785.8244736
566530.28085484 6522885.18959183
566452.437276232 6522883.83945707
566432.456033871 6522884.00581936
566386.299504939 6522860.41102809
566333.166182937 6522838.87258092
566307.223847363 6522843.08508683
566249.785737085 6522904.51014719
566199.174665938 6522945.89579439
566110.507713319 6522976.60786624
566027.685381691 6522989.28695723
566046.600263444 6523101.03188647
565976.857242721 6523124.59249572
566057.572565491 6523218.8377244
566055.231857663 6523417.68384983
565973.239822551 6523650.06448341
565953.076374484 6523628.35142655
565937.23279489 6523645.46852453
565927.691477728 6523687.51138026
565884.474634472 6523668.98763733
565873.117227759 6523756.90565553
565946.664527958 6523818.23938827
565996.083667199 6523873.67930589
566044.064484784 6523876.37714688
566057.272083907 6523878.66509897
566097.098021962 6523885.92691514
566113.899606217 6523911.86432063
566125.437843525 6523929.65268216
566145.325855153 6523930.28640796
566150.422740954 6523930.44379964
566178.421466743 6523933.20808448
566231.363492702 6523931.76818203
566255.507398404 6523951.54976573
566277.569982992 6523961.35737932
566345.714267138 6523985.76827977
566369.791618655 6523997.55737758
566491.728145928 6523990.64729983
566493.792624337 6523890.61721633
566500.162085944 6523815.62945368
566509.844885821 6523778.58103707
566524.455609976 6523733.39864199
566534.921988724 6523670.46626363
566580.021871751 6523579.17001515
566587.407926285 6523494.28245948
566594.317334974 6523484.1337288
566659.39852373 6523380.68157592
566745.493291682 6523281.05098031
566789.884444332 6523224.63024268
566770.836595186 6523204.90617204
566773.393479435 6523032.03559553
566774.552112456 6522931.21385954
566809.718203499 6522942.81069218
566817.634922974 6522945.64224936
567009.770605 6523221.90021108
567029.993142656 6523250.70657243
567221.088655293 6523282.08670028
567314.325972944 6523320.27639723
567548.830524706 6523405.24801465
567572.166761496 6523448.01625793
567605.435381694 6523483.70789406
567631.652318639 6523512.4643429
    Pen (1,2,0)
    Brush (1,0,16777215)
Region 1
  26
545950.575881144 6515217.2283783
546899.047565351 6516336.84568512
548394.260917527 6516629.33793514
549921.064784829 6517789.50319667
551056.36586601 6517765.56852376
551422.973297583 6517889.40617336
551780.187981628 6517291.95542375
551704.141461129 6516268.68816831
552370.733898905 6516049.92834996
552584.330271362 6515771.59452915
552332.428101183 6515492.3377545
553065.233340717 6513791.83250311
554087.574608337 6513316.23737355
553834.735425527 6513068.46146206
553224.968774278 6512238.87037696
553922.752458898 6512118.66502331
553655.356389115 6511201.70011442
553428.742859032 6510983.77953326
553153.79078778 6511260.72513759
550890.781233405 6511667.81440849
549571.563577296 6512450.61294121
547859.13374513 6511639.58799432
547890.148772167 6512426.03744886
546748.851410441 6514493.31959329
546152.891696137 6514891.83056642
545950.575881144 6515217.2283783
    Pen (1,2,0)
    Brush (1,0,16777215)
Region 1
  27
576215.637017157 6559756.89067885
576881.837859921 6559860.04630795
577698.151657246 6561093.60332513
579415.012031926 6562363.21565456
580119.670006139 6562512.81008089
580485.781650229 6562598.88267563
581934.201914418 6562232.00094324
582803.022308058 6561004.87722427
583875.748553664 6561151.7995123
583760.976131304 6560401.38715126
584356.752666232 6559955.78767241
584551.571913023 6559247.55605574
583662.235750992 6558650.88151294
583257.010243851 6557601.44616805
583913.308878897 6557260.45524251
584092.193115562 6556570.34331567
584174.217996815 6556198.47252281
583795.855275763 6556212.61878418
582387.732180669 6556211.37193764
581329.98470492 6556601.86927013
580857.187369744 6557165.14046575
579445.641180812 6557603.94949571
579283.553294806 6558319.50100005
577831.692402895 6558249.67239989
577577.052551949 6558482.70118837
576903.641590503 6558617.10607101
576215.637017157 6559756.89067885
    Pen (1,2,0)
    Brush (1,0,16777215)
Region 1
  20
575133.279906898 6563557.84522349
577112.504609882 6566059.24361324
578024.146306361 6565437.05505216
578759.099730296 6565588.99521841
579304.772831772 6565233.33799888
580327.798633483 6565554.53184708
580642.051051194 6565759.93753724
581276.654255035 6565356.97683342
581105.451394454 6564668.98033452
581563.910836468 6563668.48975095
580485.781650229 6562598.88267563
580119.670006139 6562512.81008089
579415.012031926 6562363.21565456
577698.151657246 6561093.60332513
576881.837859921 6559860.04630795
576215.637017157 6559756.89067885
575898.278261054 6559981.35100916
575571.568845893 6560618.04436625
575668.364073477 6562124.47704065
575133.279906898 6563557.84522349
    Pen (1,2,0)
    Brush (1,0,16777215)
Region 1
  22
531963.906959261 6561069.26727421
533019.100082735 6561296.10476254
533267.200866185 6561597.98915438
534021.859244603 6560888.30912899
534694.083746845 6560947.66982117
534816.19829128 6561635.07847443
535372.221045421 6561129.37847128
535519.843588243 6560389.77083459
534797.390371765 6559576.46066107
534149.627024273 6557831.7119104
535168.574949837 6555861.19886657
535124.764357257 6555482.68229843
534051.107592533 6555642.67472344
533469.908322643 6556581.51586618
532415.400878826 6556569.09320812
532119.422200995 6556336.94926222
532126.39263935 6556586.68098196
532538.946110518 6557200.53447803
532575.148310705 6558358.95940305
531056.004928944 6560471.51548244
531603.188445331 6560922.0892734
531963.906959261 6561069.26727421
    Pen (1,2,0)
    Brush (1,0,16777215)
Region 1
  25
576895.131570576 6523217.57788239
577592.64684107 6523088.47046637
578318.629194471 6523881.12335155
578325.500210261 6524609.33317949
578696.863653278 6525410.5386356
579394.801657113 6525655.50205008
580162.84137885 6525165.11830751
580190.416545298 6524793.61071456
579665.057468706 6524228.58578474
580056.087320037 6523194.62125136
581151.128274418 6522906.43265392
581818.219241944 6521573.32503629
582554.267366376 6521392.43845152
582866.585816449 6521618.9340053
582972.288521431 6521258.96510831
583547.814524202 6520304.09210049
583334.480043657 6519606.88145001
582993.536441188 6519805.55450434
581165.152340363 6519316.64364556
579466.757280056 6520205.8431168
577813.774317074 6521880.47725575
576722.74675432 6521715.22451713
576351.15581373 6521725.41590298
576292.201614708 6522791.47912608
576895.131570576 6523217.57788239
    Pen (1,2,0)
    Brush (1,0,16777215)
Region 1
  26
556451.431091967 6488213.83602738
557499.25682652 6488438.50844031
557779.288648484 6488052.72108321
557780.572411506 6488050.91200893
558381.826089425 6487222.64527722
560116.362660163 6488122.39074933
560502.587034552 6488778.78557447
560809.362174914 6490692.51853757
561434.824614918 6491019.31427546
562357.563869863 6490295.37251244
563820.805745618 6489833.99028514
564466.377916093 6488040.61508387
564780.530433345 6487804.80798394
564345.414685066 6486808.32781814
564271.981910679 6485320.87455805
563648.578629613 6484941.41054093
563452.309693125 6484264.15444391
563210.339603606 6483965.73892254
562565.743943503 6483548.88470707
562210.683321731 6483695.31153818
561978.589193162 6485494.62969847
560290.537509904 6486350.42662076
558163.033002244 6485591.92835312
557540.06604297 6486008.24362919
557433.504684646 6487129.22730589
556451.431091967 6488213.83602738
    Pen (1,2,0)
    Brush (1,0,16777215)
Region 1
  20
577803.766885806 6509367.01999048
578423.962100194 6509767.49146988
579990.659614261 6512221.25774203
580354.447912699 6511898.70452319
579903.563803733 6511289.9030388
579931.038461622 6510546.82705415
581058.825196384 6509537.90062361
582446.726072861 6509013.57539173
582533.249702053 6508630.19059503
583151.584047781 6507633.40609271
583004.911704707 6506471.1556186
582862.554347137 6506149.72784555
581861.305972604 6505906.20234658
580465.378530925 6505719.22100175
580276.932998003 6505010.81977437
579326.882562288 6504508.69390924
578425.355832558 6505656.30463477
577380.909480931 6508440.56499657
577850.990775911 6508991.35672104
577803.766885806 6509367.01999048
    Pen (1,2,0)
    Brush (1,0,16777215)
Region 1
  19
540749.36202359 6516924.12480216
542062.015779919 6517683.93016391
542432.342885592 6518689.16380873
543739.169601892 6519468.79990334
544082.219908247 6519643.59041487
545183.942886388 6519317.90465279
545554.137909089 6519212.11574313
545742.073907616 6518526.653159
546877.606203209 6518446.26979314
546996.007254991 6517725.31740261
545781.407085367 6516273.50682074
545517.385220156 6515990.25423967
545318.618467306 6515660.39945917
544103.310016046 6514748.22079438
543185.994335829 6515358.42030517
542987.161704834 6516067.25130245
542300.515247601 6516373.59775479
541570.720354667 6516164.15713991
540749.36202359 6516924.12480216
    Pen (1,2,0)
    Brush (1,0,16777215)
Region 1
  17
573634.045221246 6583873.39922512
573641.137636888 6584627.71777771
574640.069374008 6586191.29638432
574568.390851221 6588019.0906174
575244.999180144 6588326.29393405
576395.774959797 6586940.03293711
576752.888539904 6587024.78369701
576636.184570276 6586665.55287229
577534.428122985 6585981.120803
577854.120527631 6584515.16013445
578128.625929358 6584255.58318755
577874.341948132 6583992.9218031
577694.132744004 6583674.68809102
577328.244183992 6583723.70105832
575601.580065785 6583162.07188195
574553.741158876 6583317.18599349
573634.045221246 6583873.39922512
    Pen (1,2,0)
    Brush (1,0,16777215)
Region 1
  125
562273.611601935 6524509.23871686
562277.882296916 6524542.17446506
562284.458825827 6524612.05883705
562286.839507216 6524657.99900939
562286.322794379 6524715.95285933
562284.707111318 6524773.91585802
562280.35226414 6524838.89556802
562276.447489158 6524849.91849897
562269.145238051 6524932.90708859
562269.552740576 6524981.86108476
562274.022198328 6525038.674407
562283.422108638 6525087.65347987
562288.617022047 6525111.58937585
562302.912456867 6525148.5381417
562311.020567344 6525162.35857509
562320.161839374 6525180.26684513
562335.355711185 6525205.11865561
562355.561537042 6525231.92701483
562377.757175564 6525257.71968321
562382.802395033 6525263.67247708
562385.824536857 6525266.64471658
562387.947520964 6525269.62443947
562401.975892744 6525286.49290615
562408.02849309 6525293.43644657
562420.092111508 6525302.32822042
562448.248871665 6525324.074754
562479.352926168 6525339.80197394
562530.31662876 6525364.75573456
562613.78474451 6525405.6248828
562594.295102287 6525356.8296881
562709.962105537 6525316.90091231
562650.727297703 6525162.52867611
562672.573639953 6525146.36076338
562692.446803707 6525133.20666455
562711.312586294 6525119.06181937
562755.013583966 6525087.72505387
562793.577769228 6525051.43538884
562834.215140594 6525000.14151202
562856.803551191 6524953.0942924
562864.495824126 6524916.96166293
562871.889521486 6524844.9627409
562973.061108593 6524876.09285178
563060.270860079 6524898.34698979
563156.971194118 6524884.45352407
563179.65107875 6524848.39597429
563233.301107876 6524811.98073802
563209.71549066 6524739.24053843
563181.242680039 6524679.5297125
563172.734510639 6524617.65445729
563174.723489105 6524616.53885929
563195.444961219 6524609.27256442
563212.580616318 6524603.33498431
563287.119480473 6524555.75545595
563253.742841194 6524507.07588676
563187.047790061 6524416.71017695
563115.390699603 6524330.38229039
563042.917529477 6524266.0420559
562987.603098946 6524222.54073307
562914.563356808 6524210.15996422
562870.571303658 6524206.5295945
562842.464461621 6524190.77745204
562803.234855273 6524159.13180729
562781.748034067 6524098.46363865
562752.067338607 6524025.67428755
562714.707167366 6523954.54746332
562701.407364088 6523929.18035115
562645.818509556 6523852.7100341
562551.182234718 6523766.47353095
562439.596879476 6523684.57449116
562369.363118045 6523649.19041016
562332.996514352 6523721.43032224
562427.540415985 6523796.5772179
562439.595700065 6523804.46991608
562445.65650222 6523824.4020642
562447.796117167 6523829.37990441
562451.867217975 6523838.33818754
562456.813357606 6523844.39171224
562459.934570922 6523847.2632108
562465.970531757 6523852.20862264
562497.049600885 6523864.93864239
562502.103132056 6523871.89048988
562502.169664624 6523879.88297283
562499.214058327 6523884.90321972
562485.277074965 6523891.01399201
562450.368083743 6523898.29843912
562443.407908416 6523902.35288544
562438.454175698 6523907.38976219
562436.489315638 6523911.40263367
562434.690785909 6523935.39671319
562419.962651225 6523966.49231049
562399.406575196 6524005.62945004
562358.835750848 6524064.91576126
562322.327816236 6524120.1717405
562308.498111204 6524139.1703929
562302.571094633 6524147.31267252
562291.656246435 6524156.3956809
562269.851498723 6524177.55887929
562250.028244137 6524196.7073268
562221.396488955 6524225.92038199
562201.424260195 6524239.17520317
562198.451187562 6524242.0974233
562192.406799186 6524248.14250714
562189.551097117 6524253.16192311
562187.577919397 6524256.17573453
562179.743422609 6524275.22440477
562192.67292152 6524280.11244761
562200.798600055 6524284.0413406
562209.848384681 6524290.95993222
562214.801177938 6524297.81270837
562221.012724988 6524311.84874364
562225.133723754 6524326.80139471
562228.205761101 6524335.76799654
562229.221457209 6524337.75780314
562233.28424167 6524345.71702955
562235.307317563 6524348.69758207
562239.345153019 6524353.65962641
562245.406064444 6524361.60222328
562252.449406638 6524367.53838394
562256.478925848 6524371.50136758
562276.568307562 6524384.32286066
562265.811468316 6524412.3880244
562266.993492152 6524434.35904625
562268.100668591 6524447.33852146
562270.265123233 6524467.30310748
562273.611601935 6524509.23871686
    Pen (1,2,0)
    Brush (1,0,16777215)
Region 1
  277
561547.843732328 6525181.69867872
561548.884375426 6525186.6856709
561550.9157668 6525190.66528755
561557.884151233 6525199.59947083
561563.706165106 6525202.8481504
561556.192993189 6525224.49189446
561542.381559163 6525245.68848791
561535.438005107 6525251.74105562
561526.463059579 6525253.81400643
561506.473461322 6525252.98122962
561578.509194495 6525264.77096454
561728.582534393 6525289.19969221
562065.30779211 6525303.28267139
562383.234851228 6525315.62366947
562408.02849309 6525293.43644657
562401.975892744 6525286.49290615
562387.947520964 6525269.62443947
562385.824536857 6525266.64471658
562382.802395033 6525263.67247708
562377.757175564 6525257.71968321
562355.561537042 6525231.92701483
562335.355711185 6525205.11865561
562320.161839374 6525180.26684513
562311.020567344 6525162.35857509
562302.912456867 6525148.5381417
562288.617022047 6525111.58937585
562283.422108638 6525087.65347987
562274.022198328 6525038.674407
562269.552740576 6524981.86108476
562269.145238051 6524932.90708859
562276.447489158 6524849.91849897
562280.35226414 6524838.89556802
562284.707111318 6524773.91585802
562286.322794379 6524715.95285933
562286.839507216 6524657.99900939
562284.458825827 6524612.05883705
562277.882296916 6524542.17446506
562273.611601935 6524509.23871686
562270.265123233 6524467.30310748
562268.100668591 6524447.33852146
562266.993492152 6524434.35904625
562265.811468316 6524412.3880244
562276.568307562 6524384.32286066
562256.478925848 6524371.50136758
562252.449406638 6524367.53838394
562245.406064444 6524361.60222328
562239.345153019 6524353.65962641
562235.307317563 6524348.69758207
562233.28424167 6524345.71702955
562229.221457209 6524337.75780314
562228.205761101 6524335.76799654
562225.133723754 6524326.80139471
562221.012724988 6524311.84874364
562214.801177938 6524297.81270837
562209.848384681 6524290.95993222
562200.798600055 6524284.0413406
562192.67292152 6524280.11244761
562179.743422609 6524275.22440477
562187.577919397 6524256.17573453
562189.551097117 6524253.16192311
562192.406799186 6524248.14250714
562198.451187562 6524242.0974233
562201.424260195 6524239.17520317
562221.396488955 6524225.92038199
562250.028244137 6524196.7073268
562269.851498723 6524177.55887929
562291.656246435 6524156.3956809
562302.571094633 6524147.31267252
562308.498111204 6524139.1703929
562322.327816236 6524120.1717405
562358.835750848 6524064.91576126
562399.406575196 6524005.62945004
562419.962651225 6523966.49231049
562434.690785909 6523935.39671319
562436.489315638 6523911.40263367
562438.454175698 6523907.38976219
562443.407908416 6523902.35288544
562450.368083743 6523898.29843912
562485.277074965 6523891.01399201
562499.214058327 6523884.90321972
562502.169664624 6523879.88297283
562502.103132056 6523871.89048988
562497.049600885 6523864.93864239
562465.970531757 6523852.20862264
562459.934570922 6523847.2632108
562456.813357606 6523844.39171224
562451.867217975 6523838.33818754
562447.796117167 6523829.37990441
562445.65650222 6523824.4020642
562439.595700065 6523804.46991608
562427.540415985 6523796.5772179
562332.996514352 6523721.43032224
562300.851875728 6523700.71615667
562249.609459189 6523666.2730515
562203.369012573 6523632.587619
562171.182802569 6523606.87815738
562151.043554864 6523588.06233147
562134.917189591 6523571.21136455
562121.788013018 6523554.33545338
562112.646772349 6523536.42722422
562104.471333338 6523514.51444454
562092.100076252 6523468.65750923
562077.348190754 6523376.86049559
562072.169941307 6523354.92277424
562064.019450489 6523336.00717419
562052.863457248 6523316.11745992
562031.675263534 6523291.31559959
562014.566473086 6523276.4710685
561951.159057537 6523220.94770003
561936.057540931 6523207.18550431
561867.572378154 6523153.80256469
561822.398508099 6523116.21166363
561795.191005807 6523088.46251707
561776.000947807 6523063.64402965
561758.775755159 6523034.81267901
561744.564379947 6523007.95450223
561719.047226863 6522955.21309638
561702.713132408 6522901.3961398
561696.36940576 6522871.47510498
561686.237558819 6522842.58472476
561675.073263619 6522821.69595849
561618.352383143 6522741.23867788
561582.078634765 6522692.58331271
561571.979923733 6522679.67870033
561563.912595825 6522670.75369208
561550.833329412 6522659.87213999
561445.308237707 6522585.81579474
561307.730174829 6522490.04539872
561215.242673999 6522433.86484032
561136.916780627 6522386.55857057
561067.632334009 6522345.17181896
560934.083707856 6522265.35391493
560840.672983535 6522206.28356298
560808.527594005 6522185.46949381
560793.433591659 6522172.60645353
560781.345087618 6522160.71752888
560765.302046766 6522141.86762476
560758.167003623 6522148.92089016
560754.428768765 6522155.94588782
560754.453710773 6522158.94306111
560755.419377963 6522166.92804063
560762.512575195 6522178.8585357
560770.579891865 6522187.78354346
560789.695081585 6522203.61050134
560814.846210356 6522224.38286395
560853.043336839 6522252.04054843
560860.086651199 6522257.97669691
560888.243281215 6522279.72317511
560914.38516127 6522299.48816576
560955.645991462 6522335.11337095
561011.051656638 6522389.60427929
561013.066408214 6522391.58576688
561053.428787226 6522439.30788902
561084.739752272 6522479.91162229
561087.670288302 6522483.88374329
561117.183776568 6522524.60234902
561149.470394817 6522574.38993631
561158.585834856 6522589.20107437
561163.680916395 6522601.14820095
561169.924719232 6522631.07006053
561173.138079349 6522657.02063075
561172.521480587 6522702.98562301
561176.74221725 6522729.92693863
561186.008150187 6522762.82103326
561197.305465342 6522799.69473347
561199.345161426 6522804.67339653
561221.740247361 6522854.44339969
561241.038375585 6522892.2496468
561260.170914507 6522922.16416492
561265.340130136 6522931.01338201
561289.77505088 6522973.7725206
561312.911324499 6523004.55293583
561336.115078926 6523031.43619202
561363.296791311 6523056.08826254
561296.692204908 6523096.6076614
561294.602488725 6523097.62417989
561192.481731273 6523168.51288633
561149.704003105 6523202.73931232
561109.02513445 6523237.04818349
561057.58119701 6523286.43355644
561045.608941476 6523300.52097733
561036.74209349 6523315.58168335
561027.942590727 6523338.7347646
561018.134879364 6523360.79719557
560945.390987364 6523624.0732928
560943.509260194 6523638.07674468
560942.601653258 6523649.07470617
560942.684794936 6523659.06529495
560943.766999427 6523669.04756991
560944.849203936 6523679.02984495
560947.971104994 6523693.9907868
560952.058812288 6523704.94717925
560957.162210892 6523717.89337575
560966.295117888 6523734.80255253
560974.462219086 6523755.71627924
560983.628383541 6523776.62169238
560987.757662603 6523792.57338044
560989.888815885 6523808.54169651
560989.047722954 6523827.53213152
560986.175257617 6523842.54296987
560985.225964997 6523860.53520049
560983.50236803 6523881.5312634
560991.435446658 6523994.36688698
560992.517663539 6524004.34917715
560993.574934306 6524011.33428615
560998.645088413 6524020.2842605
561002.707864056 6524028.24348835
561003.765134897 6524035.22859746
561003.831657973 6524043.22108094
561002.907433264 6524052.22093879
561000.967514601 6524059.23098969
561002.96564095 6524059.21436192
561008.876744454 6524061.16343088
561012.99784965 6524064.12652528
561016.037447694 6524069.19679192
561017.068109376 6524072.98490777
561018.109581078 6524078.07180222
561018.158641911 6524083.96625897
561017.20198723 6524089.06978126
561014.238059205 6524093.09096483
561009.176098433 6524097.12960758
561007.286193731 6524098.14446444
561002.299193088 6524099.18509435
560996.313129231 6524100.23403811
560989.319686785 6524100.29223524
560978.537875607 6524125.36019999
560960.013018487 6524180.46649165
560955.084102703 6524200.49010313
560954.309675904 6524215.48349393
560954.467667437 6524234.46564472
560958.754957831 6524269.39950991
560966.114276718 6524313.2999801
560979.684175974 6524383.12614609
560996.301159368 6524458.9217384
560996.317790118 6524460.91985988
561004.476605681 6524480.8345639
561014.633548543 6524500.73264041
561025.788723721 6524520.52249719
561042.964889892 6524543.45946536
561061.155919568 6524568.28633538
561080.329382672 6524591.10677004
561089.445686746 6524606.01785736
561096.579663156 6524622.84378829
561099.735679217 6524641.90090909
561102.882548364 6524659.85906317
561109.025777044 6524677.69236956
561123.279595045 6524709.64582965
561143.576857434 6524747.4438662
561167.919437521 6524791.10310744
561197.258169774 6524834.8206858
561225.565409561 6524874.65024094
561263.920667178 6524921.29017774
561299.128935878 6524961.96152209
561377.846026577 6525044.23426591
561408.092363249 6525076.95386098
561417.158780423 6525085.87058444
561431.253780569 6525098.74198195
561436.282363444 6525102.69665598
561441.31094635 6525106.65133001
561447.230371171 6525109.59946004
561457.354180604 6525113.51173171
561469.267989585 6525116.40997653
561483.371423707 6525118.29086876
561501.362891776 6525119.14027415
561518.372759 6525122.09602214
561529.386579014 6525124.90184314
561541.425242087 6525130.79643967
561547.452889471 6525134.74279915
561551.096088507 6525140.30761085
561562.124760628 6525156.90130846
561560.632817209 6525157.71302888
561555.66161282 6525160.65187786
561552.689368096 6525163.67400444
561549.725439164 6525167.6951923
561548.751322527 6525170.70069038
561547.793837495 6525175.70431103
561547.843732328 6525181.69867872
    Pen (1,2,0)
    Brush (1,0,16777215)
Region 1
  424
557240.253575115 6525754.28243735
557272.513017777 6525776.79415716
557324.597287438 6525792.34679918
557398.669254468 6525808.71558319
557483.730915333 6525824.99290343
557528.846687361 6525843.60092512
557572.105651533 6525879.20962736
557607.297452384 6525893.90371364
557625.222243181 6525898.75019149
557666.151251957 6525906.502524
557714.354980604 6525923.98579656
557782.673656781 6525969.37724553
557830.020326685 6526015.9423651
557870.465832377 6526073.65527696
557923.964835224 6526139.15268714
557981.517456294 6526211.51036713
558016.750686972 6526243.18933367
558100.196662887 6526305.44010851
558102.203933896 6526306.52244692
558201.74217174 6526381.52808056
558296.418948209 6526472.6601894
558374.144912289 6526567.92990539
558397.489160624 6526611.69740073
558421.815847269 6526653.45845679
558508.707986294 6526769.63365182
558596.973312938 6526930.758353
558610.960205528 6526930.64193706
558646.368055669 6526983.30121765
558671.010673037 6527063.02666313
558683.390177929 6527109.88282676
558759.036369972 6527075.28271346
558850.74240301 6527049.54111167
558877.736001214 6526931.51878487
558920.847381733 6526709.25278901
558922.488424802 6526702.34512141
558934.368700176 6526653.18887291
559036.741558495 6526468.49656784
559059.13804527 6526398.37094796
559105.17949215 6526288.08326668
559164.182422802 6526294.58607019
559200.206067238 6526301.18022935
559315.290399715 6526323.30223876
559402.267105727 6526329.57218549
559571.092175691 6526326.16864792
559710.028623736 6526321.01562008
559713.125452444 6526344.96899462
559750.179584843 6526595.44255047
559807.126204994 6526594.96852206
559982.86992264 6526582.51515448
560006.830817523 6526580.31743506
560125.070828141 6526501.40091343
560106.664808884 6526342.69223738
560107.439505916 6526303.71966647
560247.76622339 6526237.50826523
560614.43344272 6526115.66047171
560690.229325427 6526099.04365096
560712.233696108 6526101.85793778
560825.368327142 6526129.79138662
560895.453370486 6526147.29244863
560919.497448693 6526155.08541459
560952.558056726 6526165.80074218
561035.663377108 6526187.09006018
561077.723886248 6526198.72962249
561124.763089651 6526208.32949009
561222.746287338 6526216.50628244
561340.702468624 6526223.5177246
561335.675902524 6526099.76720027
561321.847351071 6525998.87012412
561408.891898321 6525893.23699164
561518.590483084 6525760.43879937
561390.736472511 6525632.6149133
561402.575563219 6525614.532035
561405.406442659 6525594.52586087
561399.137638711 6525561.60671391
561372.563237363 6525489.89045092
561352.049749671 6525426.11679834
561340.660892111 6525378.25330436
561337.331073946 6525338.3157904
561343.092621097 6525310.29218718
561361.783792265 6525275.16707168
561382.630256844 6525258.90758761
561390.573707345 6525252.9466127
561401.496887178 6525244.86266657
561430.386589423 6525234.63094294
561470.31577329 6525242.29169782
561506.473461322 6525252.98122962
561526.463059579 6525253.81400643
561535.438005107 6525251.74105562
561542.381559163 6525245.68848791
561556.192993189 6525224.49189446
561563.706165106 6525202.8481504
561557.884151233 6525199.59947083
561550.9157668 6525190.66528755
561548.884375426 6525186.6856709
561547.843732328 6525181.69867872
561547.793837495 6525175.70431103
561548.751322527 6525170.70069038
561549.725439164 6525167.6951923
561552.689368096 6525163.67400444
561555.66161282 6525160.65187786
561560.632817209 6525157.71302888
561562.124760628 6525156.90130846
561551.096088507 6525140.30761085
561547.452889471 6525134.74279915
561541.425242087 6525130.79643967
561529.386579014 6525124.90184314
561518.372759 6525122.09602214
561501.362891776 6525119.14027415
561483.371423707 6525118.29086876
561469.267989585 6525116.40997653
561457.354180604 6525113.51173171
561447.230371171 6525109.59946004
561441.31094635 6525106.65133001
561436.282363444 6525102.69665598
561431.253780569 6525098.74198195
561417.158780423 6525085.87058444
561408.092363249 6525076.95386098
561377.846026577 6525044.23426591
561299.128935878 6524961.96152209
561263.920667178 6524921.29017774
561225.565409561 6524874.65024094
561197.258169774 6524834.8206858
561167.919437521 6524791.10310744
561143.576857434 6524747.4438662
561123.279595045 6524709.64582965
561109.025777044 6524677.69236956
561102.882548364 6524659.85906317
561099.735679217 6524641.90090909
561096.579663156 6524622.84378829
561089.445686746 6524606.01785736
561080.329382672 6524591.10677004
561061.155919568 6524568.28633538
561042.964889892 6524543.45946536
561025.788723721 6524520.52249719
561014.633548543 6524500.73264041
561004.476605681 6524480.8345639
560996.317790118 6524460.91985988
560996.301159368 6524458.9217384
560979.684175974 6524383.12614609
560966.114276718 6524313.2999801
560958.754957831 6524269.39950991
560954.467667437 6524234.46564472
560954.309675904 6524215.48349393
560955.084102703 6524200.49010313
560960.013018487 6524180.46649165
560978.537875607 6524125.36019999
560989.319686785 6524100.29223524
560996.313129231 6524100.23403811
561002.299193088 6524099.18509435
561007.286193731 6524098.14446444
561009.176098433 6524097.12960758
561014.238059205 6524093.09096483
561017.20198723 6524089.06978126
561018.158641911 6524083.96625897
561018.109581078 6524078.07180222
561017.068109376 6524072.98490777
561016.037447694 6524069.19679192
561012.99784965 6524064.12652528
561008.876744454 6524061.16343088
561002.96564095 6524059.21436192
561000.967514601 6524059.23098969
561002.907433264 6524052.22093879
561003.831657973 6524043.22108094
561003.765134897 6524035.22859746
561002.707864056 6524028.24348835
560998.645088413 6524020.2842605
560993.574934306 6524011.33428615
560992.517663539 6524004.34917715
560991.435446658 6523994.36688698
560983.50236803 6523881.5312634
560985.225964997 6523860.53520049
560986.175257617 6523842.54296987
560989.047722954 6523827.53213152
560989.888815885 6523808.54169651
560987.757662603 6523792.57338044
560983.628383541 6523776.62169238
560974.462219086 6523755.71627924
560966.295117888 6523734.80255253
560957.162210892 6523717.89337575
560952.058812288 6523704.94717925
560947.971104994 6523693.9907868
560944.849203936 6523679.02984495
560943.766999427 6523669.04756991
560942.684794936 6523659.06529495
560942.601653258 6523649.07470617
560943.509260194 6523638.07674468
560945.390987364 6523624.0732928
561018.134879364 6523360.79719557
561027.942590727 6523338.7347646
561036.74209349 6523315.58168335
561045.608941476 6523300.52097733
561057.58119701 6523286.43355644
561109.02513445 6523237.04818349
561149.704003105 6523202.73931232
561192.481731273 6523168.51288633
561294.602488725 6523097.62417989
561296.692204908 6523096.6076614
561363.296791311 6523056.08826254
561336.115078926 6523031.43619202
561312.911324499 6523004.55293583
561289.77505088 6522973.7725206
561265.340130136 6522931.01338201
561260.170914507 6522922.16416492
561241.038375585 6522892.2496468
561221.740247361 6522854.44339969
561199.345161426 6522804.67339653
561197.305465342 6522799.69473347
561186.008150187 6522762.82103326
561176.74221725 6522729.92693863
561172.521480587 6522702.98562301
561173.138079349 6522657.02063075
561169.924719232 6522631.07006053
561163.680916395 6522601.14820095
561158.585834856 6522589.20107437
561149.470394817 6522574.38993631
561117.183776568 6522524.60234902
561087.670288302 6522483.88374329
561084.739752272 6522479.91162229
561053.428787226 6522439.30788902
561013.066408214 6522391.58576688
561011.051656638 6522389.60427929
560955.645991462 6522335.11337095
560914.38516127 6522299.48816576
560888.243281215 6522279.72317511
560860.086651199 6522257.97669691
560853.043336839 6522252.04054843
560814.846210356 6522224.38286395
560789.695081585 6522203.61050134
560770.579891865 6522187.78354346
560762.512575195 6522178.8585357
560755.419377963 6522166.92804063
560754.453710773 6522158.94306111
560754.428768765 6522155.94588782
560758.167003623 6522148.92089016
560765.302046766 6522141.86762476
560781.345087618 6522160.71752888
560793.433591659 6522172.60645353
560808.527594005 6522185.46949381
560840.672983535 6522206.28356298
560934.083707856 6522265.35391493
561067.632334009 6522345.17181896
561136.916780627 6522386.55857057
561215.242673999 6522433.86484032
561307.730174829 6522490.04539872
561445.308237707 6522585.81579474
561550.833329412 6522659.87213999
561563.912595825 6522670.75369208
561571.979923733 6522679.67870033
561582.078634765 6522692.58331271
561618.352383143 6522741.23867788
561675.073263619 6522821.69595849
561686.237558819 6522842.58472476
561696.36940576 6522871.47510498
561702.713132408 6522901.3961398
561719.047226863 6522955.21309638
561744.564379947 6523007.95450223
561758.775755159 6523034.81267901
561776.000947807 6523063.64402965
561795.191005807 6523088.46251707
561822.398508099 6523116.21166363
561867.572378154 6523153.80256469
561936.057540931 6523207.18550431
561951.159057537 6523220.94770003
562014.566473086 6523276.4710685
562031.675263534 6523291.31559959
562052.863457248 6523316.11745992
562064.019450489 6523336.00717419
562072.169941307 6523354.92277424
562077.348190754 6523376.86049559
562092.100076252 6523468.65750923
562104.471333338 6523514.51444454
562112.646772349 6523536.42722422
562121.788013018 6523554.33545338
562134.917189591 6523571.21136455
562151.043554864 6523588.06233147
562171.182802569 6523606.87815738
562203.369012573 6523632.587619
562249.609459189 6523666.2730515
562300.851875728 6523700.71615667
562332.996514352 6523721.43032224
562369.363118045 6523649.19041016
562317.045967378 6523605.66418606
562268.691810224 6523558.10846635
562198.07555416 6523476.76766868
562172.741425636 6523434.01600471
562156.082877397 6523353.22527033
562116.445895697 6523272.62578243
562071.971599406 6523211.04998978
562005.467214774 6523143.56286664
561921.055386892 6523085.31684412
561867.723424597 6523039.90073296
561834.2812444 6522983.32868447
561796.915991953 6522935.58161175
561765.254921605 6522852.91751207
561762.282806749 6522843.95009855
561718.308588914 6522734.41203589
561670.596022974 6522643.88851655
561622.075645817 6522576.35165664
561579.990459162 6522549.72546611
561529.737913398 6522526.16462897
561457.664122834 6522509.77928536
561402.524494766 6522487.25824423
561380.353902416 6522464.46282553
561354.954018001 6522425.8081584
561307.732189908 6522382.23955041
561236.290806566 6522321.78742775
561196.095676361 6522282.15685218
561163.767226426 6522251.3530408
561121.592137178 6522225.92654801
561044.530551846 6522210.48191481
560970.383842288 6522185.1216628
560915.202672942 6522157.60532354
560878.012923624 6522130.93838669
560822.407742252 6522052.47010211
560777.800555792 6521974.90942408
560694.205054192 6521894.67582551
560638.091358918 6521875.1602595
560561.929935699 6521847.81851085
560445.997293922 6521843.78763638
560427.248749842 6521872.01911506
560362.342208014 6521876.45583753
560292.324802443 6521867.0472266
560243.3209329 6521861.46025444
560132.317089632 6521849.39532498
560082.231049367 6521833.82612626
560036.124536628 6521828.21517803
559948.28228673 6521825.9490328
559794.384762547 6521822.134579
559670.58537446 6521833.25629035
559582.68478415 6521835.98623991
559538.810135253 6521846.44263477
559482.120772555 6521865.79801223
559445.264320892 6521891.18288336
559432.661734127 6521913.56831068
559424.589981096 6521928.12283588
559389.431000039 6522025.43069688
559362.655742006 6522061.62213358
559268.626369862 6522156.322736
559197.176199007 6522214.8668266
559143.526222407 6522251.28196066
559081.85067303 6522271.7778658
558967.008518583 6522290.71805212
558815.242870863 6522302.97167257
558794.279240175 6522305.14441618
558745.425055864 6522317.5405726
558695.646617634 6522338.93656155
558545.495088274 6522425.11210209
558425.132475564 6522489.05889836
558383.346501222 6522510.38835376
558310.714338103 6522546.9614469
558304.744912597 6522550.00851156
558233.119945889 6522599.56186815
558174.558064812 6522622.03007019
558134.811585586 6522660.32770242
558056.060372768 6522681.9648064
558027.095940247 6522683.20499982
557980.156736487 6522685.59392008
557793.21548271 6522661.07256793
557665.170228518 6522654.24513648
557459.298017509 6522660.05492625
557408.860554812 6522710.33111905
557320.70894384 6522790.99490127
557306.504040072 6522897.02058068
557292.275213735 6522988.15947282
557256.198356765 6523095.26640373
557279.50934648 6523123.047966
557276.086339979 6523204.00575844
557361.964004231 6523198.29542786
557367.349900435 6523245.20958724
557289.955031572 6523309.79783375
557310.467283193 6523373.47136489
557379.279485577 6523358.11160835
557416.641979654 6523405.55895736
557413.236614987 6523476.62525926
557476.335356016 6523495.08355527
557449.117910589 6523586.23067185
557331.56094226 6523639.16364213
557323.292580847 6523714.16702333
557330.709841657 6523765.06080582
557243.748141896 6523880.68419858
557091.905774195 6524003.84158106
557088.840515922 6524115.76962777
557263.050464597 6524159.18078034
557249.227562713 6524419.16951898
557217.28252188 6524422.43275808
557194.329037338 6524425.62116835
557169.285835303 6524429.82609898
557206.698588601 6524591.3738291
557167.010578054 6524612.6858486
557148.985586438 6524631.81932701
557134.423904454 6524658.91702567
557146.438259996 6524673.90390872
557175.651288315 6524702.53566148
557185.716720831 6524711.44406894
557200.827338569 6524726.30527173
557239.182384217 6524772.94520223
557262.501625568 6524813.71548071
557271.726091288 6524829.62479927
557294.937115887 6524869.39684897
557277.26987297 6524907.5108333
557179.088298115 6524875.45651887
557056.726498655 6524939.32011811
557063.261175618 6525004.20921726
557006.447623519 6525020.6681048
556982.344613058 6525005.78181753
556973.187637976 6524985.97532426
556951.23320526 6524989.15541819
556965.743751033 6525051.97988506
556974.284860927 6525117.85142344
557012.215981056 6525113.53924125
557065.066537253 6525101.10985435
557088.95933313 6525210.81538517
557115.917393814 6525208.59277864
557133.682822083 6525302.36321763
557103.702634813 6525301.61358283
557084.870227926 6525307.76509054
557080.074254647 6525343.77370881
557085.434638394 6525375.60137069
557095.659515552 6525415.68133645
557114.165491942 6525478.37265757
557147.691491177 6525545.03542041
557154.059926565 6525589.94331245
557189.901340708 6525586.64764461
557240.253575115 6525754.28243735
    Pen (1,2,0)
    Brush (1,0,16777215)
Region 1
  24
582537.853656111 6549882.47712274
583533.541192174 6549838.405394
584792.541013224 6550469.16020974
584783.803393128 6550822.93300492
586138.812102004 6551141.14948286
586769.901477313 6551156.06709745
587719.141955251 6549222.5809176
587353.743122092 6549125.71469241
586777.726642547 6548155.44941028
586485.938181667 6546678.74223231
586749.327830018 6545591.16896539
586845.291261262 6545225.47921133
586470.097073152 6545199.83422263
585860.761716972 6545612.27090789
585072.099617676 6544853.80266963
584330.23374032 6544961.70473545
584323.011077273 6545341.44125795
583387.8077467 6546969.86022535
583620.102663964 6548453.659478
583016.346943406 6548876.53852892
581885.484397612 6548933.72650999
581768.253574217 6549253.43313055
582353.519821229 6549596.25833577
582537.853656111 6549882.47712274
    Pen (1,2,0)
    Brush (1,0,16777215)
Region 1
  19
559758.964705183 6506879.67056439
560857.396758157 6508428.74964066
562362.17391326 6508549.60473713
562752.145837554 6509199.68124202
562611.077176909 6510304.68194078
562792.61990196 6510641.07261098
564101.023937306 6510635.97380923
564430.978608612 6510617.44033742
565167.647328666 6509419.7566231
565468.417172487 6509220.02592884
565510.929145829 6508122.14051322
564295.121637649 6507296.30349794
564728.723720743 6506310.66091948
564588.863118935 6505580.57249724
564252.648245716 6505399.03542904
563368.774672288 6504684.13494642
562310.925944124 6504385.61524295
561893.423980983 6505793.24769551
559758.964705183 6506879.67056439
    Pen (1,2,0)
    Brush (1,0,16777215)
Region 1
  23
539077.512126659 6540587.4712297
539260.977074035 6541167.44830213
540539.483305132 6542021.98167688
540772.047245868 6543556.63474649
540104.559226558 6543946.05445344
540063.101499434 6545353.69738554
540154.097259094 6545699.24566737
540671.622734966 6545455.04916151
543436.688672066 6543644.39080222
544179.802705657 6543542.49440606
544595.541482324 6542929.05885732
544923.4791847 6543111.67383214
545251.27234955 6542904.32317572
545549.285532481 6541831.06049998
545003.685261987 6541281.97050503
544662.22583986 6539016.15259635
543529.725162757 6539006.78516627
542580.966112408 6538360.33440745
542248.321751874 6538536.85080019
541386.216013432 6539636.88027434
540325.639055128 6539998.59350661
539804.710375301 6540542.36092506
539077.512126659 6540587.4712297
    Pen (1,2,0)
    Brush (1,0,16777215)
Region 1
  18
579743.635757306 6546099.00718051
579753.05369067 6546485.39969722
581174.085534976 6546957.34266029
581260.841311211 6548493.81224995
581885.484397612 6548933.72650999
583016.346943406 6548876.53852892
583620.102663964 6548453.659478
583387.8077467 6546969.86022535
584323.011077273 6545341.44125795
584330.23374032 6544961.70473545
584286.42930031 6544262.16719402
583446.526298015 6543696.96054677
583205.336055491 6543062.71502597
582972.970069822 6543366.39468519
582301.786572264 6544174.10569189
581624.004069099 6543867.42296757
581315.555385442 6544093.60342071
579743.635757306 6546099.00718051
    Pen (1,2,0)
    Brush (1,0,16777215)
Region 1
  19
563782.293823339 6583276.02687468
564381.610571665 6583720.86547631
565021.072437607 6585457.40335305
564564.814215329 6586651.82082039
565550.702904355 6587802.35745505
566290.072653135 6588003.42993308
567004.567378361 6587725.70342005
567771.123590932 6587724.11527195
568026.892687191 6587242.3799494
568830.597356716 6586471.51537894
567650.567784046 6584985.57744356
567533.239858608 6584623.15455462
568019.655082389 6583630.61983122
566714.179439185 6581850.77283679
566659.876252201 6581473.53766162
566300.173674233 6581485.52561599
563528.601261134 6582209.02286815
563257.282338508 6582419.6093308
563782.293823339 6583276.02687468
    Pen (1,2,0)
    Brush (1,0,16777215)
Region 1
  85
559205.507384965 6516011.23302273
559159.578649909 6516699.41133941
559988.030823944 6518197.79408519
560822.27985073 6517787.00520148
561024.179137396 6518468.42598313
562202.382971871 6519852.89861568
562347.576195576 6520191.39286018
562347.678596201 6520191.69174562
562390.510800421 6520188.03811995
562420.399423655 6520177.79808503
562448.256781827 6520151.58894304
562472.924633017 6520126.30556182
562504.745677387 6520108.15634641
562547.630383269 6520098.80726097
562596.426285032 6520079.41771338
562650.925482362 6520025.01128858
562674.403830579 6519976.85782528
562720.077920263 6519930.51786312
562760.69006878 6519888.21653741
562799.403888933 6519857.92052075
562851.296744917 6519850.49469401
562918.108955593 6519834.95167249
562985.8287442 6519808.41071004
563034.367649043 6519758.1503018
563068.768366924 6519689.8234928
563084.30422403 6519635.74138851
563060.652246585 6519555.0090981
563026.035686755 6519465.37595323
563011.258706238 6519382.57154676
563015.07198147 6519360.55904624
562997.381101142 6519275.78065122
562989.880398221 6519214.89644441
563007.514163936 6519172.78639865
563068.91521642 6519107.33214928
563135.378083385 6519049.8287645
563209.791825378 6518987.26356634
563242.511247891 6518957.01744612
563275.297201091 6518934.76377256
563316.250266595 6518933.42373998
563393.360707758 6518954.76259616
563435.470850308 6518972.39630652
563460.680173367 6519000.16195843
563526.776032428 6519018.59512423
563574.955381349 6519045.17043633
563603.120300363 6519067.91585777
563614.342814807 6519095.79794381
563614.733710111 6519142.75358023
563595.268191667 6519204.86139418
563568.884113496 6519276.01893248
563555.321455027 6519327.08723238
563539.560242107 6519354.09491114
563532.592614616 6519357.25020175
563511.687236838 6519366.41635649
563477.843998258 6519381.68496376
563456.064312294 6519405.84527816
563441.394469871 6519443.93416489
563436.673629134 6519476.94460563
563451.934898187 6519497.89911481
563505.949664893 6519517.33207491
563513.942134407 6519517.26554246
563577.899355984 6519518.83129951
563653.752132312 6519509.10782216
563729.464349478 6519482.50028747
563784.346038998 6519474.05041537
563857.343857789 6519481.43574053
563922.307622332 6519483.89231487
563974.200451873 6519476.46644179
564013.063931681 6519464.15340478
564036.924896391 6519449.96700823
564047.819723526 6519438.48627859
564044.775970517 6519432.91651365
563356.320765464 6518562.01514929
562613.675335419 6518658.71777137
561883.961337541 6517824.2283115
561672.083909793 6516388.1532322
562297.539079713 6515980.40039179
562138.710839105 6515660.20482191
562314.276401954 6514978.34107042
562875.15662212 6514566.92938903
562503.111143328 6514522.26854382
560760.292880849 6513135.80826096
560538.820055498 6513463.86454392
559170.813147522 6514243.07644951
559135.22480816 6514600.95818339
559205.507384965 6516011.23302273
    Pen (1,2,0)
    Brush (1,0,16777215)
Region 1
  32
548790.654893501 6496899.87439912
549682.561953224 6497597.13038233
549101.243112697 6498998.02705826
549129.873293776 6499749.52262034
549844.585467506 6500055.90051243
550218.614754273 6500676.13666065
549277.568770105 6503225.21298562
549309.381815626 6503614.80257492
549874.164502514 6504129.94282274
552391.296222755 6505112.20935829
553480.467301014 6504792.62212821
553867.305219261 6504850.54904628
554663.297556194 6504081.80086057
554831.178281784 6502619.89972851
555586.460562868 6502614.61321946
555964.370846316 6501983.72548453
556068.449941361 6501620.08131746
555883.846395894 6501299.70311285
556166.561734513 6500227.29937662
556942.401557753 6499018.8095791
557183.449544078 6498738.35075362
557174.393495384 6498406.52114811
556570.136562384 6497674.40573426
556252.390028604 6497898.75298757
555266.860890155 6499037.94947792
554140.170710429 6498005.35073001
552329.309277833 6497334.62665904
550720.30563911 6495719.75947878
550517.075703038 6494252.85715494
550248.130271562 6494494.78055087
549740.831624602 6495845.90133326
548790.654893501 6496899.87439912
    Pen (1,2,0)
    Brush (1,0,16777215)
Region 1
  21
581329.98470492 6556601.86927013
582387.732180669 6556211.37193764
583795.855275763 6556212.61878418
584174.217996815 6556198.47252281
584712.31336523 6555474.09213202
585081.344373721 6555946.11244601
586091.57048409 6555392.94504038
586150.606251176 6554625.10106449
587301.233564707 6553811.18139174
586560.997219198 6552056.04867488
586866.940975934 6551410.0414379
586769.901477313 6551156.06709745
586138.812102004 6551141.14948286
584783.803393128 6550822.93300492
584471.285409016 6551040.45766117
584046.083022329 6553235.94705136
582539.22879348 6553340.33457311
581207.945972767 6553950.12780322
580549.591611632 6555278.29853025
581123.321868847 6556274.07041873
581329.98470492 6556601.86927013
    Pen (1,2,0)
    Brush (1,0,16777215)
Region 1
  11
552584.330271362 6515771.59452915
553667.210922623 6515859.59953399
554124.351071555 6516393.32330086
555217.073379421 6516379.1350455
555480.575656899 6515470.13936277
555341.767676894 6515154.17340376
554991.735304307 6514981.14105077
554087.574608337 6513316.23737355
553065.233340717 6513791.83250311
552332.428101183 6515492.3377545
552584.330271362 6515771.59452915
    Pen (1,2,0)
    Brush (1,0,16777215)
Region 1
  101
564168.501616389 6527813.5803189
564192.762012389 6527847.34888419
564198.890327491 6527863.38390686
564204.051184484 6527883.22368653
564209.329323875 6527917.15025989
564211.493814208 6527937.1148951
564214.733063722 6527966.16269138
564220.085324858 6527996.99133854
564229.251505949 6528029.88641824
564240.648813493 6528078.74905044
564252.919587682 6528112.51750905
564260.238283545 6528151.5226797
564269.554189565 6528202.40090721
564272.818486202 6528222.4563051
564273.958125854 6528239.33216372
564272.059808067 6528251.33755939
564269.145787842 6528261.35314408
564266.215131706 6528269.3706016
564260.303911759 6528279.41113492
564258.32158273 6528281.32598816
564257.398209298 6528290.42578343
564258.488773029 6528301.40716735
564268.745612504 6528333.29404279
564280.958995996 6528360.16896807
564291.099385186 6528378.0689528
564300.231558271 6528394.8782838
564310.356143872 6528410.88004777
564317.424472151 6528419.81340794
564327.506636475 6528430.71994699
564344.623857646 6528446.56359126
564364.779869357 6528467.37760566
564379.641099462 6528452.26690543
564382.629981485 6528451.24289291
564388.649335653 6528454.19018666
564451.964760426 6528510.61372833
564508.436628086 6528561.09943769
564521.208967383 6528547.10516938
564547.902172065 6528573.0602585
564586.376047901 6528597.91815026
564642.617510014 6528620.72978748
564693.872045764 6528632.59247059
564695.273234803 6528632.88054669
564699.69924946 6528612.46138735
564777.593187431 6528607.81644359
564790.497785949 6528609.70728789
564814.633524616 6528616.50030598
564823.525219276 6528616.42628846
564843.588993663 6528614.1610909
564916.337865341 6528591.57457199
564881.605963574 6528500.14327633
564877.608950541 6528488.08703905
564861.777370954 6528446.65489294
564860.142263302 6528442.27231891
564856.061148936 6528432.11513492
564850.96017199 6528419.4686082
564826.433559437 6528353.73000031
564796.777691146 6528271.94805331
564791.68253826 6528260.00087245
564790.658516686 6528257.01199811
564785.571682259 6528246.063881
564777.404465011 6528225.15007748
564769.814228429 6528201.53381261
564766.827010963 6528202.75763858
564763.100518986 6528199.19178087
564758.564791858 6528194.4337001
564759.029388145 6528190.23347476
564759.867824216 6528182.93282572
564762.454583221 6528181.61242004
564704.94858503 6528030.92232957
564699.74520904 6528017.97691875
564694.625103243 6528003.03254949
564685.392276574 6527974.13455835
564677.216744416 6527952.22169513
564675.143747518 6527943.24675746
564666.91830622 6527915.33951438
564664.861945951 6527908.3627037
564662.772312709 6527897.38963956
564651.341717302 6527844.53076333
564644.115343318 6527816.6152057
564641.001689527 6527802.65326886
564573.875256539 6527804.51091627
564537.116275972 6527805.61621067
564535.218050247 6527805.63201181
564468.088289818 6527807.09002859
564448.606499466 6527807.2521971
564434.38223872 6527814.86409523
564374.333298647 6527934.76029016
564329.15904881 6527909.15887364
564327.152598324 6527908.17644275
564281.986668365 6527883.57408858
564263.903661015 6527871.73501997
564252.81411749 6527859.83773799
564244.62186616 6527847.91633914
564240.354254045 6527839.35932255
564239.643262628 6527837.96645524
564238.525990405 6527835.77766374
564231.484374919 6527818.0517185
564212.136130246 6527774.25094118
564191.409528555 6527792.90741907
564178.41741734 6527804.5055881
564168.501616389 6527813.5803189
    Pen (1,2,0)
    Brush (1,0,16777215)
Region 1
  97
564675.143747518 6527943.24675746
564677.216744416 6527952.22169513
564685.392276574 6527974.13455835
564694.625103243 6528003.03254949
564699.74520904 6528017.97691875
564704.94858503 6528030.92232957
564762.454583221 6528181.61242004
564759.867824216 6528182.93282572
564759.029388145 6528190.23347476
564758.564791858 6528194.4337001
564763.100518986 6528199.19178087
564766.827010963 6528202.75763858
564769.814228429 6528201.53381261
564777.404465011 6528225.15007748
564785.571682259 6528246.063881
564790.658516686 6528257.01199811
564791.68253826 6528260.00087245
564796.777691146 6528271.94805331
564826.433559437 6528353.73000031
564850.96017199 6528419.4686082
564856.061148936 6528432.11513492
564860.142263302 6528442.27231891
564861.777370954 6528446.65489294
564877.608950541 6528488.08703905
564881.605963574 6528500.14327633
564916.337865341 6528591.57457199
564918.18110518 6528596.954547
564925.546578081 6528617.57528972
564926.46237512 6528619.56593253
564935.753526184 6528643.46778484
564973.551696262 6528623.17047287
565001.375834095 6528604.95445501
565007.336960882 6528600.90829915
565019.250895817 6528591.8169235
565027.176881949 6528583.7578786
565035.103699834 6528575.79874008
565047.100903916 6528564.70840491
565057.999134344 6528553.62721814
565070.769803867 6528539.43313157
565089.552426297 6528515.29758068
565090.643081127 6528514.28936838
565150.829073622 6528434.85683437
565159.637580653 6528424.79217683
565163.708798065 6528421.76088648
565147.58231475 6528404.90987188
565146.775574664 6528404.01736796
565131.447513249 6528387.05979357
565145.27639226 6528367.9611471
565168.071914378 6528345.79045802
565169.96182228 6528344.7755923
565191.774914289 6528324.61134739
565217.675859864 6528303.41393949
565219.665674321 6528302.39824203
565242.519424885 6528287.22099831
565260.419435761 6528277.08065724
565268.477768052 6528272.91712917
565326.974149803 6528242.55608958
565323.410622528 6528270.56147633
565353.708208289 6528261.41697371
565369.070540345 6528258.49151379
565385.743305174 6528256.95393069
565398.325720352 6528256.14979174
565408.704365953 6528254.66460557
565419.084675301 6528253.37923206
565418.447800583 6528248.88843584
565418.02321744 6528245.89457171
565413.92629336 6528233.83916975
565410.862543101 6528225.87161175
565333.809721358 6528199.53647141
565336.51568225 6528176.5338893
565338.456415604 6528169.62371656
565343.334453068 6528155.49533511
565348.096778076 6528139.46956469
565388.126043122 6528015.1439525
565399.816193221 6527979.17776974
565405.652533237 6527960.14566204
565421.263245873 6527915.05473529
565424.193893862 6527907.03727689
565437.839748149 6527865.95923921
565435.816659113 6527862.97868322
565426.682810694 6527845.96955322
565419.590352924 6527834.13891869
565418.549692486 6527829.15191901
565415.460986599 6527818.1871734
565415.151284128 6527816.99079251
565330.845315488 6527783.52228802
565258.768719979 6527754.84772282
565197.717625366 6527730.37764081
565157.819200019 6527714.42392127
565153.797064872 6527723.34968336
565083.412476477 6527897.88458745
565009.390070278 6527887.51033127
564959.370210389 6527879.93366051
564893.348654635 6527870.49192783
564885.523325167 6527890.63963468
564834.669935611 6527902.95263702
564675.143747518 6527943.24675746
    Pen (1,2,0)
    Brush (1,0,16777215)
Region 1
  59
564212.136130246 6527774.25094118
564231.484374919 6527818.0517185
564238.525990405 6527835.77766374
564239.643262628 6527837.96645524
564240.354254045 6527839.35932255
564244.62186616 6527847.91633914
564252.81411749 6527859.83773799
564263.903661015 6527871.73501997
564281.986668365 6527883.57408858
564327.152598324 6527908.17644275
564329.15904881 6527909.15887364
564374.333298647 6527934.76029016
564434.38223872 6527814.86409523
564448.606499466 6527807.2521971
564468.088289818 6527807.09002859
564535.218050247 6527805.63201181
564537.116275972 6527805.61621067
564573.875256539 6527804.51091627
564641.001689527 6527802.65326886
564644.115343318 6527816.6152057
564651.341717302 6527844.53076333
564662.772312709 6527897.38963956
564664.861945951 6527908.3627037
564666.91830622 6527915.33951438
564675.143747518 6527943.24675746
564834.669935611 6527902.95263702
564885.523325167 6527890.63963468
564893.348654635 6527870.49192783
564959.370210389 6527879.93366051
565009.390070278 6527887.51033127
565083.412476477 6527897.88458745
565153.797064872 6527723.34968336
565157.819200019 6527714.42392127
565094.764154215 6527689.27112494
565097.583251073 6527679.85581183
565117.107880913 6527624.84090535
565119.946942123 6527617.82334425
565009.766933477 6527572.78045444
564935.678084234 6527542.42410344
564750.118781445 6527468.03471712
564700.9981864 6527448.46096682
564652.876658785 6527428.87889859
564615.781457282 6527413.60122517
564611.528728777 6527418.83211365
564608.140223042 6527419.85945264
564603.853389841 6527420.99418272
564601.404058896 6527414.81995151
564544.203900586 6527456.86000004
564529.309411762 6527467.97443963
564517.402970467 6527477.9649606
564499.561192135 6527495.09872758
564498.678669045 6527497.10433846
564487.805397432 6527511.18270161
564450.106980845 6527555.45833087
564438.2346422 6527569.54501049
564426.36230329 6527583.63169014
564339.1091035 6527664.1886696
564236.937275883 6527752.96280246
564212.136130246 6527774.25094118
    Pen (1,2,0)
    Brush (1,0,16777215)
Region 1
  64
564601.404058896 6527414.81995151
564603.853389841 6527420.99418272
564608.140223042 6527419.85945264
564611.528728777 6527418.83211365
564615.781457282 6527413.60122517
564652.876658785 6527428.87889859
564700.9981864 6527448.46096682
564750.118781445 6527468.03471712
564935.678084234 6527542.42410344
565009.766933477 6527572.78045444
565119.946942123 6527617.82334425
565121.995069097 6527611.81149982
565146.431008471 6527546.66447369
565149.35333866 6527537.64795497
565269.656359149 6527586.50317744
565393.570168909 6527637.02685744
565394.898151317 6527628.52317637
565399.91011918 6527630.47971756
565403.923021017 6527632.44457578
565407.944241707 6527635.4084972
565410.974715211 6527639.37979887
565416.886754908 6527629.43917084
565417.85171367 6527625.33469467
565418.81750431 6527621.33012483
565418.793379648 6527618.43284157
565421.781427005 6527617.30892089
565418.725996971 6527610.34042974
565409.66793251 6527590.43318796
565305.999540728 6527391.46973596
565301.895133467 6527378.51518464
565298.839704654 6527371.5466945
565293.794544526 6527353.60431366
565296.600329106 6527342.59050153
565302.436667552 6527323.55840304
565234.317181855 6527302.14457082
565182.231830842 6527286.49213676
565129.237339634 6527269.64831056
565124.228701081 6527268.09139413
565107.005672715 6527263.5388481
565058.141459161 6527250.75707836
565022.649174465 6527199.99688382
565021.625153155 6527197.00801198
565003.32669861 6527159.29323154
565002.210257482 6527157.204348
564928.046566453 6527117.85644171
564897.916547159 6527099.12374938
564832.544640016 6527059.70265292
564786.446297483 6527031.11156604
564771.360493977 6527019.24756218
564764.375353454 6527020.30484106
564743.453205098 6527027.47292843
564719.558814721 6527037.6631534
564687.696854206 6527050.91709854
564653.836761864 6527064.18767602
564654.869100444 6527068.17561056
564659.056682593 6527091.12078832
564660.129780649 6527100.0041306
564573.503040484 6527135.7947683
564513.758737262 6527160.27126119
564497.223799669 6527214.36203354
564584.431937893 6527368.40166884
564602.38574466 6527400.72401496
564597.626828656 6527405.15981117
564601.404058896 6527414.81995151
    Pen (1,2,0)
    Brush (1,0,16777215)
Region 1
  102
565002.210257482 6527157.204348
565003.32669861 6527159.29323154
565021.625153155 6527197.00801198
565022.649174465 6527199.99688382
565058.141459161 6527250.75707836
565107.005672715 6527263.5388481
565124.228701081 6527268.09139413
565129.237339634 6527269.64831056
565182.231830842 6527286.49213676
565234.317181855 6527302.14457082
565302.436667552 6527323.55840304
565312.028024696 6527275.5202113
565296.901369837 6527270.75038938
565301.905098835 6527259.71828054
565327.389168347 6527200.45742099
565351.899958053 6527144.30197523
565378.924643675 6527150.07179239
565393.935585077 6527152.9442252
565395.933716402 6527152.92759109
565412.934470362 6527154.78432673
565431.925868732 6527155.72527142
565446.886065197 6527152.50342023
565462.829521363 6527147.37503236
565479.747086355 6527139.24113865
565510.551743074 6527119.00205081
565525.472008021 6527110.98469722
565546.376683781 6527101.71856511
565582.209942506 6527085.43414144
565593.357725057 6527104.32484573
565603.473166302 6527119.22761608
565606.503639221 6527123.19891578
565617.584870383 6527134.09711764
565628.632825661 6527140.99906808
565632.646558228 6527143.06383115
565640.763115231 6527145.89374381
565659.703689493 6527152.72998785
565673.799666326 6527153.71168365
565688.585838179 6527153.58858806
565700.648743599 6527150.3908541
565705.635752836 6527149.35020481
565724.551447667 6527141.19967334
565740.454139004 6527131.17587418
565752.375541939 6527122.9836573
565761.300579726 6527114.91629863
565764.280306468 6527112.79331468
565772.223748658 6527106.83230527
565780.158039721 6527099.77232673
565782.140364601 6527097.85747267
565792.063635723 6527089.6818903
565789.042313351 6527086.80956018
565779.983337801 6527078.79200753
565758.828258476 6527057.98635276
565742.601877601 6527041.13619427
565730.579891626 6527025.25016589
565720.372862131 6527011.34729198
565715.410888212 6527003.3955447
565712.372096139 6526998.42518284
565709.233397537 6526993.45565271
565715.294420972 6526989.40866621
565756.997280713 6526958.08839416
565698.141451759 6526837.28375749
565667.05858417 6526752.11675048
565646.863790345 6526678.6488595
565627.345883102 6526602.47768154
565627.137751035 6526601.48028253
565583.27038985 6526612.83592782
565566.319556718 6526616.97357024
565537.304990889 6526624.2090378
565418.757380059 6526654.17075719
565407.792618654 6526657.25943262
565386.853842131 6526662.42940366
565376.987971736 6526677.49851179
565274.316355641 6526826.22474025
565268.421788056 6526838.26339347
565264.475438804 6526844.29103708
565258.622464679 6526861.32500358
565254.742665107 6526875.34514839
565249.913712318 6526895.36798624
565247.132802629 6526921.3685665
565248.082623829 6526939.44494754
565248.331517372 6526945.33775404
565219.770722204 6526947.07421265
565219.95472978 6526945.17433015
565154.186438604 6526918.14578926
565127.120165929 6526907.38065551
565057.95256071 6526880.08066938
565036.896487565 6526871.1638523
565030.886289706 6526869.31553407
565034.939949448 6526876.17579908
565037.971251838 6526880.24700551
565043.023977101 6526887.09895375
565047.0618317 6526892.06099978
565055.254084672 6526903.98238549
565062.254945947 6526916.81290785
565011.823262769 6526991.76797317
565000.079957085 6527009.35054048
564989.223332305 6527025.42702869
564987.250156725 6527028.44085045
564966.51933482 6527058.58738489
564957.544296841 6527072.64994602
564985.051536971 6527124.37582782
565002.210257482 6527157.204348
    Pen (1,2,0)
    Brush (1,0,16777215)
Region 1
  79
564743.181301312 6526634.81637864
564755.544409189 6526679.67439066
564755.561045852 6526681.67251564
564758.649743376 6526692.63725325
564771.630105671 6526691.62998119
564777.615347238 6526690.48111279
564807.595538285 6526703.22025829
564836.776477699 6526715.96605658
564861.877886722 6526730.74407781
564867.906384187 6526734.79033413
564879.960883703 6526742.58312796
564889.002382321 6526748.50265299
564928.240439927 6526781.14736569
564952.351104449 6526796.93276534
564978.468218865 6526813.70059385
564995.577108306 6526828.54514783
565007.67403402 6526841.43316045
565018.76357602 6526853.33042725
565025.83190087 6526862.26377336
565030.886289706 6526869.31553407
565036.896487565 6526871.1638523
565057.95256071 6526880.08066938
565127.120165929 6526907.38065551
565154.186438604 6526918.14578926
565219.95472978 6526945.17433015
565219.770722204 6526947.07421265
565248.331517372 6526945.33775404
565248.082623829 6526939.44494754
565247.132802629 6526921.3685665
565249.913712318 6526895.36798624
565254.742665107 6526875.34514839
565258.622464679 6526861.32500358
565264.475438804 6526844.29103708
565268.421788056 6526838.26339347
565274.316355641 6526826.22474025
565376.987971736 6526677.49851179
565386.853842131 6526662.42940366
565407.792618654 6526657.25943262
565418.757380059 6526654.17075719
565537.304990889 6526624.2090378
565566.319556718 6526616.97357024
565583.27038985 6526612.83592782
565627.137751035 6526601.48028253
565618.051797252 6526518.22834087
565612.601186385 6526499.58995554
565593.602781927 6526425.81237824
565563.973369683 6526371.20672025
565522.977317689 6526283.4246122
565500.316330111 6526237.75312988
565464.414446495 6526185.79743733
565421.660692752 6526126.90486755
565385.543116272 6526085.04219945
565363.176703941 6526062.74794209
565331.660571339 6526033.53593565
565329.951346791 6526032.25129399
565287.337278221 6526002.1325444
565243.247825232 6525986.81321889
565217.511966797 6525979.83371874
565216.426305513 6525981.44136659
565181.758429695 6526029.68826802
565168.91200494 6526046.78044269
565163.974911631 6526053.8154616
565158.055390779 6526062.85692154
565149.155312722 6526073.92145637
565133.353285787 6526096.03389228
565117.551258296 6526118.14632834
565114.695563356 6526123.16575776
565109.650244341 6526129.20254642
565101.740911638 6526139.25970243
565057.290426052 6526200.57675057
565043.460738208 6526219.57546092
565026.668793045 6526242.79518295
564968.381123358 6526322.21178773
564912.082426126 6526400.51279222
564837.011108124 6526504.14818643
564824.164673829 6526521.24036321
564761.947264237 6526608.68273981
564755.028672637 6526617.73251794
564743.181301312 6526634.81637864
    Pen (1,2,0)
    Brush (1,0,16777215)
Region 1
  59
564488.249736288 6527096.5391515
564493.353199905 6527109.48538579
564498.456663624 6527122.43162018
564504.575829346 6527137.36766391
564513.758737262 6527160.27126119
564573.503040484 6527135.7947683
564660.129780649 6527100.0041306
564659.056682593 6527091.12078832
564654.869100444 6527068.17561056
564653.836761864 6527064.18767602
564687.696854206 6527050.91709854
564719.558814721 6527037.6631534
564743.453205098 6527027.47292843
564764.375353454 6527020.30484106
564771.360493977 6527019.24756218
564786.446297483 6527031.11156604
564832.544640016 6527059.70265292
564897.916547159 6527099.12374938
564928.046566453 6527117.85644171
565002.210257482 6527157.204348
564985.051536971 6527124.37582782
564957.544296841 6527072.64994602
564966.51933482 6527058.58738489
564987.250156725 6527028.44085045
564989.223332305 6527025.42702869
565000.079957085 6527009.35054048
565011.823262769 6526991.76797317
565062.254945947 6526916.81290785
565055.254084672 6526903.98238549
565047.0618317 6526892.06099978
565043.023977101 6526887.09895375
565037.971251838 6526880.24700551
565034.939949448 6526876.17579908
565030.886289706 6526869.31553407
565025.83190087 6526862.26377336
565018.76357602 6526853.33042725
565007.67403402 6526841.43316045
564995.577108306 6526828.54514783
564978.468218865 6526813.70059385
564952.351104449 6526796.93276534
564928.240439927 6526781.14736569
564920.264553936 6526783.21202456
564903.331185248 6526789.44769027
564783.775243072 6526830.30828608
564780.786365217 6526831.33229851
564732.997592142 6526851.71274692
564684.367886578 6526879.0941171
564662.504902496 6526893.26395755
564645.529020446 6526906.39398424
564630.676130227 6526922.50373417
564627.71220672 6526926.52493429
564616.838941554 6526940.60329296
564606.964741642 6526954.67333521
564596.091476 6526968.75169398
564577.349626949 6526997.78261874
564563.579813911 6527023.97458598
564550.858143051 6527056.05270734
564545.987587597 6527071.08023084
564488.249736288 6527096.5391515
    Pen (1,2,0)
    Brush (1,0,16777215)
Region 1
  41
563330.639430902 6527263.03851146
563412.471330947 6527251.36694562
563451.393307653 6527246.04732346
563591.112794989 6527226.90000063
563629.035704595 6527221.58868903
563682.9270301 6527214.14619837
563752.786770991 6527204.57252673
563747.250803107 6527139.67502326
563746.151927121 6527127.69458571
563742.673049199 6527081.86338408
563738.36830298 6527032.84183597
563896.436919182 6527057.50355735
563903.472913443 6526942.54482052
563953.343010631 6526932.13839565
564083.013577446 6526906.0807451
564068.278060289 6526816.28153675
564055.58217142 6526743.45059621
564043.077779226 6526669.61893382
563914.432086093 6526698.76535492
563889.496210313 6526703.86865995
563814.699394685 6526720.47735355
563805.475010277 6526680.58886622
563761.590996108 6526689.94632657
563725.59127958 6526698.23902804
563691.781188756 6526705.51437135
563599.933623604 6526726.26150279
563446.45194336 6526760.51034696
563422.441838737 6526768.80315933
563406.505865138 6526774.83067756
563388.596712438 6526783.87201431
563338.85220678 6526809.36426121
563325.8143536 6526815.46756983
563333.040893131 6526819.40394819
563401.260026318 6526864.79619973
563410.301518658 6526870.71573496
563367.107825335 6526962.99538009
563351.404731117 6526996.9966528
563305.26456706 6527095.39553325
563266.000583636 6527179.64942502
563298.319174489 6527221.24406166
563330.639430902 6527263.03851146
    Pen (1,2,0)
    Brush (1,0,16777215)
Region 1
  98
563752.786770991 6527204.57252673
563776.839301428 6527201.37492656
563820.747454343 6527194.91474534
563831.721373408 6527192.92505126
563844.584367862 6527189.82058777
563857.447362255 6527186.71612416
563867.496337454 6527181.63681935
563917.183455775 6527149.25101277
563924.14364462 6527145.1965499
563932.111216737 6527142.13283382
563943.075153963 6527138.94426352
564089.805549798 6527121.83670915
564117.754433863 6527118.6066702
564116.654722587 6527106.52632668
564129.643407357 6527106.51812355
564193.657635849 6527114.87754955
564198.612206309 6527109.94056111
564205.472487501 6527105.88692844
564206.563141783 6527104.87871788
564214.728862536 6527101.61352438
564216.420619755 6527100.80013666
564223.613892152 6527100.74026016
564232.498089965 6527099.7670896
564251.471186833 6527098.51011281
564257.465580489 6527098.46021557
564278.429322382 6527096.28744948
564324.32811443 6527088.91146298
564328.316890648 6527087.97904145
564371.225971571 6527081.52715862
564398.175788551 6527078.30543012
564413.153454412 6527077.18162256
564438.138412335 6527077.97277695
564461.133557204 6527079.77962637
564469.151036279 6527082.71028376
564488.249736288 6527096.5391515
564545.987587597 6527071.08023084
564550.858143051 6527056.05270734
564563.579813911 6527023.97458598
564577.349626949 6526997.78261874
564596.091476 6526968.75169398
564606.964741642 6526954.67333521
564616.838941554 6526940.60329296
564627.71220672 6526926.52493429
564630.676130227 6526922.50373417
564645.529020446 6526906.39398424
564662.504902496 6526893.26395755
564684.367886578 6526879.0941171
564732.997592142 6526851.71274692
564780.786365217 6526831.33229851
564783.775243072 6526830.30828608
564903.331185248 6526789.44769027
564920.264553936 6526783.21202456
564928.240439927 6526781.14736569
564889.002382321 6526748.50265299
564879.960883703 6526742.58312796
564867.906384187 6526734.79033413
564861.877886722 6526730.74407781
564836.776477699 6526715.96605658
564807.595538285 6526703.22025829
564777.615347238 6526690.48111279
564771.630105671 6526691.62998119
564758.649743376 6526692.63725325
564755.561045852 6526681.67251564
564755.544409189 6526679.67439066
564743.181301312 6526634.81637864
564696.965601281 6526604.12809898
564667.760630311 6526576.49543727
564656.696880651 6526567.69526369
564637.505766537 6526554.7663918
564545.284174645 6526494.58704006
564510.008203161 6526469.80248221
564458.107557629 6526476.32921517
564435.054107626 6526479.51851034
564404.224585661 6526484.77079723
564382.286743101 6526489.94906818
564357.368341006 6526497.15041238
564335.472088056 6526507.32399431
564328.51190404 6526511.37845769
564311.610976385 6526521.51045789
564288.649022831 6526535.68943654
564275.83594379 6526544.78827743
564265.895199747 6526550.86581404
564253.956325249 6526556.95998306
564209.139796419 6526574.31827294
564201.646256675 6526646.31812802
564180.665978409 6526634.50318683
564043.077779226 6526669.61893382
564055.58217142 6526743.45059621
564068.278060289 6526816.28153675
564083.013577446 6526906.0807451
563953.343010631 6526932.13839565
563903.472913443 6526942.54482052
563896.436919182 6527057.50355735
563738.36830298 6527032.84183597
563742.673049199 6527081.86338408
563746.151927121 6527127.69458571
563747.250803107 6527139.67502326
563752.786770991 6527204.57252673
    Pen (1,2,0)
    Brush (1,0,16777215)
Region 1
  56
563218.572626061 6526763.30627552
563299.92202638 6526801.69523466
563301.829399473 6526802.77840397
563325.8143536 6526815.46756983
563338.85220678 6526809.36426121
563388.596712438 6526783.87201431
563406.505865138 6526774.83067756
563422.441838737 6526768.80315933
563446.45194336 6526760.51034696
563599.933623604 6526726.26150279
563691.781188756 6526705.51437135
563725.59127958 6526698.23902804
563761.590996108 6526689.94632657
563805.475010277 6526680.58886622
563814.699394685 6526720.47735355
563889.496210313 6526703.86865995
563914.432086093 6526698.76535492
564043.077779226 6526669.61893382
564180.665978409 6526634.50318683
564127.466817353 6526605.07197627
564098.260102748 6526589.22907061
564092.33234681 6526585.28188605
564071.052537107 6526549.49027835
564023.206474324 6526442.98146468
564016.213112234 6526431.05009805
564011.043020632 6526422.10094942
563998.921156014 6526406.21574568
563974.677427687 6526374.44533847
563931.34333555 6526329.84512689
563902.154191471 6526304.11067334
563900.131108544 6526301.13011873
563887.035134454 6526288.25041799
563876.936355495 6526275.3457694
563867.953183445 6526264.43009762
563851.651979708 6526238.58836855
563845.6743205 6526228.64681126
563800.991834661 6526142.09430941
563795.921556663 6526145.13390668
563782.975301436 6526150.2373236
563647.302003257 6526187.33534368
563626.471451861 6526193.50351596
563609.52061849 6526197.6411323
563587.591095366 6526203.81845134
563568.650449338 6526208.97176076
563555.562699161 6526209.08069669
563545.67195666 6526209.16302224
563524.650006976 6526204.34234144
563364.308807291 6526158.7177567
563339.298849477 6526262.93549398
563312.264042128 6526375.96244856
563298.72625948 6526430.02822652
563294.870559493 6526446.94564076
563276.504624613 6526521.13415122
563272.658072904 6526539.15053506
563254.407844379 6526615.23643704
563218.572626061 6526763.30627552
    Pen (1,2,0)
    Brush (1,0,16777215)
Region 1
  89
563023.621294236 6528261.12943621
563091.720420175 6528328.1040234
563106.839490966 6528343.96431203
563218.725616886 6528461.92988715
563224.7782367 6528468.87344095
563230.822539469 6528474.81793102
563234.860391794 6528479.77998815
563237.890860338 6528483.75129693
563242.936096539 6528489.70410242
563345.755792121 6528598.75294478
563359.825899273 6528608.62716642
563393.003034492 6528633.32935127
563432.266061986 6528668.97134532
563453.42112871 6528689.77706068
563484.758262005 6528721.48849194
563487.530796299 6528706.47841794
563492.4346402 6528695.447137
563497.346801334 6528685.41492002
563499.220076401 6528682.40192871
563504.223826788 6528671.36981635
563542.713246123 6528626.08846483
563563.585621531 6528600.93640875
563581.370038236 6528576.9091015
563640.731089918 6528494.38619165
563695.846980766 6528406.00373399
563701.75903751 6528396.06310887
563716.361600422 6528349.88153681
563732.396570989 6528355.74286655
563825.493708235 6528257.05294418
563843.318871289 6528237.92105053
563873.108805807 6528203.80248756
563881.909003575 6528192.73877701
563914.519706251 6528149.40471357
563919.465132491 6528143.36875284
563937.298610184 6528125.23592287
563942.177400284 6528123.19704777
563957.24666781 6528121.07335002
563958.229098848 6528119.06690705
563968.078362142 6528101.99966802
563988.817542864 6528072.85219172
563989.808291527 6528071.84481228
564003.620548571 6528050.74805579
564046.048065464 6527986.45040783
564055.913962052 6527971.38129649
564103.295215786 6527902.04675323
564145.731040372 6527838.74817187
564165.420315174 6527815.50431911
564168.501616389 6527813.5803189
564117.008583351 6527749.06532764
564047.03302014 6527660.72500479
564042.287503138 6527654.76971109
564035.418807112 6527669.81387091
564035.484517367 6527677.70647007
563920.384810031 6527653.78613468
563933.731273776 6527576.74184985
563939.442036839 6527542.62390249
563929.518750394 6527550.79947303
563922.566876972 6527555.85300011
563830.260926141 6527629.55798718
563813.493156404 6527643.68540939
563762.773583448 6527684.07287547
563740.935527796 6527701.2398975
563719.11493831 6527720.50495209
563713.161297472 6527725.45025651
563702.279697731 6527738.52955184
563696.34352346 6527745.57288901
563680.499862626 6527762.69001611
563649.695064315 6527794.91865964
563638.796828438 6527805.99982852
563630.963259517 6527813.15887191
563618.041106954 6527821.15957602
563592.173512617 6527834.36360677
563571.27629657 6527844.5288689
563569.186574948 6527845.5453951
563541.454023272 6527862.76147804
563457.964961173 6527915.41128248
563452.003832843 6527919.45742933
563437.10101185 6527929.57279639
563341.814441112 6528005.30084045
563313.033644713 6528028.62035419
563312.042063837 6528029.52782674
563191.945159869 6528125.44502084
563162.172776913 6528149.67200562
563105.600255954 6528195.10383777
563094.67622916 6528203.08790805
563077.80105171 6528216.31700047
563065.995330381 6528226.40658784
563036.114719041 6528249.63533931
563023.621294236 6528261.12943621
    Pen (1,2,0)
    Brush (1,0,16777215)
Region 1
  75
563776.839301428 6527201.37492656
563783.874253154 6527218.30161545
563799.284530458 6527257.13949751
563826.7499476 6527327.84926644
563860.426116042 6527412.49519339
563892.088353551 6527495.25953699
563915.06594327 6527506.95795253
563951.348483219 6527532.63338646
563943.414179392 6527539.69335572
563939.442036839 6527542.62390249
563933.731273776 6527576.74184985
563920.384810031 6527653.78613468
564035.484517367 6527677.70647007
564035.418807112 6527669.81387091
564042.287503138 6527654.76971109
564047.03302014 6527660.72500479
564117.008583351 6527749.06532764
564168.501616389 6527813.5803189
564178.41741734 6527804.5055881
564191.409528555 6527792.90741907
564212.136130246 6527774.25094118
564236.937275883 6527752.96280246
564339.1091035 6527664.1886696
564426.36230329 6527583.63169014
564438.2346422 6527569.54501049
564450.106980845 6527555.45833087
564487.805397432 6527511.18270161
564498.678669045 6527497.10433846
564499.561192135 6527495.09872758
564517.402970467 6527477.9649606
564529.309411762 6527467.97443963
564544.203900586 6527456.86000004
564601.404058896 6527414.81995151
564597.626828656 6527405.15981117
564602.38574466 6527400.72401496
564584.431937893 6527368.40166884
564497.223799669 6527214.36203354
564513.758737262 6527160.27126119
564504.575829346 6527137.36766391
564498.456663624 6527122.43162018
564493.353199905 6527109.48538579
564488.249736288 6527096.5391515
564469.151036279 6527082.71028376
564461.133557204 6527079.77962637
564438.138412335 6527077.97277695
564413.153454412 6527077.18162256
564398.175788551 6527078.30543012
564371.225971571 6527081.52715862
564328.316890648 6527087.97904145
564324.32811443 6527088.91146298
564278.429322382 6527096.28744948
564257.465580489 6527098.46021557
564251.471186833 6527098.51011281
564232.498089965 6527099.7670896
564223.613892152 6527100.74026016
564216.420619755 6527100.80013666
564214.728862536 6527101.61352438
564206.563141783 6527104.87871788
564205.472487501 6527105.88692844
564198.612206309 6527109.94056111
564193.657635849 6527114.87754955
564129.643407357 6527106.51812355
564116.654722587 6527106.52632668
564117.754433863 6527118.6066702
564089.805549798 6527121.83670915
563943.075153963 6527138.94426352
563932.111216737 6527142.13283382
563924.14364462 6527145.1965499
563917.183455775 6527149.25101277
563867.496337454 6527181.63681935
563857.447362255 6527186.71612416
563844.584367862 6527189.82058777
563831.721373408 6527192.92505126
563820.747454343 6527194.91474534
563776.839301428 6527201.37492656
    Pen (1,2,0)
    Brush (1,0,16777215)
Region 1
  124
562325.60096328 6527634.08833791
562340.736648938 6527651.94675247
562359.893548481 6527672.7690974
562373.006985294 6527687.74685859
562380.041198275 6527692.58406449
562386.177083495 6527697.52865999
562391.147355287 6527706.47948584
562392.196320078 6527712.46554996
562402.32836069 6527729.36647573
562417.522263877 6527754.21833307
562421.576743652 6527761.17851614
562430.801309041 6527777.08786246
562439.759529513 6527785.00636618
562459.898865839 6527803.82227062
562484.067733528 6527826.60116856
562503.183055378 6527842.42819808
562530.33249007 6527863.18402475
562553.452394482 6527879.97685773
562579.569498191 6527896.74474578
562614.703148635 6527916.43498893
562656.863530631 6527940.06327995
562696.010082005 6527961.71838847
562720.129888425 6527978.60281131
562728.16317067 6527983.43170152
562753.29784605 6528002.20602946
562775.427006452 6528020.00623904
562803.717006358 6528045.74823376
562839.857942706 6528078.41881458
562870.096072354 6528110.13939117
562900.720523127 6528140.25814024
562947.665417065 6528186.52691859
562984.634723584 6528222.68756951
563023.621294236 6528261.12943621
563036.114719041 6528249.63533931
563065.995330381 6528226.40658784
563077.80105171 6528216.31700047
563094.67622916 6528203.08790805
563105.600255954 6528195.10383777
563162.172776913 6528149.67200562
563191.945159869 6528125.44502084
563312.042063837 6528029.52782674
563313.033644713 6528028.62035419
563341.814441112 6528005.30084045
563437.10101185 6527929.57279639
563452.003832843 6527919.45742933
563457.964961173 6527915.41128248
563541.454023272 6527862.76147804
563569.186574948 6527845.5453951
563571.27629657 6527844.5288689
563592.173512617 6527834.36360677
563618.041106954 6527821.15957602
563630.963259517 6527813.15887191
563638.796828438 6527805.99982852
563649.695064315 6527794.91865964
563680.499862626 6527762.69001611
563696.34352346 6527745.57288901
563702.279697731 6527738.52955184
563713.161297472 6527725.45025651
563719.11493831 6527720.50495209
563740.935527796 6527701.2398975
563762.773583448 6527684.07287547
563813.493156404 6527643.68540939
563830.260926141 6527629.55798718
563922.566876972 6527555.85300011
563929.518750394 6527550.79947303
563939.442036839 6527542.62390249
563943.414179392 6527539.69335572
563951.348483219 6527532.63338646
563915.06594327 6527506.95795253
563892.088353551 6527495.25953699
563860.426116042 6527412.49519339
563826.7499476 6527327.84926644
563799.284530458 6527257.13949751
563783.874253154 6527218.30161545
563776.839301428 6527201.37492656
563752.786770991 6527204.57252673
563682.9270301 6527214.14619837
563629.035704595 6527221.58868903
563591.112794989 6527226.90000063
563451.393307653 6527246.04732346
563412.471330947 6527251.36694562
563330.639430902 6527263.03851146
563289.719321767 6527268.37476108
563191.919001926 6527282.17749179
563114.083361138 6527293.81578282
563101.103823362 6527294.92294516
563067.168855686 6527299.20191774
563063.181741343 6527300.33414815
563043.232030674 6527304.29689313
563029.262575637 6527306.51133924
563013.310791227 6527310.64063522
562995.368360418 6527315.68571814
562986.402550963 6527318.8576504
562975.446926834 6527323.04527597
562944.67476541 6527335.1910651
562924.685028792 6527346.34789281
562909.765576818 6527354.46512407
562891.865560939 6527364.60542659
562886.886865597 6527366.64512832
562864.049738086 6527383.82044692
562820.340345734 6527414.15820143
562794.52265244 6527433.35659064
562792.541154262 6527435.37134678
562755.80858615 6527463.65276843
562734.952953468 6527478.81332971
562730.973323329 6527480.84471593
562720.050132166 6527488.92868551
562706.129743134 6527497.03760014
562687.238974405 6527508.18527884
562660.355677925 6527519.39947738
562591.661310672 6527548.94603865
562572.745590391 6527557.09652691
562551.830906287 6527565.16373848
562511.003098233 6527581.58956476
562501.750040748 6527586.26258328
562479.149418335 6527595.84252374
562456.245749187 6527605.02533309
562437.321710736 6527612.1767566
562417.373656651 6527616.33930542
562401.396917078 6527617.47140547
562378.352589827 6527621.75963592
562354.51566276 6527626.85376826
562347.538833527 6527628.91009781
562325.60096328 6527634.08833791
    Pen (1,2,0)
    Brush (1,0,16777215)
Region 1
  172
563234.011136662 6529469.9281847
563299.083698043 6529473.38311094
563336.948355547 6529473.06795636
563354.933864672 6529497.19720828
563377.468408511 6529527.68305368
563416.131623267 6529611.28848699
563446.594370018 6529669.983833
563485.05797834 6529729.61172134
563502.982975457 6529722.46858888
563560.362335955 6529773.94596435
563593.539505414 6529798.64816698
563606.876716726 6529840.50078259
563620.089167788 6529867.36742781
563648.34585866 6529901.10279222
563672.573009848 6529930.87516037
563699.389809761 6529911.66840556
563706.291792347 6529900.62048291
563750.068623054 6529878.37507258
563789.914057917 6529863.95562934
563837.919217511 6529869.55086049
563876.033606311 6529875.22841669
563912.807619128 6529875.92145853
563935.944309017 6529882.7228156
563943.145725263 6529907.64122443
563970.994859227 6529892.42240757
563984.373672546 6529939.27034713
563992.690605753 6529978.16734886
564024.877039015 6530003.87692597
564050.686449647 6529983.67941397
564062.558815743 6529969.59271441
564070.459863388 6529958.5364733
564076.354457399 6529946.49779934
564080.234280049 6529932.47762774
564080.126149022 6529919.48978502
564077.012496735 6529905.52782553
564072.908094462 6529892.57324696
564068.820327796 6529881.61679808
564057.714133325 6529867.7213667
564045.617189053 6529854.8333161
564031.531258978 6529843.06086865
564129.323550609 6529708.26300792
564173.774207233 6529646.94584267
564173.508036109 6529614.97577503
564174.998782504 6529554.01620353
564176.497846552 6529494.05569925
564176.173450363 6529455.09218375
564149.973114621 6529428.33366038
564134.854017737 6529412.47336966
564129.808773651 6529406.52056312
564123.772779991 6529401.57513707
564114.697995084 6529391.65933689
564111.675839413 6529388.68709164
564101.593669488 6529377.78054306
564089.496729365 6529364.89249768
564070.348093372 6529345.06921344
564058.251153881 6529332.18116811
564051.291046965 6529324.24603326
564038.103451516 6529312.36619992
564027.01389775 6529300.46890305
564005.850493613 6529278.66412213
563922.19595164 6529191.43668307
563913.121169826 6529181.5208832
563906.976953731 6529175.57722439
563901.024233507 6529168.63283815
563840.463769901 6529107.09073109
563843.912005038 6529029.22953559
563850.723443221 6528887.29590488
563851.799155474 6528776.48307328
563852.564497835 6528748.40105986
563849.500756316 6528740.43349575
563847.436913493 6528732.55752223
563846.237392537 6528708.48839713
563847.970099423 6528688.59122494
563850.009084885 6528681.48040787
563852.931427048 6528672.46388514
563852.673581406 6528641.49290444
563852.365830153 6528604.52754129
563851.708739635 6528525.60149899
563852.666218359 6528520.59786415
563865.196617167 6528465.54125034
563885.370302666 6528356.46784036
563887.185352898 6528346.46140345
563919.164749277 6528227.29840717
563922.095407499 6528219.28095078
563940.595245735 6528161.17726188
563949.378901713 6528136.12583027
563957.24666781 6528121.07335002
563942.177400284 6528123.19704777
563937.298610184 6528125.23592287
563919.465132491 6528143.36875284
563914.519706251 6528149.40471357
563881.909003575 6528192.73877701
563873.108805807 6528203.80248756
563843.318871289 6528237.92105053
563825.493708235 6528257.05294418
563732.396570989 6528355.74286655
563716.361600422 6528349.88153681
563701.75903751 6528396.06310887
563695.846980766 6528406.00373399
563640.731089918 6528494.38619165
563581.370038236 6528576.9091015
563563.585621531 6528600.93640875
563542.713246123 6528626.08846483
563504.223826788 6528671.36981635
563499.220076401 6528682.40192871
563497.346801334 6528685.41492002
563492.4346402 6528695.447137
563487.530796299 6528706.47841794
563484.758262005 6528721.48849194
563474.250494287 6528731.46736992
563466.716638683 6528738.62392216
563417.279063148 6528788.99206554
563400.435486567 6528806.01761057
563389.537239652 6528817.09878502
563383.585255749 6528822.24390439
563324.140268685 6528882.68667386
563290.413187719 6528911.94225614
563268.599223955 6528932.00657019
563252.731422581 6528946.22642009
563231.933990632 6528968.3804532
563218.954334147 6528981.47721792
563212.118990866 6528988.52804271
563202.21980783 6528999.60090157
563201.229057808 6529000.60828105
563193.336325885 6529012.66357336
563187.407628065 6529020.60607207
563177.584129839 6529040.77041472
563172.688598874 6529052.80076123
563161.898469493 6529076.86976981
563155.046389111 6529093.91206813
563153.964049304 6529095.91934335
563150.259081477 6529106.94064766
563146.271859206 6529120.06248147
563138.462296317 6529142.10841662
563132.446998055 6529151.65025009
563128.703771558 6529158.07585929
563127.617273141 6529159.58360246
563126.630681444 6529161.09051411
563121.592825991 6529168.02646533
563111.761111121 6529175.20214276
563098.831455971 6529182.30369108
563086.875916959 6529186.39973128
563067.901956163 6529187.55678537
563043.891074292 6529183.76009409
563021.870010126 6529178.94770773
562995.819409497 6529170.17232486
562963.674499135 6529161.44766411
562940.738473123 6529154.74453815
562919.674061131 6529144.82860759
562888.544125881 6529126.00425014
562869.487829362 6529117.27056584
562861.4778265 6529115.23905182
562856.482490536 6529115.28062729
562854.484356151 6529115.29725748
562848.50741828 6529117.44518281
562836.60177988 6529127.53560576
562862.902924469 6529142.40362002
562894.041176562 6529162.22704253
562923.652551444 6529178.66611893
562960.327259785 6529203.43912853
562996.523331934 6529218.7243531
563038.024441947 6529235.16438337
563059.405210529 6529247.07594687
563100.975250722 6529283.79781277
563141.942526112 6529320.12504193
563170.220714278 6529368.44757321
563182.329084834 6529406.71352545
563211.814982941 6529396.0771216
563228.479447784 6529393.54050061
563232.518864902 6529410.69197863
563234.251176711 6529438.7532161
563234.011136662 6529469.9281847
    Pen (1,2,0)
    Brush (1,0,16777215)
Region 1
  90
564176.173450363 6529455.09218375
564178.196538868 6529458.07274508
564217.459614246 6529493.71473997
564239.588821566 6529511.5149471
564259.694940697 6529526.33459275
564261.709711595 6529528.31608958
564271.758612404 6529535.22638008
564276.778903884 6529538.18199305
564286.819486917 6529544.09321894
564289.825007493 6529545.06733506
564300.8638264 6529550.87033828
564318.89778189 6529556.81494119
564336.015108999 6529560.66899286
564354.922439837 6529563.5090106
564378.916697329 6529565.30755084
564397.915617077 6529567.1476718
564407.082807389 6529468.15712009
564414.817488037 6529437.11959091
564486.360290395 6529269.66874453
564507.907229647 6529217.53443981
564530.453234334 6529165.3918203
564548.08625076 6529123.18152018
564573.563740033 6529063.12134696
564600.996106485 6528997.84940927
564616.682556827 6528961.84994363
564653.432644014 6528815.6705623
564689.083836385 6528657.51074444
564694.886917301 6528634.48237553
564695.273234803 6528632.88054669
564693.872045764 6528632.59247059
564642.617510014 6528620.72978748
564586.376047901 6528597.91815026
564547.902172065 6528573.0602585
564521.208967383 6528547.10516938
564508.436628086 6528561.09943769
564501.501387511 6528568.15109903
564467.857522632 6528607.39734487
564461.913862111 6528613.54153241
564447.043481158 6528627.55326499
564431.066640108 6528640.67498793
564405.41548644 6528655.87550642
564376.359186839 6528670.10523587
564352.572986988 6528681.29369702
564330.651741861 6528688.47010129
564302.727777292 6528694.69733843
564276.776992404 6528697.91075084
564261.807625124 6528700.03362115
564255.821541782 6528701.08258201
564251.725367584 6528701.11667822
564196.793325064 6528703.57219314
564193.896031115 6528703.59630984
564152.934289074 6528703.93726953
564100.982811371 6528704.3697044
564078.004273158 6528704.56097303
564015.063059799 6528705.08488072
563992.084521591 6528705.27614787
563890.18801762 6528707.12343527
563874.277806115 6528716.24806464
563869.307424526 6528719.28683578
563863.330490174 6528721.43476521
563859.234315925 6528721.46886022
563855.428712379 6528720.40149013
563850.300200848 6528716.44764521
563846.237392537 6528708.48839713
563847.436913493 6528732.55752223
563849.500756316 6528740.43349575
563852.564497835 6528748.40105986
563851.799155474 6528776.48307328
563850.723443221 6528887.29590488
563843.912005038 6529029.22953559
563840.463769901 6529107.09073109
563901.024233507 6529168.63283815
563906.976953731 6529175.57722439
563913.121169826 6529181.5208832
563922.19595164 6529191.43668307
564005.850493613 6529278.66412213
564027.01389775 6529300.46890305
564038.103451516 6529312.36619992
564051.291046965 6529324.24603326
564058.251153881 6529332.18116811
564070.348093372 6529345.06921344
564089.496729365 6529364.89249768
564101.593669488 6529377.78054306
564111.675839413 6529388.68709164
564114.697995084 6529391.65933689
564123.772779991 6529401.57513707
564129.808773651 6529406.52056312
564134.854017737 6529412.47336966
564149.973114621 6529428.33366038
564176.173450363 6529455.09218375
    Pen (1,2,0)
    Brush (1,0,16777215)
Region 1
  91
563846.237392537 6528708.48839713
563850.300200848 6528716.44764521
563855.428712379 6528720.40149013
563859.234315925 6528721.46886022
563863.330490174 6528721.43476521
563869.307424526 6528719.28683578
563874.277806115 6528716.24806464
563890.18801762 6528707.12343527
563992.084521591 6528705.27614787
564015.063059799 6528705.08488072
564078.004273158 6528704.56097303
564100.982811371 6528704.3697044
564152.934289074 6528703.93726953
564193.896031115 6528703.59630984
564196.793325064 6528703.57219314
564251.725367584 6528701.11667822
564255.821541782 6528701.08258201
564261.807625124 6528700.03362115
564276.776992404 6528697.91075084
564302.727777292 6528694.69733843
564330.651741861 6528688.47010129
564352.572986988 6528681.29369702
564376.359186839 6528670.10523587
564405.41548644 6528655.87550642
564431.066640108 6528640.67498793
564447.043481158 6528627.55326499
564461.913862111 6528613.54153241
564467.857522632 6528607.39734487
564501.501387511 6528568.15109903
564508.436628086 6528561.09943769
564451.964760426 6528510.61372833
564388.649335653 6528454.19018666
564382.629981485 6528451.24289291
564379.641099462 6528452.26690543
564364.779869357 6528467.37760566
564344.623857646 6528446.56359126
564327.506636475 6528430.71994699
564317.424472151 6528419.81340794
564310.356143872 6528410.88004777
564300.231558271 6528394.8782838
564291.099385186 6528378.0689528
564280.958995996 6528360.16896807
564268.745612504 6528333.29404279
564258.488773029 6528301.40716735
564257.398209298 6528290.42578343
564258.32158273 6528281.32598816
564260.303911759 6528279.41113492
564266.215131706 6528269.3706016
564269.145787842 6528261.35314408
564272.059808067 6528251.33755939
564273.958125854 6528239.33216372
564272.818486202 6528222.4563051
564269.554189565 6528202.40090721
564260.238283545 6528151.5226797
564252.919587682 6528112.51750905
564240.648813493 6528078.74905044
564229.251505949 6528029.88641824
564220.085324858 6527996.99133854
564214.733063722 6527966.16269138
564211.493814208 6527937.1148951
564209.329323875 6527917.15025989
564204.051184484 6527883.22368653
564198.890327491 6527863.38390686
564192.762012389 6527847.34888419
564168.501616389 6527813.5803189
564165.420315174 6527815.50431911
564145.731040372 6527838.74817187
564103.295215786 6527902.04675323
564055.913962052 6527971.38129649
564046.048065464 6527986.45040783
564003.620548571 6528050.74805579
563989.808291527 6528071.84481228
563988.817542864 6528072.85219172
563968.078362142 6528101.99966802
563958.229098848 6528119.06690705
563957.24666781 6528121.07335002
563949.378901713 6528136.12583027
563940.595245735 6528161.17726188
563922.095407499 6528219.28095078
563919.164749277 6528227.29840717
563887.185352898 6528346.46140345
563885.370302666 6528356.46784036
563865.196617167 6528465.54125034
563852.666218359 6528520.59786415
563851.708739635 6528525.60149899
563852.365830153 6528604.52754129
563852.673581406 6528641.49290444
563852.931427048 6528672.46388514
563850.009084885 6528681.48040787
563847.970099423 6528688.59122494
563846.237392537 6528708.48839713
    Pen (1,2,0)
    Brush (1,0,16777215)
Region 1
  214
564024.877039015 6530003.87692597
564066.238075648 6530051.4910872
564085.345964995 6530066.4189641
564129.412254842 6530078.94099804
564186.567075336 6530103.44360803
564211.760039739 6530129.2113957
564242.930777545 6530152.9311569
564276.016473377 6530166.64363551
564313.314708936 6530206.29853964
564325.544746705 6530235.17163228
564338.698991379 6530255.0448236
564349.863418197 6530275.93371252
564344.01041506 6530292.96771613
564380.109956147 6530308.65337555
564406.21964831 6530324.52210284
564423.227839077 6530339.26762931
564438.455175413 6530356.12616177
564443.500424694 6530362.07897153
564485.25333664 6530336.75306035
564521.261381516 6530341.449
564544.364810851 6530344.25408887
564584.518767127 6530378.8895481
564630.642268809 6530398.48829935
564681.59474828 6530398.06416339
564726.569454965 6530399.68805454
564745.626615922 6530408.52162873
564763.833606633 6530435.24678652
564779.1943028 6530432.12151712
564795.982808615 6530432.48133273
564833.157297838 6530433.27093034
564856.269134282 6530425.08546507
564876.681822501 6530416.7226411
564910.923329946 6530401.25076002
564933.64635201 6530394.36740493
564960.334868392 6530383.7542418
565005.840804347 6530377.18079902
565041.307725852 6530376.88555735
565078.748575842 6530385.66600624
565101.995086942 6530405.65500718
565123.419068304 6530434.75130344
565152.74567241 6530464.98077594
565170.879468703 6530482.91415538
565193.616466524 6530501.70843637
565216.619993692 6530504.51434587
565250.717338631 6530507.72747084
565293.386706366 6530508.47131326
565344.986962041 6530501.8471256
565353.739664953 6530497.07832998
565360.137111112 6530485.4351128
565369.368632409 6530466.17488058
565374.90518326 6530459.13484898
565392.212438309 6530449.798734
565430.336164806 6530432.59599199
565462.681100295 6530417.33971157
565505.624477207 6530402.99433528
565558.714258693 6530383.26907806
565589.702922637 6530373.1196714
565607.666937735 6530382.66172788
565625.42365237 6530391.30628893
565636.536602901 6530394.01135151
565645.448275768 6530396.33508561
565659.818141672 6530406.20680282
565658.783976326 6530425.99827508
565650.335829504 6530455.34324612
565649.75627545 6530469.735608
565649.082637855 6530484.82814745
565650.840872139 6530503.99689367
565657.21645024 6530525.72495117
565660.608965829 6530549.17637148
565656.606711781 6530572.48952592
565649.537372734 6530587.43548306
565641.030991537 6530609.78699976
565624.472086985 6530637.00139925
565613.26406072 6530658.87584002
565611.80115056 6530675.17391369
565616.154466811 6530694.02131852
565611.898403494 6530698.85259615
565598.277717173 6530706.95906383
565597.748987303 6530715.4561104
565607.078512329 6530731.96407981
565626.826634672 6530751.78237416
565647.328336714 6530754.10953706
565667.475334147 6530761.83498015
565677.649948416 6530771.84153853
565698.511268583 6530781.35947717
565736.583189093 6530793.93136975
565764.782633673 6530808.78354593
565766.079758981 6530808.57292045
565769.827292056 6530778.66759271
565772.732987511 6530767.65292057
565776.580349587 6530749.73637943
565783.381657655 6530726.59974642
565797.044170721 6530687.51975255
565807.850902891 6530665.44882344
565807.667881955 6530643.4693843
565809.325611748 6530626.57020798
565809.507955247 6530624.4705072
565811.389624162 6530610.46695727
565819.265703386 6530596.41350397
565826.192628943 6530588.36276021
565827.175136075 6530574.36669614
565832.953171329 6530560.33070935
565840.829249992 6530546.27725641
565850.737573752 6530536.30333684
565867.604435151 6530522.07512189
565878.528465217 6530514.09101561
565911.314697259 6530491.8371075
565924.211073795 6530480.73926393
565930.113972055 6530469.69964172
565934.042859423 6530461.57394357
565935.899568975 6530444.57319923
565936.782167925 6530430.57796822
565930.530694065 6530399.7567562
565937.490062851 6530395.60236732
565822.26976518 6530177.25158154
565799.428851631 6530133.97939017
565793.342933088 6530123.03957834
565782.170164315 6530101.15163761
565773.053765663 6530086.24051768
565759.932776219 6530070.36360179
565747.84413143 6530058.47462866
565738.785967071 6530050.55696378
565736.771192989 6530048.57546826
565717.664115789 6530033.74752065
565687.608965259 6530012.01677557
565623.178550305 6529965.69376002
565615.13526136 6529959.6660011
565607.09280439 6529953.73814866
565539.739309986 6529904.34214993
565535.718081848 6529901.37822363
565531.596946944 6529898.41512902
565527.380064736 6529895.95239854
565522.6470108 6529891.49569688
565504.547325243 6529877.65849595
565495.471694048 6529867.64279448
565489.394930188 6529857.80195489
565484.308083446 6529846.85382702
565477.189825705 6529831.92607405
565476.065894511 6529828.93802836
565472.186248199 6529818.97898505
565465.908919653 6529797.05029355
565460.738965084 6529764.1219096
565450.149249552 6529704.26202743
565441.732446672 6529653.37626416
565435.570832 6529633.34496637
565428.454239767 6529618.61702849
565426.521904057 6529614.53666573
565421.335152048 6529603.58937133
565416.256625718 6529593.64030994
565410.154075399 6529580.70237174
565396.983182835 6529558.831071
565391.921294498 6529550.88013906
565345.373553587 6529480.32913441
565301.864613899 6529414.74850379
565275.630979766 6529383.99374416
565252.269768559 6529338.2280675
565210.525967736 6529256.64660901
565179.130712598 6529193.96254491
565173.028166591 6529181.02460961
565152.722394839 6529142.22743793
565148.659576912 6529134.26819084
565144.589272277 6529125.40978593
565073.514091513 6528989.02025456
565032.79357733 6529018.3341022
564925.534847107 6529096.16024881
564862.959623213 6529140.64302317
564862.984578405 6529143.64021602
564871.942051074 6529259.465145
564880.891206784 6529374.29101934
564880.907843603 6529376.28914824
564886.127777857 6529403.22230575
564895.601853203 6529461.09319699
564916.657113028 6529589.90609981
564920.769009685 6529603.7598315
564925.897442768 6529619.70328242
564932.040748653 6529637.5366397
564939.251333666 6529663.5540108
564946.344543437 6529687.47417819
564961.821433305 6529734.30463781
564970.088484666 6529767.20724069
564974.301036066 6529793.14965759
564975.50806584 6529818.11796016
564972.744611784 6529846.21663065
564967.948084374 6529870.13586275
564961.162571433 6529895.17069984
564908.170384347 6529890.61615639
564889.271365626 6529888.7752103
564852.180994223 6529886.08656055
564642.210387499 6529867.85172461
564510.250256159 6529858.9588349
564370.289266643 6529849.13339715
564284.344483122 6529846.85139301
564236.256143117 6529831.26553025
564207.166727507 6529817.51979019
564189.092011365 6529806.67976724
564181.025440463 6529797.85461954
564175.938605406 6529786.90648778
564172.790849187 6529768.84836449
564173.23262118 6529701.90271422
564173.774207233 6529646.94584267
564129.323550609 6529708.26300792
564031.531258978 6529843.06086865
564045.617189053 6529854.8333161
564057.714133325 6529867.7213667
564068.820327796 6529881.61679808
564072.908094462 6529892.57324696
564077.012496735 6529905.52782553
564080.126149022 6529919.48978502
564080.234280049 6529932.47762774
564076.354457399 6529946.49779934
564070.459863388 6529958.5364733
564062.558815743 6529969.59271441
564050.686449647 6529983.67941397
564024.877039015 6530003.87692597
    Pen (1,2,0)
    Brush (1,0,16777215)
Region 1
  60
564397.915617077 6529567.1476718
564420.902489106 6529567.95546294
564540.848823943 6529573.95096028
564571.836554979 6529575.69128274
564587.829954321 6529576.55728552
564600.826150966 6529577.44823725
564617.818617934 6529578.30592329
564645.809146489 6529580.07119322
564666.798715669 6529580.99551946
564685.788486078 6529581.73666533
564747.763949173 6529585.21730288
564765.655577208 6529586.06750222
564787.643382365 6529586.88360361
564827.730947571 6529589.54730445
564843.725179166 6529590.51321066
564867.710287814 6529591.21277116
564888.707343987 6529593.03625209
564904.684106992 6529591.90412189
564916.657113028 6529589.90609981
564895.601853203 6529461.09319699
564886.127777857 6529403.22230575
564880.907843603 6529376.28914824
564880.891206784 6529374.29101934
564871.942051074 6529259.465145
564862.984578405 6529143.64021602
564862.959623213 6529140.64302317
564925.534847107 6529096.16024881
565032.79357733 6529018.3341022
565073.514091513 6528989.02025456
565064.348629636 6528968.21466415
565049.037368036 6528929.2760071
565027.499533833 6528874.50296387
565019.440533894 6528854.58738425
565006.178151884 6528821.72638734
564966.366054476 6528720.14620882
564935.753526184 6528643.46778484
564926.46237512 6528619.56593253
564925.546578081 6528617.57528972
564918.18110518 6528596.954547
564916.337865341 6528591.57457199
564843.588993663 6528614.1610909
564823.525219276 6528616.42628846
564814.633524616 6528616.50030598
564790.497785949 6528609.70728789
564777.593187431 6528607.81644359
564699.69924946 6528612.46138735
564695.273234803 6528632.88054669
564694.886917301 6528634.48237553
564689.083836385 6528657.51074444
564653.432644014 6528815.6705623
564616.682556827 6528961.84994363
564600.996106485 6528997.84940927
564573.563740033 6529063.12134696
564548.08625076 6529123.18152018
564530.453234334 6529165.3918203
564507.907229647 6529217.53443981
564486.360290395 6529269.66874453
564414.817488037 6529437.11959091
564407.082807389 6529468.15712009
564397.915617077 6529567.1476718
    Pen (1,2,0)
    Brush (1,0,16777215)
Region 1
  65
564939.251333666 6529663.5540108
564932.040748653 6529637.5366397
564925.897442768 6529619.70328242
564920.769009685 6529603.7598315
564916.657113028 6529589.90609981
564904.684106992 6529591.90412189
564888.707343987 6529593.03625209
564867.710287814 6529591.21277116
564843.725179166 6529590.51321066
564827.730947571 6529589.54730445
564787.643382365 6529586.88360361
564765.655577208 6529586.06750222
564747.763949173 6529585.21730288
564685.788486078 6529581.73666533
564666.798715669 6529580.99551946
564645.809146489 6529580.07119322
564617.818617934 6529578.30592329
564600.826150966 6529577.44823725
564587.829954321 6529576.55728552
564571.836554979 6529575.69128274
564540.848823943 6529573.95096028
564420.902489106 6529567.95546294
564397.915617077 6529567.1476718
564378.916697329 6529565.30755084
564354.922439837 6529563.5090106
564336.015108999 6529560.66899286
564318.89778189 6529556.81494119
564300.8638264 6529550.87033828
564289.825007493 6529545.06733506
564286.819486917 6529544.09321894
564276.778903884 6529538.18199305
564271.758612404 6529535.22638008
564261.709711595 6529528.31608958
564259.694940697 6529526.33459275
564239.588821566 6529511.5149471
564217.459614246 6529493.71473997
564178.196538868 6529458.07274508
564176.173450363 6529455.09218375
564176.497846552 6529494.05569925
564174.998782504 6529554.01620353
564173.508036109 6529614.97577503
564173.774207233 6529646.94584267
564173.23262118 6529701.90271422
564172.790849187 6529768.84836449
564175.938605406 6529786.90648778
564181.025440463 6529797.85461954
564189.092011365 6529806.67976724
564207.166727507 6529817.51979019
564236.256143117 6529831.26553025
564284.344483122 6529846.85139301
564370.289266643 6529849.13339715
564510.250256159 6529858.9588349
564642.210387499 6529867.85172461
564852.180994223 6529886.08656055
564889.271365626 6529888.7752103
564908.170384347 6529890.61615639
564961.162571433 6529895.17069984
564967.948084374 6529870.13586275
564972.744611784 6529846.21663065
564975.50806584 6529818.11796016
564974.301036066 6529793.14965759
564970.088484666 6529767.20724069
564961.821433305 6529734.30463781
564946.344543437 6529687.47417819
564939.251333666 6529663.5540108
    Pen (1,2,0)
    Brush (1,0,16777215)
Region 1
  236
565345.373553587 6529480.32913441
565391.921294498 6529550.88013906
565396.983182835 6529558.831071
565410.154075399 6529580.70237174
565416.256625718 6529593.64030994
565421.335152048 6529603.58937133
565426.521904057 6529614.53666573
565428.454239767 6529618.61702849
565435.570832 6529633.34496637
565441.732446672 6529653.37626416
565450.149249552 6529704.26202743
565460.738965084 6529764.1219096
565465.908919653 6529797.05029355
565472.186248199 6529818.97898505
565476.065894511 6529828.93802836
565477.189825705 6529831.92607405
565484.308083446 6529846.85382702
565489.394930188 6529857.80195489
565495.471694048 6529867.64279448
565504.547325243 6529877.65849595
565522.6470108 6529891.49569688
565527.380064736 6529895.95239854
565531.596946944 6529898.41512902
565536.642279365 6529892.37832287
565542.47854707 6529885.33579822
565582.133537829 6529836.04810641
565622.68019936 6529785.85377131
565631.562830188 6529772.69116855
565640.546199504 6529759.62764061
565653.242835777 6529736.54186008
565664.024604913 6529711.47375295
565673.798986909 6529685.41489865
565682.583451789 6529660.46333309
565692.415234434 6529641.29802581
565704.237664863 6529621.21692612
565721.080390148 6529604.09143448
565745.857422064 6529579.90595253
565750.827802708 6529576.86717246
565770.69268682 6529562.71392281
565781.624196278 6529555.62898067
565810.430772862 6529535.40648761
565832.277152422 6529519.23847366
565840.294726979 6529510.17952222
565847.105101218 6529500.13148699
565851.126405477 6529491.10580484
565851.983970355 6529486.10299641
565857.753757515 6529459.07834947
565865.413453424 6529431.03883558
565874.371860268 6529414.97811552
565882.272888703 6529403.92186719
565892.163732669 6529391.84991969
565903.061963094 6529380.76871935
565918.963849668 6529370.64499664
565899.548969386 6529318.85167436
565893.379861652 6529297.92122529
566035.397923703 6529194.82726749
566073.27022283 6529303.41754057
566075.284996282 6529305.39903447
565937.271513854 6529409.45879932
565965.752877883 6529470.16884903
565966.77690319 6529473.15772531
565989.471014935 6529558.79439078
566005.947766625 6529617.70603259
566008.012456262 6529625.6819151
566013.240734898 6529653.61413909
566015.364491705 6529668.68338119
566015.396105065 6529672.47982707
566015.616716862 6529674.97582536
566043.781348568 6529661.65269409
566074.126532404 6529634.22362005
566107.970115439 6529606.96524747
566130.839760385 6529581.69659011
566154.878409354 6529540.83171187
566155.467866588 6529539.62784381
566182.881786469 6529484.14751194
566200.15762826 6529435.04612755
566212.155050185 6529387.98695688
566212.836926518 6529385.88309911
566224.135759178 6529350.9192642
566239.349256855 6529318.12093318
566239.431692674 6529316.02206606
566240.796495799 6529275.94544203
566240.881427458 6529274.1462943
566241.797372808 6529252.15772774
566244.136430277 6529185.09638641
566236.135572564 6529184.16386299
566238.574245304 6529165.06010805
566254.293711271 6529169.02568521
566266.108495484 6529172.02463664
566268.805977108 6529172.00217901
566290.187680559 6529172.02399425
566302.176487782 6529171.92418234
566324.964445092 6529160.84390624
566354.381259886 6529141.9151994
566372.953998751 6529128.57200907
566386.125950492 6529114.57438932
566406.511152961 6529102.91463616
566426.054671154 6529086.16630907
566443.359474736 6529064.54086599
566469.068992121 6529032.35454705
566495.765998179 6528986.77161802
566518.864696832 6528941.01882124
566537.938488471 6528951.85048844
566549.003104132 6528960.75056992
566558.960426388 6528968.6607368
566651.708029472 6528816.02027014
566650.559205814 6528798.04543428
566646.372414221 6528775.20013849
566634.040765809 6528746.12811474
566622.836378855 6528720.44375953
566615.851299479 6528709.5114488
566595.810890989 6528702.58445236
566576.712143293 6528688.75559608
566553.575529812 6528669.96469119
566536.49987598 6528659.11639094
566525.476029628 6528655.11172497
566516.451981006 6528651.29023604
566490.442963931 6528647.51024375
566487.742155547 6528647.13307628
566474.441254895 6528645.64520086
566456.441412207 6528643.79679338
566416.311584664 6528612.05871973
566404.440018181 6528638.23493399
566396.705391469 6528669.27245938
566387.905069208 6528704.31539099
566380.245389546 6528732.35489386
566374.434019145 6528754.38420923
566365.974870427 6528818.39916956
566359.938870567 6528813.4537554
566328.801402815 6528793.73032262
566298.671322537 6528774.99763583
566296.556642863 6528773.01697482
566278.556871117 6528759.17896425
566277.549484655 6528758.18821786
566267.475620125 6528748.28075395
566258.112749908 6528739.76615734
566255.79160137 6528736.98790862
566246.303866137 6528725.47695169
566233.182884482 6528709.60005659
566231.168111711 6528707.61856382
566207.831762883 6528676.83971677
566197.841167321 6528664.93329326
566182.704582357 6528646.9749993
566158.486546475 6528618.30167299
566157.47916022 6528617.31092662
566148.520910096 6528609.39244147
566136.365646274 6528601.50057252
566129.338900949 6528597.56253969
566122.312155669 6528593.62450684
566110.282588952 6528588.82890416
566102.272583806 6528586.79741022
566095.270796803 6528585.85656902
566084.264423234 6528583.94993396
566063.234936232 6528578.23012465
566061.227651354 6528577.14778935
566043.152936337 6528566.30780133
566001.125651909 6528546.67502565
565968.048297869 6528533.96167097
565939.892161274 6528524.30465829
565941.357030464 6528460.24803093
565895.258535433 6528443.64654655
565888.165238042 6528431.71600257
565875.993415388 6528409.83640766
565861.840098251 6528389.97157527
565842.649852514 6528365.15301103
565831.551970417 6528352.25667314
565825.500168483 6528345.41303738
565821.469793477 6528341.35014541
565818.447636177 6528338.37790621
565798.274963774 6528315.56578711
565795.469258191 6528314.59001188
565777.456942705 6528311.24300044
565731.116137109 6528301.53754729
565701.890151096 6528295.38640352
565684.276630879 6528291.93615763
565685.205739386 6528295.52530141
565691.44222343 6528324.54815181
565691.458029643 6528326.44637286
565703.970930107 6528389.28758158
565706.052254098 6528399.26158475
565712.304545336 6528430.1826585
565714.368399394 6528438.05862799
565715.401574294 6528442.14647231
565728.788757418 6528489.99341133
565736.00684 6528516.90991436
565740.127893425 6528531.86260324
565760.609207202 6528591.73999757
565778.116693051 6528642.45012608
565786.192342025 6528664.36382653
565807.697684393 6528727.23010088
565816.888114417 6528751.03287517
565839.333460577 6528806.7974809
565849.440522328 6528832.6908054
565862.819471658 6528867.54909185
565871.985701699 6528900.44418368
565878.371182796 6528935.3606932
565884.690034349 6528974.27429209
565884.705840842 6528976.17251407
565900.449728356 6529067.06250493
565832.895841581 6529113.58504095
565828.924530194 6529116.61550309
565802.124417191 6529137.82042061
565781.260472946 6529151.98198398
565778.487210105 6529154.90255888
565771.452898351 6529162.05496821
565770.362243485 6529163.06318153
565728.834010965 6529215.36385206
565726.85251453 6529217.37861526
565691.402782986 6529267.73032903
565687.355689284 6529273.65890954
565662.55362691 6529306.83679681
565649.79044312 6529321.9300549
565641.847818141 6529327.9909789
565635.895008861 6529333.0362041
565626.953316352 6529339.10544521
565617.012556357 6529345.18300343
565603.075526649 6529351.29383014
565594.100557958 6529353.36681325
565582.02016131 6529354.46651491
565565.119284232 6529352.6089452
565526.114060829 6529347.93798952
565507.123461302 6529347.0969494
565492.137450298 6529347.22170527
565481.15602778 6529348.31225726
565468.293014931 6529351.41674043
565457.328230093 6529354.50542113
565439.319979715 6529363.64753932
565423.43472718 6529375.76938502
565421.45323001 6529377.78414797
565410.554995465 6529388.86534415
565409.572565688 6529390.8717901
565389.782549686 6529414.01661299
565383.846376625 6529421.05996632
565373.97216524 6529435.13003908
565361.141513261 6529454.12047893
565345.373553587 6529480.32913441
    Pen (1,2,0)
    Brush (1,0,16777215)
Region 1
  112
564935.753526184 6528643.46778484
564966.366054476 6528720.14620882
565006.178151884 6528821.72638734
565019.440533894 6528854.58738425
565027.499533833 6528874.50296387
565049.037368036 6528929.2760071
565064.348629636 6528968.21466415
565073.514091513 6528989.02025456
565123.192933212 6528955.63529851
565208.646857029 6528898.97246009
565301.669067604 6528911.28672926
565307.571963664 6528900.24712232
565312.591423277 6528903.10282361
565338.958148952 6528949.84259771
565362.302718814 6528993.61013132
565521.678447567 6528935.23284255
565521.654322698 6528932.33555651
565528.481413686 6528912.29605397
565503.105429788 6528864.54890339
565477.712810014 6528814.80362595
565550.128924925 6528752.25450782
565562.336754308 6528742.46128626
565582.881840381 6528726.00437824
565584.863336256 6528723.98961595
565613.736448643 6528711.75965049
565626.67440429 6528705.65714332
565640.594788671 6528697.5481909
565760.609207202 6528591.73999757
565740.127893425 6528531.86260324
565736.00684 6528516.90991436
565728.788757418 6528489.99341133
565715.401574294 6528442.14647231
565714.368399394 6528438.05862799
565712.304545336 6528430.1826585
565706.052254098 6528399.26158475
565703.970930107 6528389.28758158
565691.458029643 6528326.44637286
565691.44222343 6528324.54815181
565685.205739386 6528295.52530141
565684.276630879 6528291.93615763
565677.083351599 6528291.99604168
565664.084671484 6528290.80538278
565662.485333076 6528290.71878396
565637.18898333 6528288.53145644
565623.008893333 6528289.44881152
565610.526384579 6528290.25212087
565607.231128714 6528290.47938029
565606.033912635 6528290.68917364
565598.749045697 6528291.74895268
565593.061021458 6528292.59561148
565585.676247843 6528293.65622216
565572.983111061 6528293.16241181
565570.573704752 6528291.7836838
565566.456734432 6528289.32012489
565563.644373929 6528287.54509825
565561.736164712 6528286.36202441
565557.920578186 6528284.09578307
565555.810891878 6528282.7145599
565553.598803234 6528281.03444935
565551.889575453 6528279.7498057
565547.666875292 6528276.58773389
565540.627655247 6528271.15110358
565538.417230432 6528269.67080575
565519.933746973 6528257.73517037
565515.213177482 6528254.7770698
565513.908567742 6528254.08853748
565509.103897567 6528253.02948956
565506.901791734 6528252.54825536
565504.198488855 6528251.87136697
565501.897308264 6528251.49087083
565490.084198363 6528248.69172794
565487.786345343 6528248.71085724
565470.401755821 6528248.75566808
565464.806151362 6528248.70233732
565436.93885025 6528249.73363421
565430.847040067 6528250.08408729
565424.267343003 6528251.83738798
565419.084675301 6528253.37923206
565408.704365953 6528254.66460557
565398.325720352 6528256.14979174
565385.743305174 6528256.95393069
565369.070540345 6528258.49151379
565353.708208289 6528261.41697371
565323.410622528 6528270.56147633
565326.974149803 6528242.55608958
565268.477768052 6528272.91712917
565260.419435761 6528277.08065724
565242.519424885 6528287.22099831
565219.665674321 6528302.39824203
565217.675859864 6528303.41393949
565191.774914289 6528324.61134739
565169.96182228 6528344.7755923
565168.071914378 6528345.79045802
565145.27639226 6528367.9611471
565131.447513249 6528387.05979357
565146.775574664 6528404.01736796
565147.58231475 6528404.90987188
565163.708798065 6528421.76088648
565159.637580653 6528424.79217683
565150.829073622 6528434.85683437
565090.643081127 6528514.28936838
565089.552426297 6528515.29758068
565070.769803867 6528539.43313157
565057.999134344 6528553.62721814
565047.100903916 6528564.70840491
565035.103699834 6528575.79874008
565027.176881949 6528583.7578786
565019.250895817 6528591.8169235
565007.336960882 6528600.90829915
565001.375834095 6528604.95445501
564973.551696262 6528623.17047287
564935.753526184 6528643.46778484
    Pen (1,2,0)
    Brush (1,0,16777215)
Region 1
  80
565073.514091513 6528989.02025456
565144.589272277 6529125.40978593
565148.659576912 6529134.26819084
565152.722394839 6529142.22743793
565173.028166591 6529181.02460961
565179.130712598 6529193.96254491
565210.525967736 6529256.64660901
565252.269768559 6529338.2280675
565275.630979766 6529383.99374416
565301.864613899 6529414.74850379
565345.373553587 6529480.32913441
565361.141513261 6529454.12047893
565373.97216524 6529435.13003908
565383.846376625 6529421.05996632
565389.782549686 6529414.01661299
565409.572565688 6529390.8717901
565410.554995465 6529388.86534415
565421.45323001 6529377.78414797
565423.43472718 6529375.76938502
565439.319979715 6529363.64753932
565457.328230093 6529354.50542113
565468.293014931 6529351.41674043
565481.15602778 6529348.31225726
565492.137450298 6529347.22170527
565507.123461302 6529347.0969494
565526.114060829 6529347.93798952
565565.119284232 6529352.6089452
565582.02016131 6529354.46651491
565594.100557958 6529353.36681325
565603.075526649 6529351.29383014
565617.012556357 6529345.18300343
565626.953316352 6529339.10544521
565635.895008861 6529333.0362041
565641.847818141 6529327.9909789
565649.79044312 6529321.9300549
565662.55362691 6529306.83679681
565687.355689284 6529273.65890954
565691.402782986 6529267.73032903
565726.85251453 6529217.37861526
565728.834010965 6529215.36385206
565770.362243485 6529163.06318153
565771.452898351 6529162.05496821
565778.487210105 6529154.90255888
565781.260472946 6529151.98198398
565802.124417191 6529137.82042061
565828.924530194 6529116.61550309
565832.895841581 6529113.58504095
565900.449728356 6529067.06250493
565884.705840842 6528976.17251407
565884.690034349 6528974.27429209
565878.371182796 6528935.3606932
565871.985701699 6528900.44418368
565862.819471658 6528867.54909185
565849.440522328 6528832.6908054
565839.333460577 6528806.7974809
565816.888114417 6528751.03287517
565807.697684393 6528727.23010088
565786.192342025 6528664.36382653
565778.116693051 6528642.45012608
565760.609207202 6528591.73999757
565640.594788671 6528697.5481909
565626.67440429 6528705.65714332
565613.736448643 6528711.75965049
565584.863336256 6528723.98961595
565582.881840381 6528726.00437824
565562.336754308 6528742.46128626
565550.128924925 6528752.25450782
565477.712810014 6528814.80362595
565503.105429788 6528864.54890339
565528.481413686 6528912.29605397
565521.654322698 6528932.33555651
565521.678447567 6528935.23284255
565362.302718814 6528993.61013132
565338.958148952 6528949.84259771
565312.591423277 6528903.10282361
565307.571963664 6528900.24712232
565301.669067604 6528911.28672926
565208.646857029 6528898.97246009
565123.192933212 6528955.63529851
565073.514091513 6528989.02025456
    Pen (1,2,0)
    Brush (1,0,16777215)
Region 1
  216
566239.431692674 6529316.02206606
566261.190780954 6529277.37426563
566273.67510825 6529252.79155339
566291.302931609 6529233.96099492
566293.694037548 6529233.14178103
566294.912053248 6529235.42964796
566314.436079079 6529276.33149627
566331.496547887 6529321.35030407
566351.531757308 6529363.64668598
566371.400576262 6529385.96177858
566421.332935532 6529419.01704916
566481.494747058 6529480.66229423
566500.060692984 6529490.49906093
566528.635477481 6529526.42980561
566566.489874605 6529572.87411184
566605.738948259 6529594.82802544
566656.806140605 6529620.1805134
566735.075089296 6529708.55170821
566756.230160587 6529741.34699996
566799.014745192 6529827.91545122
566821.143163586 6529845.61571568
566824.315917833 6529866.67103033
566833.515527029 6529891.57279019
566840.633801285 6529906.50053743
566851.798266968 6529927.38940214
566980.17749856 6530106.16470242
567024.710578138 6530174.73419437
567038.797306976 6530198.59613456
567059.169780007 6530233.3962189
567078.584721617 6530285.18956202
567096.967315963 6530332.99496421
567101.055110501 6530343.95140886
567103.111488039 6530350.92822907
567113.326814702 6530377.81980856
567117.406354101 6530375.7875733
567138.195358005 6530364.62400431
567145.163874962 6530361.56858082
567152.124071686 6530357.51409205
567168.025960993 6530347.39034741
567194.851038362 6530329.18257966
567224.615077692 6530303.95640016
567249.408735904 6530281.76900766
567251.390231656 6530279.75424061
567269.223693143 6530261.62133711
567288.006300391 6530237.48572425
567301.844320358 6530219.48600079
567316.621501634 6530194.28469004
567357.758645155 6530095.02787253
567360.705926977 6530089.00852691
567370.505238384 6530065.94684652
567373.452520075 6530059.92750099
567381.302785356 6530042.77694148
567393.142665922 6530024.79385633
567405.980782047 6530006.70254633
567419.817965726 6529988.60291796
567440.740210741 6529969.44516347
567484.374700588 6529930.1156159
567578.474003971 6529843.80622804
567645.899730607 6529781.8979792
567673.765519312 6529756.68760407
567697.435222466 6529731.51216726
567711.255757644 6529711.41440955
567721.52458023 6529696.74154913
567793.204853939 6529593.83337888
567869.217775156 6529483.29571785
567923.509144614 6529403.91207754
567934.374074342 6529388.83460137
567958.060463649 6529353.66768873
567975.434364697 6529328.34484983
567987.674689065 6529310.45834689
568012.360142762 6529275.28311623
568040.567057741 6529291.03438121
568122.923139435 6529354.29315783
568278.776975866 6529472.89140279
568309.947747114 6529496.61105143
568465.802455292 6529615.30919941
568485.000753109 6529521.13081337
568510.818379369 6529501.93227349
568482.769673932 6529481.18403205
568552.871212385 6529392.67647808
568537.435861264 6529338.85178348
568532.406411463 6529334.79721696
568507.255002336 6529314.02485206
568522.133653211 6529301.01212412
568534.030915137 6529289.92257779
568547.018828484 6529277.82481519
568586.251497547 6529237.83249233
568618.252558339 6529205.29398066
568526.630207196 6529121.13059433
568404.045139598 6529038.22418164
568249.240341536 6528925.61206176
568132.682996011 6528846.65198205
567990.183209015 6528771.9044482
567839.898805441 6528722.20001156
567798.828892058 6528709.55324992
567763.770022347 6528698.85470268
567710.611459912 6528674.31899531
567601.18065284 6528611.28563591
567507.859732817 6528563.10513293
567495.816016045 6528556.61113384
567423.55538213 6528517.84695056
567396.348440221 6528490.19766749
567337.719467688 6528408.65699634
567322.567060587 6528388.8004967
567254.872447502 6528298.4430271
567197.337410313 6528228.2833698
567192.289660102 6528222.03086034
567137.940697922 6528174.52499443
567031.290839422 6528085.49100659
566959.171885672 6528027.74211074
566874.379838906 6527959.90757466
566735.626779281 6527855.15474439
566715.054130368 6527892.29393773
566711.998624316 6527897.31504077
566705.104998851 6527909.36202817
566699.077321774 6527905.41568242
566634.187243773 6528031.84666861
566644.252785806 6528040.75506091
566646.259238375 6528041.73748853
566659.338619381 6528052.61905401
566663.351524585 6528054.58390923
566674.407813562 6528062.48491994
566690.476074382 6528072.34246779
566711.530515649 6528081.05945557
566713.537800323 6528082.14178949
566723.561743932 6528086.05486367
566713.745797078 6528107.11837906
566687.245234868 6528164.28959088
566679.402460237 6528182.33928025
566669.569872206 6528201.4046694
566604.446890904 6528287.87229932
566690.241897197 6528404.15647211
566674.630391234 6528449.14752536
566656.080754661 6528501.25688721
566637.546924156 6528555.26447214
566615.085046988 6528617.49765498
566704.459587312 6528671.70587652
566710.570534984 6528673.65326483
566716.482501286 6528675.70222311
566724.490844083 6528677.53390078
566770.389681236 6528670.15782413
566779.372963198 6528669.08389781
566785.375684369 6528670.03305358
566834.488040541 6528688.60768488
566847.509190007 6528692.49580589
566869.488661674 6528692.31280779
566912.531804759 6528689.95616877
566928.400328278 6528687.82578227
566942.378944704 6528686.7102641
566955.325213991 6528681.60680788
566964.266895582 6528675.53756024
566972.201190141 6528668.47756673
566990.792416763 6528621.36351347
566995.604708987 6528599.34251518
566995.521508091 6528589.35187562
566972.002166738 6528524.6040387
566966.00783204 6528512.66434918
566928.667894284 6528480.00384509
566966.266346916 6528435.72894499
566996.438029859 6528459.45693149
567006.511897959 6528469.36438801
567009.534058419 6528472.33662496
567021.639340627 6528486.22370055
567033.819504184 6528509.10235121
567052.128022959 6528548.01602179
567065.4478649 6528587.77053573
567065.522746204 6528596.76211135
567064.548639817 6528599.76762149
567063.582853568 6528603.77219559
567014.536403601 6528713.08608367
566988.20736679 6528766.85884521
566979.169040196 6528785.31815175
566966.393331259 6528810.9024227
566934.951510131 6528874.60917641
566924.153965415 6528897.77905822
566916.785762859 6528912.82740694
566914.428770006 6528917.74278497
566907.335327288 6528929.7914458
566902.498138678 6528936.825654
566895.547101104 6528941.97910826
566888.553631461 6528942.03733505
566874.540900203 6528939.05668947
566842.454273824 6528925.3359695
566809.33530133 6528907.62731026
566790.286467719 6528899.79283971
566773.36056712 6528906.92769545
566726.163138811 6528878.34578102
566658.89285429 6528838.9405192
566654.830027713 6528830.981278
566652.773654994 6528824.00446507
566651.708029472 6528816.02027014
566558.960426388 6528968.6607368
566549.003104132 6528960.75056992
566537.938488471 6528951.85048844
566518.864696832 6528941.01882124
566495.765998179 6528986.77161802
566469.068992121 6529032.35454705
566443.359474736 6529064.54086599
566426.054671154 6529086.16630907
566406.511152961 6529102.91463616
566386.125950492 6529114.57438932
566372.953998751 6529128.57200907
566354.381259886 6529141.9151994
566324.964445092 6529160.84390624
566302.176487782 6529171.92418234
566290.187680559 6529172.02399425
566268.805977108 6529172.00217901
566266.108495484 6529172.02463664
566254.293711271 6529169.02568521
566238.574245304 6529165.06010805
566236.135572564 6529184.16386299
566244.136430277 6529185.09638641
566241.797372808 6529252.15772774
566240.881427458 6529274.1462943
566240.796495799 6529275.94544203
566239.431692674 6529316.02206606
    Pen (1,2,0)
    Brush (1,0,16777215)
Region 1
  147
565698.496982607 6527731.9037832
565715.522624503 6527748.7472973
565720.667776323 6527754.69925898
565732.773037373 6527768.58633788
565742.863528153 6527780.49192477
565753.986361746 6527796.38544773
565759.106479374 6527811.32981129
565764.650426217 6527817.17853984
565791.359448189 6527845.03181129
565894.163509993 6527952.18219477
565896.177449118 6527954.06378053
566023.083005148 6528087.89018685
566034.172567626 6528099.78745709
566035.288179351 6528101.77643497
566040.340914874 6528108.62838607
566042.381476351 6528113.70697528
566044.40456723 6528116.68753099
566047.476640607 6528125.65415068
566049.557966927 6528135.62815152
566050.690142894 6528151.60485154
566110.983544909 6528193.06647152
566130.073960557 6528205.89626516
566139.082197908 6528207.8195343
566146.059024596 6528205.76318397
566157.00715898 6528200.67637233
566201.807081594 6528181.31987101
566206.802414012 6528181.27828289
566210.906906067 6528182.24324424
566214.720829605 6528184.30967087
566238.190176929 6528111.07766617
566242.08660868 6528099.05563266
566259.670467683 6528050.95086419
566272.292271688 6528006.88393953
566284.905755255 6527961.81795265
566378.360599836 6528014.09384376
566386.310629344 6528020.92167168
566389.449333126 6528025.8912042
566399.481523686 6528042.79293824
566411.786537251 6528068.66794526
566417.747586079 6528076.61137877
566458.051348565 6528117.24027327
566435.413926187 6528158.39319066
566413.742290289 6528195.54153644
566387.117750487 6528237.82669636
566373.229750843 6528261.82159875
566368.417520709 6528271.85299267
566351.857687934 6528322.94664384
566349.934430964 6528331.95485296
566351.982481665 6528337.93259997
566358.02679884 6528343.87707608
566371.089541192 6528352.76051928
566424.297980908 6528383.29065477
566431.341365293 6528389.22681298
566435.379230133 6528394.18886078
566435.445787314 6528402.18137113
566433.49757187 6528408.19238951
566430.566929024 6528416.2098533
566407.188341884 6528488.34207591
566409.228073472 6528493.32075968
566413.24929929 6528496.2846802
566424.272311925 6528500.18944015
566436.302711019 6528505.08494611
566442.288791818 6528504.03597551
566451.188876235 6528492.97141281
566455.143544852 6528487.9428223
566465.150851479 6528489.85777197
566478.904834617 6528461.76753471
566486.789212338 6528448.71316224
566492.692095905 6528437.67355314
566515.387759584 6528403.51407317
566520.324854891 6528396.47903733
566598.419143037 6528295.9155484
566604.446890904 6528287.87229932
566669.569872206 6528201.4046694
566679.402460237 6528182.33928025
566687.245234868 6528164.28959088
566713.745797078 6528107.11837906
566723.561743932 6528086.05486367
566713.537800323 6528082.14178949
566711.530515649 6528081.05945557
566690.476074382 6528072.34246779
566674.407813562 6528062.48491994
566663.351524585 6528054.58390923
566659.338619381 6528052.61905401
566646.259238375 6528041.73748853
566644.252785806 6528040.75506091
566634.187243773 6528031.84666861
566699.077321774 6527905.41568242
566705.104998851 6527909.36202817
566711.998624316 6527897.31504077
566715.054130368 6527892.29393773
566735.626779281 6527855.15474439
566692.442363644 6527816.54811494
566673.465166296 6527805.31600256
566654.18658547 6527793.88657274
566603.86713666 6527762.33327514
566566.760392109 6527721.67777856
566523.201458844 6527662.09248283
566468.461521159 6527567.63064088
566414.852939758 6527489.0455895
566369.271834319 6527414.59006357
566323.420132948 6527343.63375628
566293.360187311 6527297.32445687
566270.900486596 6527275.83027522
566250.196603039 6527261.2154879
566209.942718236 6527238.57057883
566162.968472363 6527212.78439576
566120.20611123 6527188.86149724
566111.36940833 6527183.53975239
566088.473407234 6527169.64260644
566070.45535776 6527153.6066722
565991.842500056 6527107.90141832
565955.834540907 6527103.20553376
565907.11855813 6527084.22794339
565871.136541621 6527058.64998053
565819.851429581 6527019.11165635
565787.130560677 6526989.21027546
565756.997280713 6526958.08839416
565715.294420972 6526989.40866621
565709.233397537 6526993.45565271
565712.372096139 6526998.42518284
565715.410888212 6527003.3955447
565720.372862131 6527011.34729198
565730.579891626 6527025.25016589
565742.601877601 6527041.13619427
565758.828258476 6527057.98635276
565779.983337801 6527078.79200753
565789.042313351 6527086.80956018
565792.063635723 6527089.6818903
565809.264126026 6527103.52654298
565870.556460073 6527156.96940795
565872.870949538 6527158.94840365
565910.810260336 6527191.6039119
566036.700112773 6527311.45084253
566120.313084359 6527393.68271585
566137.439466043 6527410.62529504
566122.527520673 6527419.64172028
566076.795113211 6527446.99903178
566047.072791016 6527465.23086206
565995.279355313 6527496.63516093
566005.428081681 6527515.53418544
566019.901909658 6527537.89416591
565856.674641451 6527649.65720503
565827.868941083 6527669.97957989
565776.207842834 6527705.27938925
565740.44028968 6527729.45642461
565698.496982607 6527731.9037832
    Pen (1,2,0)
    Brush (1,0,16777215)
Region 1
  78
565302.436667552 6527323.55840304
565444.578453353 6527367.33605065
565451.790860766 6527369.57401254
565543.752177191 6527398.4826723
565614.977096851 6527420.86977051
565640.210801657 6527451.53288877
565646.605342419 6527499.53792029
565646.62198048 6527501.53604651
565646.763403994 6527518.52011956
565645.89744251 6527534.51344692
565640.061108178 6527553.54555005
565631.252532727 6527575.59979456
565627.339458874 6527585.62369514
565620.658116646 6527599.16760511
565617.516010832 6527605.78803721
565613.635380885 6527619.70828443
565611.820345438 6527629.71471915
565612.777737892 6527636.70067613
565613.801760949 6527639.68954857
565620.903370411 6527652.61914998
565665.235802108 6527697.11113166
565698.496982607 6527731.9037832
565740.44028968 6527729.45642461
565776.207842834 6527705.27938925
565827.868941083 6527669.97957989
565856.674641451 6527649.65720503
566019.901909658 6527537.89416591
566005.428081681 6527515.53418544
565995.279355313 6527496.63516093
566047.072791016 6527465.23086206
566076.795113211 6527446.99903178
566122.527520673 6527419.64172028
566137.439466043 6527410.62529504
566120.313084359 6527393.68271585
566036.700112773 6527311.45084253
565910.810260336 6527191.6039119
565872.870949538 6527158.94840365
565870.556460073 6527156.96940795
565809.264126026 6527103.52654298
565792.063635723 6527089.6818903
565782.140364601 6527097.85747267
565780.158039721 6527099.77232673
565772.223748658 6527106.83230527
565764.280306468 6527112.79331468
565761.300579726 6527114.91629863
565752.375541939 6527122.9836573
565740.454139004 6527131.17587418
565724.551447667 6527141.19967334
565705.635752836 6527149.35020481
565700.648743599 6527150.3908541
565688.585838179 6527153.58858806
565673.799666326 6527153.71168365
565659.703689493 6527152.72998785
565640.763115231 6527145.89374381
565632.646558228 6527143.06383115
565628.632825661 6527140.99906808
565617.584870383 6527134.09711764
565606.503639221 6527123.19891578
565603.473166302 6527119.22761608
565593.357725057 6527104.32484573
565582.209942506 6527085.43414144
565546.376683781 6527101.71856511
565525.472008021 6527110.98469722
565510.551743074 6527119.00205081
565479.747086355 6527139.24113865
565462.829521363 6527147.37503236
565446.886065197 6527152.50342023
565431.925868732 6527155.72527142
565412.934470362 6527154.78432673
565395.933716402 6527152.92759109
565393.935585077 6527152.9442252
565378.924643675 6527150.07179239
565351.899958053 6527144.30197523
565327.389168347 6527200.45742099
565301.905098835 6527259.71828054
565296.901369837 6527270.75038938
565312.028024696 6527275.5202113
565302.436667552 6527323.55840304
    Pen (1,2,0)
    Brush (1,0,16777215)
Region 1
  313
565157.819200019 6527714.42392127
565197.717625366 6527730.37764081
565258.768719979 6527754.84772282
565330.845315488 6527783.52228802
565415.151284128 6527816.99079251
565415.460986599 6527818.1871734
565418.549692486 6527829.15191901
565419.590352924 6527834.13891869
565426.682810694 6527845.96955322
565435.816659113 6527862.97868322
565437.839748149 6527865.95923921
565424.193893862 6527907.03727689
565421.263245873 6527915.05473529
565405.652533237 6527960.14566204
565399.816193221 6527979.17776974
565388.126043122 6528015.1439525
565348.096778076 6528139.46956469
565343.334453068 6528155.49533511
565338.456415604 6528169.62371656
565336.51568225 6528176.5338893
565333.809721358 6528199.53647141
565410.862543101 6528225.87161175
565413.92629336 6528233.83916975
565418.02321744 6528245.89457171
565418.447800583 6528248.88843584
565419.084675301 6528253.37923206
565424.267343003 6528251.83738798
565430.847040067 6528250.08408729
565436.93885025 6528249.73363421
565464.806151362 6528248.70233732
565470.401755821 6528248.75566808
565487.786345343 6528248.71085724
565490.084198363 6528248.69172794
565501.897308264 6528251.49087083
565504.198488855 6528251.87136697
565506.901791734 6528252.54825536
565509.103897567 6528253.02948956
565513.908567742 6528254.08853748
565515.213177482 6528254.7770698
565519.933746973 6528257.73517037
565538.417230432 6528269.67080575
565540.627655247 6528271.15110358
565547.666875292 6528276.58773389
565551.889575453 6528279.7498057
565553.598803234 6528281.03444935
565555.810891878 6528282.7145599
565557.920578186 6528284.09578307
565561.736164712 6528286.36202441
565563.644373929 6528287.54509825
565566.456734432 6528289.32012489
565570.573704752 6528291.7836838
565572.983111061 6528293.16241181
565585.676247843 6528293.65622216
565593.061021458 6528292.59561148
565598.749045697 6528291.74895268
565606.033912635 6528290.68917364
565607.231128714 6528290.47938029
565610.526384579 6528290.25212087
565623.008893333 6528289.44881152
565637.18898333 6528288.53145644
565662.485333076 6528290.71878396
565664.084671484 6528290.80538278
565677.083351599 6528291.99604168
565684.276630879 6528291.93615763
565701.890151096 6528295.38640352
565731.116137109 6528301.53754729
565777.456942705 6528311.24300044
565795.469258191 6528314.59001188
565798.274963774 6528315.56578711
565818.447636177 6528338.37790621
565821.469793477 6528341.35014541
565825.500168483 6528345.41303738
565831.551970417 6528352.25667314
565842.649852514 6528365.15301103
565861.840098251 6528389.97157527
565875.993415388 6528409.83640766
565888.165238042 6528431.71600257
565895.258535433 6528443.64654655
565941.357030464 6528460.24803093
565939.892161274 6528524.30465829
565968.048297869 6528533.96167097
566001.125651909 6528546.67502565
566043.152936337 6528566.30780133
566061.227651354 6528577.14778935
566063.234936232 6528578.23012465
566084.264423234 6528583.94993396
566095.270796803 6528585.85656902
566102.272583806 6528586.79741022
566110.282588952 6528588.82890416
566122.312155669 6528593.62450684
566129.338900949 6528597.56253969
566136.365646274 6528601.50057252
566148.520910096 6528609.39244147
566157.47916022 6528617.31092662
566158.486546475 6528618.30167299
566182.704582357 6528646.9749993
566197.841167321 6528664.93329326
566207.831762883 6528676.83971677
566231.168111711 6528707.61856382
566233.182884482 6528709.60005659
566246.303866137 6528725.47695169
566255.79160137 6528736.98790862
566258.112749908 6528739.76615734
566267.475620125 6528748.28075395
566277.549484655 6528758.18821786
566278.556871117 6528759.17896425
566296.556642863 6528773.01697482
566298.671322537 6528774.99763583
566328.801402815 6528793.73032262
566359.938870567 6528813.4537554
566365.974870427 6528818.39916956
566374.434019145 6528754.38420923
566380.245389546 6528732.35489386
566387.905069208 6528704.31539099
566396.705391469 6528669.27245938
566404.440018181 6528638.23493399
566416.311584664 6528612.05871973
566456.441412207 6528643.79679338
566474.441254895 6528645.64520086
566487.742155547 6528647.13307628
566490.442963931 6528647.51024375
566516.451981006 6528651.29023604
566525.476029628 6528655.11172497
566536.49987598 6528659.11639094
566553.575529812 6528669.96469119
566576.712143293 6528688.75559608
566595.810890989 6528702.58445236
566615.851299479 6528709.5114488
566622.836378855 6528720.44375953
566634.040765809 6528746.12811474
566646.372414221 6528775.20013849
566650.559205814 6528798.04543428
566651.708029472 6528816.02027014
566652.773654994 6528824.00446507
566654.830027713 6528830.981278
566658.89285429 6528838.9405192
566726.163138811 6528878.34578102
566773.36056712 6528906.92769545
566790.286467719 6528899.79283971
566809.33530133 6528907.62731026
566842.454273824 6528925.3359695
566874.540900203 6528939.05668947
566888.553631461 6528942.03733505
566895.547101104 6528941.97910826
566902.498138678 6528936.825654
566907.335327288 6528929.7914458
566914.428770006 6528917.74278497
566916.785762859 6528912.82740694
566924.153965415 6528897.77905822
566934.951510131 6528874.60917641
566966.393331259 6528810.9024227
566979.169040196 6528785.31815175
566988.20736679 6528766.85884521
567014.536403601 6528713.08608367
567063.582853568 6528603.77219559
567064.548639817 6528599.76762149
567065.522746204 6528596.76211135
567065.4478649 6528587.77053573
567052.128022959 6528548.01602179
567033.819504184 6528509.10235121
567021.639340627 6528486.22370055
567009.534058419 6528472.33662496
567006.511897959 6528469.36438801
566996.438029859 6528459.45693149
566966.266346916 6528435.72894499
566928.667894284 6528480.00384509
566966.00783204 6528512.66434918
566972.002166738 6528524.6040387
566995.521508091 6528589.35187562
566995.604708987 6528599.34251518
566990.792416763 6528621.36351347
566972.201190141 6528668.47756673
566964.266895582 6528675.53756024
566955.325213991 6528681.60680788
566942.378944704 6528686.7102641
566928.400328278 6528687.82578227
566912.531804759 6528689.95616877
566869.488661674 6528692.31280779
566847.509190007 6528692.49580589
566834.488040541 6528688.60768488
566785.375684369 6528670.03305358
566779.372963198 6528669.08389781
566770.389681236 6528670.15782413
566724.490844083 6528677.53390078
566716.482501286 6528675.70222311
566710.570534984 6528673.65326483
566704.459587312 6528671.70587652
566615.085046988 6528617.49765498
566637.546924156 6528555.26447214
566656.080754661 6528501.25688721
566674.630391234 6528449.14752536
566690.241897197 6528404.15647211
566604.446890904 6528287.87229932
566598.419143037 6528295.9155484
566520.324854891 6528396.47903733
566515.387759584 6528403.51407317
566492.692095905 6528437.67355314
566486.789212338 6528448.71316224
566478.904834617 6528461.76753471
566465.150851479 6528489.85777197
566455.143544852 6528487.9428223
566451.188876235 6528492.97141281
566442.288791818 6528504.03597551
566436.302711019 6528505.08494611
566424.272311925 6528500.18944015
566413.24929929 6528496.2846802
566409.228073472 6528493.32075968
566407.188341884 6528488.34207591
566430.566929024 6528416.2098533
566433.49757187 6528408.19238951
566435.445787314 6528402.18137113
566435.379230133 6528394.18886078
566431.341365293 6528389.22681298
566424.297980908 6528383.29065477
566371.089541192 6528352.76051928
566358.02679884 6528343.87707608
566351.982481665 6528337.93259997
566349.934430964 6528331.95485296
566351.857687934 6528322.94664384
566368.417520709 6528271.85299267
566373.229750843 6528261.82159875
566387.117750487 6528237.82669636
566413.742290289 6528195.54153644
566435.413926187 6528158.39319066
566458.051348565 6528117.24027327
566417.747586079 6528076.61137877
566411.786537251 6528068.66794526
566399.481523686 6528042.79293824
566389.449333126 6528025.8912042
566386.310629344 6528020.92167168
566378.360599836 6528014.09384376
566284.905755255 6527961.81795265
566272.292271688 6528006.88393953
566259.670467683 6528050.95086419
566242.08660868 6528099.05563266
566238.190176929 6528111.07766617
566214.720829605 6528184.30967087
566210.906906067 6528182.24324424
566206.802414012 6528181.27828289
566201.807081594 6528181.31987101
566157.00715898 6528200.67637233
566146.059024596 6528205.76318397
566139.082197908 6528207.8195343
566130.073960557 6528205.89626516
566110.983544909 6528193.06647152
566050.690142894 6528151.60485154
566049.557966927 6528135.62815152
566047.476640607 6528125.65415068
566044.40456723 6528116.68753099
566042.381476351 6528113.70697528
566040.340914874 6528108.62838607
566035.288179351 6528101.77643497
566034.172567626 6528099.78745709
566023.083005148 6528087.89018685
565896.177449118 6527954.06378053
565894.163509993 6527952.18219477
565791.359448189 6527845.03181129
565764.650426217 6527817.17853984
565759.106479374 6527811.32981129
565753.986361746 6527796.38544773
565742.863528153 6527780.49192477
565732.773037373 6527768.58633788
565720.667776323 6527754.69925898
565715.522624503 6527748.7472973
565698.496982607 6527731.9037832
565665.235802108 6527697.11113166
565620.903370411 6527652.61914998
565613.801760949 6527639.68954857
565612.777737892 6527636.70067613
565611.820345438 6527629.71471915
565613.635380885 6527619.70828443
565617.516010832 6527605.78803721
565620.658116646 6527599.16760511
565627.339458874 6527585.62369514
565631.252532727 6527575.59979456
565640.061108178 6527553.54555005
565645.89744251 6527534.51344692
565646.763403994 6527518.52011956
565646.62198048 6527501.53604651
565646.605342419 6527499.53792029
565640.210801657 6527451.53288877
565614.977096851 6527420.86977051
565543.752177191 6527398.4826723
565451.790860766 6527369.57401254
565444.578453353 6527367.33605065
565302.436667552 6527323.55840304
565296.600329106 6527342.59050153
565293.794544526 6527353.60431366
565298.839704654 6527371.5466945
565301.895133467 6527378.51518464
565305.999540728 6527391.46973596
565409.66793251 6527590.43318796
565418.725996971 6527610.34042974
565421.781427005 6527617.30892089
565418.793379648 6527618.43284157
565418.81750431 6527621.33012483
565417.85171367 6527625.33469467
565416.886754908 6527629.43917084
565410.974715211 6527639.37979887
565407.944241707 6527635.4084972
565403.923021017 6527632.44457578
565399.91011918 6527630.47971756
565394.898151317 6527628.52317637
565393.570168909 6527637.02685744
565269.656359149 6527586.50317744
565149.35333866 6527537.64795497
565146.431008471 6527546.66447369
565121.995069097 6527611.81149982
565119.946942123 6527617.82334425
565117.107880913 6527624.84090535
565097.583251073 6527679.85581183
565094.764154215 6527689.27112494
565157.819200019 6527714.42392127
    Pen (1,2,0)
    Brush (1,0,16777215)
Region 1
  84
565627.137751035 6526601.48028253
565627.345883102 6526602.47768154
565646.863790345 6526678.6488595
565667.05858417 6526752.11675048
565698.141451759 6526837.28375749
565756.997280713 6526958.08839416
565787.130560677 6526989.21027546
565819.851429581 6527019.11165635
565871.136541621 6527058.64998053
565907.11855813 6527084.22794339
565955.834540907 6527103.20553376
565991.842500056 6527107.90141832
566070.45535776 6527153.6066722
566088.473407234 6527169.64260644
566111.36940833 6527183.53975239
566120.20611123 6527188.86149724
566162.968472363 6527212.78439576
566209.942718236 6527238.57057883
566250.196603039 6527261.2154879
566270.900486596 6527275.83027522
566293.360187311 6527297.32445687
566332.107515665 6527259.03484031
566366.692044035 6527224.77641
566409.793304159 6527241.40281488
566430.490745798 6527219.24958771
566435.838278663 6527213.51001271
566463.16789397 6527183.90799037
566471.186280913 6527174.94895586
566478.910771821 6527166.69176074
566510.799480383 6527132.65559948
566520.172324286 6527142.3690593
566556.148463293 6527179.23724972
566611.913106612 6527156.792061
566682.746931405 6527144.21272891
566692.737588076 6527144.1295487
566700.730113412 6527144.06300447
566867.299519871 6527109.7048077
566884.867364611 6526939.70608487
566944.936688163 6526846.28667398
566945.977419694 6526839.28408517
566949.615918536 6526796.29111781
566959.157288441 6526742.25855363
566967.799433164 6526700.22306059
566947.594317023 6526673.51464232
566936.70360744 6526685.4949873
566909.895244893 6526705.70083049
566907.906266287 6526706.81643572
566893.002654668 6526716.83192823
566873.104548122 6526726.98891776
566854.147266665 6526730.14415072
566851.150070643 6526730.1691052
566833.15940653 6526729.41967558
566822.152215859 6526727.41314368
566817.148569204 6526726.45567176
566809.139406591 6526724.52409162
566779.100887051 6526716.7811344
566761.05947169 6526709.9374221
566752.034604129 6526706.01603459
566745.016187166 6526703.07707345
566736.99870492 6526700.14643035
566680.859690556 6526677.63380245
566599.660848337 6526645.33849693
566450.300942507 6526586.63411672
566386.144457999 6526561.19083436
566371.108562288 6526555.3212268
566308.950211389 6526529.86130587
566268.854491802 6526514.2090169
566243.794667576 6526504.42633579
566214.730263663 6526493.67786268
566185.790725165 6526485.92574446
566165.667918571 6526481.09761751
566159.665208301 6526480.14846103
566152.763339417 6526479.20679041
566139.666434762 6526478.21678287
566119.794189925 6526479.48127229
566104.716625771 6526480.60593066
566070.814966109 6526488.88122805
565973.206151722 6526513.67301346
565882.37433842 6526536.41010858
565751.763843759 6526569.56959092
565748.774135353 6526570.49369913
565702.908645834 6526581.86598287
565672.004176678 6526590.11631858
565627.137751035 6526601.48028253
    Pen (1,2,0)
    Brush (1,0,16777215)
Region 1
  201
565331.660571339 6526033.53593565
565363.176703941 6526062.74794209
565385.543116272 6526085.04219945
565421.660692752 6526126.90486755
565464.414446495 6526185.79743733
565500.316330111 6526237.75312988
565522.977317689 6526283.4246122
565563.973369683 6526371.20672025
565593.602781927 6526425.81237824
565612.601186385 6526499.58995554
565618.051797252 6526518.22834087
565627.137751035 6526601.48028253
565672.004176678 6526590.11631858
565702.908645834 6526581.86598287
565748.774135353 6526570.49369913
565751.763843759 6526569.56959092
565882.37433842 6526536.41010858
565973.206151722 6526513.67301346
566070.814966109 6526488.88122805
566104.716625771 6526480.60593066
566119.794189925 6526479.48127229
566139.666434762 6526478.21678287
566152.763339417 6526479.20679041
566159.665208301 6526480.14846103
566165.667918571 6526481.09761751
566185.790725165 6526485.92574446
566214.730263663 6526493.67786268
566243.794667576 6526504.42633579
566268.854491802 6526514.2090169
566308.950211389 6526529.86130587
566371.108562288 6526555.3212268
566386.144457999 6526561.19083436
566450.300942507 6526586.63411672
566599.660848337 6526645.33849693
566680.859690556 6526677.63380245
566736.99870492 6526700.14643035
566745.016187166 6526703.07707345
566752.034604129 6526706.01603459
566761.05947169 6526709.9374221
566779.100887051 6526716.7811344
566809.139406591 6526724.52409162
566817.148569204 6526726.45567176
566822.152215859 6526727.41314368
566833.15940653 6526729.41967558
566851.150070643 6526730.1691052
566854.147266665 6526730.14415072
566873.104548122 6526726.98891776
566893.002654668 6526716.83192823
566907.906266287 6526706.81643572
566909.895244893 6526705.70083049
566936.70360744 6526685.4949873
566947.594317023 6526673.51464232
566895.242794608 6526613.90269929
566925.905909572 6526588.66910413
566934.401357891 6526577.00844254
566947.635742612 6526558.51422862
566987.058376445 6526493.34234556
567022.541322624 6526434.99736161
567051.363680768 6526404.68352137
567071.087824824 6526385.63570811
567086.016391649 6526378.61740281
567105.33169236 6526370.46352801
567117.87747906 6526365.26349868
567148.665450739 6526343.02625759
567170.53671837 6526329.85544261
567233.219885924 6526298.36044984
567250.104147266 6526286.23028848
567251.069931023 6526282.22572087
567253.009818827 6526275.21564797
567251.902652589 6526250.24657788
567252.493959556 6526213.27378817
567258.255380331 6526185.25013508
567267.971458787 6526152.19789762
567274.791018119 6526131.2592686
567293.497015236 6526097.93235329
567298.318381876 6526088.99993948
567320.065670104 6526060.94309846
567340.887173824 6526029.69674558
567364.623437172 6526000.52429956
567384.488246694 6525986.37105901
567398.366987727 6525973.26679191
567423.260401917 6525963.06820627
567579.764101919 6525919.8015692
567568.508132127 6525887.9230906
567517.905897238 6525810.41219161
567514.758933994 6525792.45403272
567463.690152423 6525778.89141772
567455.680994725 6525776.95984303
567513.169112416 6525721.52895585
567558.643489334 6525663.20070738
567607.074284486 6525599.95210053
567617.039194343 6525584.78224793
567651.4738705 6525532.54071042
567657.393371173 6525523.4992419
567538.405401195 6525404.59428345
567473.682615145 6525419.12102978
567438.665441549 6525413.41781274
567429.008387842 6525465.55294427
567472.19120438 6525479.98052368
567521.304279981 6525498.65498697
567488.651334803 6525536.89384959
567409.567158667 6525518.56884953
567373.966938856 6525562.82703611
567314.78916775 6525535.34410249
567300.122120087 6525525.77465432
567322.257499537 6525472.33666584
567311.800915671 6525416.47239754
567378.655019972 6525405.92443669
567349.70576094 6525349.01519131
567337.011112252 6525324.34244585
567268.258727453 6525346.89578041
567258.167409058 6525334.89032021
567189.499120274 6525355.5446019
567164.789396256 6525267.82682621
567147.181223856 6525205.02819583
567133.843940635 6525163.17575324
567117.517850137 6525110.35775952
567092.774790787 6525030.63332141
566591.78545069 6525099.74805199
566582.777234674 6525097.82479135
566574.75893097 6525094.79424511
566568.723779789 6525089.94875231
566553.862615677 6525105.05944323
566539.001451209 6525120.17013413
566502.74436828 6525157.53975058
566464.703943235 6525196.72264984
566442.899245738 6525217.88593487
566320.021961452 6525339.80379339
566270.476407115 6525389.1737004
566258.595789716 6525402.26131443
566247.722555888 6525416.33967234
566241.836323835 6525429.37737994
566239.863153769 6525432.39120031
566237.007392567 6525449.40020135
566237.140504777 6525465.38518771
566237.182102343 6525470.38049599
566236.973319379 6525577.28924695
566221.163070545 6525586.41305455
566191.299290821 6525599.6503887
566133.528261302 6525621.11311115
566121.556958601 6525623.31095272
566114.570994864 6525624.26833185
566107.535946601 6525619.33124654
566097.636815464 6525630.40410232
566085.739555207 6525641.49359336
566068.755385266 6525653.62456598
566019.151647778 6525684.01146765
566095.73778275 6525762.30521499
566112.896588075 6525783.14411454
566140.237386957 6525826.87826147
566142.260474502 6525829.8588119
566169.701181862 6525873.59212805
566171.624363085 6525876.57351031
566181.748121137 6525892.47532477
566195.818148575 6525914.3390722
566196.932926742 6525916.2281405
566214.225752194 6525941.1623637
566219.179405745 6525948.11504092
566234.298488606 6525963.97526731
566246.420377622 6525979.86044692
566240.409277814 6525989.90180539
566226.680348306 6526008.99960051
566207.764601012 6526029.13970987
566184.086619959 6526053.31599241
566174.178334606 6526063.28988382
566171.30683698 6526066.41109755
566152.381936557 6526085.45223856
566106.783520982 6526128.89442725
566088.950102561 6526147.02726281
566078.068540927 6526160.1065644
566076.870495005 6526160.21645173
566005.236636364 6526172.7024931
566001.248696116 6526173.73482543
565873.526454993 6526193.78164587
565869.530195362 6526193.81491565
565836.561053404 6526194.08939088
565774.552475995 6526186.61257209
565728.545575906 6526181.00079749
565726.547446113 6526181.01743217
565696.550541981 6526178.26976548
565671.52400527 6526172.48332522
565649.46138728 6526162.67568412
565633.409796939 6526154.81626341
565631.403348161 6526153.83383581
565623.369234057 6526148.90506327
565614.177915558 6526136.99200482
565577.919662787 6526090.23476876
565527.508879525 6526035.70221578
565472.09528992 6525980.31209328
565465.060242281 6525975.37500334
565454.062211346 6525974.46742994
565439.059602632 6525972.59406298
565428.053252875 6525970.68742737
565425.023615113 6525966.81603696
565412.967455677 6525958.82344025
565397.906615301 6525949.95663901
565388.290557147 6525959.02887266
565385.118506556 6525962.0526733
565364.21293615 6525983.20846557
565360.25827128 6525988.23704386
565331.660571339 6526033.53593565
    Pen (1,2,0)
    Brush (1,0,16777215)
Region 1
  137
565428.053252875 6525970.68742737
565439.059602632 6525972.59406298
565454.062211346 6525974.46742994
565465.060242281 6525975.37500334
565472.09528992 6525980.31209328
565527.508879525 6526035.70221578
565577.919662787 6526090.23476876
565614.177915558 6526136.99200482
565623.369234057 6526148.90506327
565631.403348161 6526153.83383581
565633.409796939 6526154.81626341
565649.46138728 6526162.67568412
565671.52400527 6526172.48332522
565696.550541981 6526178.26976548
565726.547446113 6526181.01743217
565728.545575906 6526181.00079749
565774.552475995 6526186.61257209
565836.561053404 6526194.08939088
565869.530195362 6526193.81491565
565873.526454993 6526193.78164587
566001.248696116 6526173.73482543
566005.236636364 6526172.7024931
566076.870495005 6526160.21645173
566078.068540927 6526160.1065644
566088.950102561 6526147.02726281
566106.783520982 6526128.89442725
566152.381936557 6526085.45223856
566171.30683698 6526066.41109755
566174.178334606 6526063.28988382
566184.086619959 6526053.31599241
566207.764601012 6526029.13970987
566226.680348306 6526008.99960051
566240.409277814 6525989.90180539
566246.420377622 6525979.86044692
566234.298488606 6525963.97526731
566219.179405745 6525948.11504092
566214.225752194 6525941.1623637
566196.932926742 6525916.2281405
566195.818148575 6525914.3390722
566181.748121137 6525892.47532477
566171.624363085 6525876.57351031
566169.701181862 6525873.59212805
566142.260474502 6525829.8588119
566140.237386957 6525826.87826147
566112.896588075 6525783.14411454
566095.73778275 6525762.30521499
566019.151647778 6525684.01146765
566068.755385266 6525653.62456598
566085.739555207 6525641.49359336
566097.636815464 6525630.40410232
566107.535946601 6525619.33124654
566114.570994864 6525624.26833185
566121.556958601 6525623.31095272
566133.528261302 6525621.11311115
566191.299290821 6525599.6503887
566221.163070545 6525586.41305455
566236.973319379 6525577.28924695
566237.182102343 6525470.38049599
566237.140504777 6525465.38518771
566237.007392567 6525449.40020135
566239.863153769 6525432.39120031
566241.836323835 6525429.37737994
566247.722555888 6525416.33967234
566258.595789716 6525402.26131443
566270.476407115 6525389.1737004
566320.021961452 6525339.80379339
566442.899245738 6525217.88593487
566464.703943235 6525196.72264984
566502.74436828 6525157.53975058
566539.001451209 6525120.17013413
566509.895477639 6525104.42637275
566463.730538885 6525079.83246334
566425.599712375 6525060.16731653
566399.540851516 6525050.39296801
566372.499566317 6525042.62505964
566353.592297864 6525039.78508298
566325.485321146 6525036.02256874
566290.526400851 6525037.31275346
566255.600758628 6525042.59918264
566234.628734134 6525043.77291703
566219.626135112 6525041.89956059
566205.613448695 6525038.91891878
566189.571020338 6525032.15847919
566168.482523506 6525019.34535389
566158.449454476 6525014.33331817
566147.410665998 6525008.53035104
566128.353575644 6524999.69683522
566014.151636072 6524963.57987165
565976.079887408 6524951.00804924
565965.273208868 6524973.07889053
565963.300038883 6524976.0927095
565875.556359172 6525117.70061745
565843.985631178 6525165.921724
565834.103139789 6525178.99269711
565821.240094223 6525194.08674546
565792.541767234 6525227.29697891
565789.56953229 6525230.31911556
565648.867090543 6525371.36879318
565659.91503075 6525378.27073373
565663.969521215 6525385.23089547
565667.041585578 6525394.19749772
565668.123840486 6525404.17979625
565668.190392993 6525412.172289
565664.269007385 6525421.19711265
565663.17835572 6525422.2053233
565659.431825736 6525428.23129872
565651.406789209 6525436.39106797
565642.447654716 6525440.36226399
565611.276222487 6525536.53833547
565610.30128325 6525539.44393163
565573.952337866 6525613.78214302
565542.431499534 6525667.9976293
565529.526771664 6525690.08594404
565515.806153839 6525710.18278913
565499.005073361 6525732.30354126
565485.126315719 6525745.40778549
565470.240174324 6525757.52128501
565454.338330294 6525767.64497791
565435.45593004 6525779.79174579
565433.474438637 6525781.80650376
565421.577171221 6525792.89598975
565409.722329761 6525809.08069126
565402.836190735 6525822.02680928
565398.915633806 6525831.15154088
565397.040623486 6525845.95429115
565397.324296119 6525880.0223024
565400.338127781 6525881.99547495
565414.46645358 6525898.8630883
565423.557862006 6525910.77697758
565425.589266836 6525914.75659115
565426.613288125 6525917.74545988
565430.68441671 6525926.70374901
565431.700119148 6525928.69355581
565437.826777458 6525944.52873834
565438.934819464 6525957.60813314
565435.867666793 6525961.23053938
565428.053252875 6525970.68742737
    Pen (1,2,0)
    Brush (1,0,16777215)
Region 1
  285
563840.8204437 6525189.59099273
564051.152630607 6525395.35966668
564171.562428939 6525493.07150527
564215.427733289 6525529.47438574
564258.788517212 6525565.28198699
564388.736311108 6525632.54084405
564568.194199411 6525730.16079325
564602.577648153 6525755.75206951
564635.092908828 6525772.96619587
564638.005168905 6525774.74038919
564684.192555316 6525802.03184045
564742.691729759 6525832.01836968
564780.074128609 6525845.79493186
564828.256408415 6525860.68054738
564867.17567082 6525879.04031726
564869.384427005 6525880.32080099
564919.936928635 6525903.87912401
564985.555260302 6525936.90368854
565029.778720799 6525956.31834411
565069.451488741 6525969.17661533
565124.958726057 6525963.8187934
565173.691373364 6525972.80494234
565216.41049998 6525979.54314881
565217.511966797 6525979.83371874
565243.247825232 6525986.81321889
565287.337278221 6526002.1325444
565329.951346791 6526032.25129399
565331.660571339 6526033.53593565
565360.25827128 6525988.23704386
565364.21293615 6525983.20846557
565385.118506556 6525962.0526733
565388.290557147 6525959.02887266
565397.906615301 6525949.95663901
565412.967455677 6525958.82344025
565425.023615113 6525966.81603696
565428.053252875 6525970.68742737
565435.867666793 6525961.23053938
565438.934819464 6525957.60813314
565437.826777458 6525944.52873834
565431.700119148 6525928.69355581
565430.68441671 6525926.70374901
565426.613288125 6525917.74545988
565425.589266836 6525914.75659115
565423.557862006 6525910.77697758
565414.46645358 6525898.8630883
565400.338127781 6525881.99547495
565397.324296119 6525880.0223024
565397.040623486 6525845.95429115
565398.915633806 6525831.15154088
565402.836190735 6525822.02680928
565409.722329761 6525809.08069126
565421.577171221 6525792.89598975
565433.474438637 6525781.80650376
565435.45593004 6525779.79174579
565454.338330294 6525767.64497791
565470.240174324 6525757.52128501
565485.126315719 6525745.40778549
565499.005073361 6525732.30354126
565515.806153839 6525710.18278913
565529.526771664 6525690.08594404
565542.431499534 6525667.9976293
565573.952337866 6525613.78214302
565610.30128325 6525539.44393163
565611.276222487 6525536.53833547
565642.447654716 6525440.36226399
565651.406789209 6525436.39106797
565659.431825736 6525428.23129872
565663.17835572 6525422.2053233
565664.269007385 6525421.19711265
565668.190392993 6525412.172289
565668.123840486 6525404.17979625
565667.041585578 6525394.19749772
565663.969521215 6525385.23089547
565659.91503075 6525378.27073373
565648.867090543 6525371.36879318
565789.56953229 6525230.31911556
565792.541767234 6525227.29697891
565821.240094223 6525194.08674546
565834.103139789 6525178.99269711
565843.985631178 6525165.921724
565875.556359172 6525117.70061745
565963.300038883 6524976.0927095
565965.273208868 6524973.07889053
565976.079887408 6524951.00804924
566014.151636072 6524963.57987165
566128.353575644 6524999.69683522
566147.410665998 6525008.53035104
566158.449454476 6525014.33331817
566168.482523506 6525019.34535389
566189.571020338 6525032.15847919
566205.613448695 6525038.91891878
566219.626135112 6525041.89956059
566234.628734134 6525043.77291703
566255.600758628 6525042.59918264
566290.526400851 6525037.31275346
566325.485321146 6525036.02256874
566353.592297864 6525039.78508298
566372.499566317 6525042.62505964
566399.540851516 6525050.39296801
566425.599712375 6525060.16731653
566463.730538885 6525079.83246334
566509.895477639 6525104.42637275
566539.001451209 6525120.17013413
566553.862615677 6525105.05944323
566568.723779789 6525089.94875231
566574.75893097 6525094.79424511
566582.777234674 6525097.82479135
566591.78545069 6525099.74805199
567092.774790787 6525030.63332141
567117.517850137 6525110.35775952
567133.843940635 6525163.17575324
567147.181223856 6525205.02819583
567193.93755175 6525180.65975303
567255.704800314 6525159.1637157
567326.397060571 6525129.60031708
567356.543649758 6525162.32061973
567450.139558251 6525111.58476441
567343.80583015 6524952.50932518
567153.676728379 6524905.23491404
567205.09555301 6524840.86243347
567260.385822656 6524761.47076183
567204.15536095 6524727.96851888
567243.577090843 6524662.69680539
567329.222552952 6524521.10631426
567262.968182916 6524483.69102208
567305.553561786 6524426.38601778
567226.203208049 6524376.0910764
567215.138627094 6524367.19103204
567186.990124074 6524346.44367159
567258.090660046 6524245.93865458
567322.27345701 6524154.58332345
567325.236533358 6524150.46221864
567334.154051615 6524141.4957107
567351.969950816 6524121.26485515
567361.810816192 6524103.19857616
567371.63504044 6524083.13417595
567387.412041616 6524058.02456071
567480.275601363 6523931.36096545
567512.870260682 6523886.12872176
567570.241800258 6523816.71105682
567576.345296742 6523805.76972087
567599.772699518 6523763.51128713
567613.443398153 6523725.43052655
567628.47234616 6523610.50540761
567631.652318639 6523512.4643429
567605.435381694 6523483.70789406
567572.166761496 6523448.01625793
567548.830524706 6523405.24801465
567314.325972944 6523320.27639723
567221.088655293 6523282.08670028
567029.993142656 6523250.70657243
567009.770605 6523221.90021108
566817.634922974 6522945.64224936
566809.718203499 6522942.81069218
566774.552112456 6522931.21385954
566773.393479435 6523032.03559553
566770.836595186 6523204.90617204
566789.884444332 6523224.63024268
566745.493291682 6523281.05098031
566659.39852373 6523380.68157592
566594.317334974 6523484.1337288
566587.407926285 6523494.28245948
566580.021871751 6523579.17001515
566534.921988724 6523670.46626363
566524.455609976 6523733.39864199
566509.844885821 6523778.58103707
566500.162085944 6523815.62945368
566493.792624337 6523890.61721633
566491.728145928 6523990.64729983
566369.791618655 6523997.55737758
566345.714267138 6523985.76827977
566277.569982992 6523961.35737932
566255.507398404 6523951.54976573
566231.363492702 6523931.76818203
566178.421466743 6523933.20808448
566150.422740954 6523930.44379964
566145.325855153 6523930.28640796
566125.437843525 6523929.65268216
566113.899606217 6523911.86432063
566097.098021962 6523885.92691514
566057.272083907 6523878.66509897
566044.064484784 6523876.37714688
565996.083667199 6523873.67930589
565946.664527958 6523818.23938827
565873.117227759 6523756.90565553
565884.474634472 6523668.98763733
565927.691477728 6523687.51138026
565937.23279489 6523645.46852453
565953.076374484 6523628.35142655
565973.239822551 6523650.06448341
566055.231857663 6523417.68384983
566057.572565491 6523218.8377244
565976.857242721 6523124.59249572
566046.600263444 6523101.03188647
566027.685381691 6522989.28695723
565966.842417146 6523001.78305275
565875.978435405 6522888.63888982
565930.477615449 6522834.23221782
565907.716248389 6522740.503647
565965.487138641 6522719.04097489
565971.281848735 6522695.01364941
566018.079692704 6522675.640589
566035.213492378 6522693.4822496
566051.440487455 6522602.42646934
566025.298494138 6522582.66155305
565890.75791614 6522623.74681838
565887.977028483 6522649.74730686
565843.193113446 6522671.00193896
565788.828650557 6522621.59804827
565748.758888129 6522477.05805634
565645.309337256 6522484.31374034
565634.924086876 6522484.99967864
565640.485001426 6522564.88363615
565500.882552042 6522598.01797583
565474.107532651 6522622.21996208
565499.883511382 6522718.02159567
565417.309841122 6522772.56205514
565568.383768381 6522905.18753278
565453.156423335 6523225.86795703
565091.570683816 6523237.87031183
565118.586103356 6523362.53649151
565140.431444057 6523478.25356435
564984.419266248 6523280.52590205
564979.04262889 6523282.76874419
564764.959541753 6523370.47597615
564566.595250521 6523426.08020643
564482.848661771 6523447.75904708
564454.051442186 6523457.09083565
564431.97954913 6523470.16332855
564403.381120185 6523503.37263547
564367.814108017 6523551.62688046
564327.276731071 6523602.91988601
564285.598889138 6523637.23719662
564259.772970322 6523655.43649284
564292.400066681 6523734.09607111
564328.207377791 6523834.71007533
564349.761645599 6523903.47060076
564359.110799188 6523958.34491085
564355.663716828 6524000.33705445
564346.863373093 6524035.37985229
564280.817069086 6524022.94094482
564259.919921989 6524033.10619304
564247.405391942 6524090.06085115
564232.844490134 6524141.23759243
564229.122728901 6524174.23985848
564250.818401907 6524259.98443444
564255.371958295 6524326.8882383
564250.216663749 6524343.71653551
564236.888829735 6524386.9898946
564275.227549968 6524431.63161192
564320.534763638 6524473.21793272
564331.60764263 6524483.11706156
564340.923617291 6524522.00558895
564369.196846821 6524557.73892352
564384.315057884 6524573.4992466
564425.269179725 6524572.2591191
564444.593262332 6524613.16251227
564457.940610191 6524632.23470606
564470.88417392 6524650.81069609
564441.161806637 6524681.03201964
564475.120765482 6524799.64584378
564493.627124657 6524862.33709272
564413.894164836 6524886.08072014
564394.961859855 6524892.23309867
564371.050871429 6524900.42518116
564332.162242552 6524909.74106963
564208.512046126 6524830.83991341
564190.695347037 6524838.98126317
564196.564045945 6524943.84110434
564205.98824387 6524983.72787527
564223.371499777 6525043.53100595
564228.699628054 6525071.46230909
564220.756932187 6525089.51277422
564176.656711277 6525072.89464639
564144.570213043 6525059.17390693
564112.516986861 6525049.44941198
564074.502555804 6525055.76062524
564039.759989176 6525071.03677745
564011.919281182 6525087.25460915
563983.270909915 6525114.46959937
563949.419086608 6525140.72877156
563911.645958971 6525164.02319174
563883.713753127 6525169.25134671
563861.709390474 6525166.43711439
563840.8204437 6525189.59099273
    Pen (1,2,0)
    Brush (1,0,16777215)
Region 1
  116
564328.51190404 6526511.37845769
564335.472088056 6526507.32399431
564357.368341006 6526497.15041238
564382.286743101 6526489.94906818
564404.224585661 6526484.77079723
564435.054107626 6526479.51851034
564458.107557629 6526476.32921517
564510.008203161 6526469.80248221
564545.284174645 6526494.58704006
564637.505766537 6526554.7663918
564656.696880651 6526567.69526369
564667.760630311 6526576.49543727
564696.965601281 6526604.12809898
564743.181301312 6526634.81637864
564755.028672637 6526617.73251794
564761.947264237 6526608.68273981
564824.164673829 6526521.24036321
564837.011108124 6526504.14818643
564912.082426126 6526400.51279222
564968.381123358 6526322.21178773
565026.668793045 6526242.79518295
565043.460738208 6526219.57546092
565057.290426052 6526200.57675057
565101.740911638 6526139.25970243
565109.650244341 6526129.20254642
565114.695563356 6526123.16575776
565117.551258296 6526118.14632834
565133.353285787 6526096.03389228
565115.253658267 6526082.19672735
565105.196461236 6526074.28739968
565087.09683434 6526060.45023462
565073.010104154 6526048.57792613
565070.996169269 6526046.69634197
565028.776741337 6526015.97482018
564984.576654892 6525987.36796161
564948.319092643 6525964.68977169
564912.26966311 6525943.00897983
564859.077999808 6525914.47696952
564850.044825646 6525909.55651013
564827.965582084 6525897.75073409
564808.916806425 6525889.91625548
564788.884771246 6525883.98831092
564766.856270635 6525878.27681174
564739.807492036 6525869.60970961
564722.76350129 6525862.55784627
564705.713687929 6525854.80663943
564686.739865319 6525843.97414211
564660.531186519 6525828.2062145
564652.497078374 6525823.2774376
564646.469417744 6525819.33108944
564633.415032003 6525811.44670962
564621.368861071 6525804.65298123
564603.294198077 6525793.81299832
564567.135723021 6525771.03406408
564517.01538878 6525739.37917185
564491.831565043 6525726.70001743
564469.768964345 6525716.89236095
564449.72112921 6525709.06619493
564434.69357111 6525704.19563201
564417.567977673 6525699.34253334
564395.571922486 6525697.52736993
564372.709981464 6525699.71593791
564353.761859786 6525703.97010151
564334.845346408 6525712.02069956
564325.99526224 6525717.09002357
564318.935176144 6525721.14531642
564311.000885895 6525728.20527925
564309.036028787 6525732.21815895
564305.113800716 6525741.143074
564300.252397491 6525757.26955032
564298.437263885 6525779.26554264
564296.588858308 6525797.26528799
564293.832976565 6525814.27345639
564293.542406957 6525815.37491929
564287.921677843 6525836.30354633
564285.965138454 6525841.31548817
564283.97532719 6525842.33118258
564299.052794167 6525853.19611893
564305.188678282 6525858.14069894
564315.121008049 6525863.05367703
564346.200145828 6525875.78367601
564359.229576302 6525880.67087327
564403.703308595 6525942.14688667
564407.783579804 6525952.20414683
564409.839935656 6525959.18094774
564406.301170139 6526014.1626215
564414.302006227 6526015.09515261
564421.312095645 6526017.03506203
564425.232570608 6526019.89990797
564448.444887807 6526035.7926978
564458.50956661 6526044.60118578
564466.586097715 6526054.62518097
564474.703387707 6526069.54458014
564490.155174709 6526125.36730892
564493.327049925 6526146.32266336
564493.053116664 6526149.42225077
564491.511918993 6526168.31866232
564487.840155312 6526195.32577342
564485.999980803 6526226.31416408
564482.936241084 6526218.34661615
564463.671192155 6526184.53651542
564451.525201507 6526165.75403825
564443.390353785 6526160.72618424
564430.48578082 6526158.83534129
564253.468304708 6526138.32796134
564239.588616188 6526271.32796711
564228.638836047 6526384.22105381
564276.378341029 6526381.92531975
564290.456840161 6526380.80899833
564317.424110097 6526379.68530306
564316.582254998 6526398.57589604
564315.707959725 6526413.57014639
564314.783756519 6526422.57002318
564314.958434197 6526443.5503313
564320.128437416 6526464.48905835
564328.51190404 6526511.37845769
    Pen (1,2,0)
    Brush (1,0,16777215)
Region 1
  149
563212.580616318 6524603.33498431
563351.706303771 6524872.94128926
563367.890939156 6524896.78570657
563386.090337427 6524922.61161518
563400.226942653 6524940.47829724
563416.353358809 6524957.32928691
563437.51668151 6524979.13400428
563462.676260711 6525000.90545895
563495.877424813 6525028.50484917
563546.080878644 6525070.15037316
563579.474373536 6525096.84894457
563607.556195561 6525121.59346682
563660.872461956 6525177.1009951
563710.342384257 6525226.64575566
563735.526925728 6525251.41439385
563751.033949728 6525265.87262585
563739.771876709 6525281.25306684
563660.745862485 6525389.91688019
563651.853997029 6525413.97003058
563649.139694892 6525435.97350019
563652.219965626 6525457.92873845
563660.678355378 6525501.82008963
563663.850118696 6525534.76500665
563665.132074005 6525556.73521495
563662.259642981 6525571.74608695
563660.436277891 6525580.75344181
563656.398336132 6525587.7809682
563642.419654944 6525600.88602263
563670.701302143 6525625.62889012
563672.716065986 6525627.61038184
563691.906227796 6525652.42892338
563706.051162905 6525671.29467406
563730.285721917 6525701.96610092
563737.388133101 6525714.9955987
563741.442613896 6525721.95576748
563742.375042109 6525725.94453021
563743.532235846 6525732.92881507
563748.168944619 6525809.8233094
563753.937799237 6525902.69448226
563754.070879958 6525918.67947252
563750.191066859 6525932.69960264
563733.680970245 6526001.77707723
563740.84918768 6526010.70959228
563753.054220731 6526036.58541322
563755.093937984 6526041.5640914
563800.991834661 6526142.09430941
563823.74482395 6526126.81803802
563929.10587904 6526061.09742068
563943.026244487 6526052.98850058
563958.037263303 6526043.87137075
564027.415152465 6526000.4311516
564077.193808446 6525967.04547077
564089.712985995 6525958.64847357
564103.043891871 6525951.74341629
564155.761420839 6525923.3289263
564257.150305556 6525860.53883524
564267.082726192 6525853.46223959
564279.013275956 6525846.36901138
564283.97532719 6525842.33118258
564285.965138454 6525841.31548817
564287.921677843 6525836.30354633
564293.542406957 6525815.37491929
564293.832976565 6525814.27345639
564296.588858308 6525797.26528799
564298.437263885 6525779.26554264
564300.252397491 6525757.26955032
564305.113800716 6525741.143074
564309.036028787 6525732.21815895
564311.000885895 6525728.20527925
564318.935176144 6525721.14531642
564325.99526224 6525717.09002357
564334.845346408 6525712.02069956
564353.761859786 6525703.97010151
564372.709981464 6525699.71593791
564395.571922486 6525697.52736993
564417.567977673 6525699.34253334
564434.69357111 6525704.19563201
564449.72112921 6525709.06619493
564469.768964345 6525716.89236095
564491.831565043 6525726.70001743
564517.01538878 6525739.37917185
564567.135723021 6525771.03406408
564603.294198077 6525793.81299832
564621.368861071 6525804.65298123
564633.415032003 6525811.44670962
564646.469417744 6525819.33108944
564652.497078374 6525823.2774376
564660.531186519 6525828.2062145
564686.739865319 6525843.97414211
564705.713687929 6525854.80663943
564722.76350129 6525862.55784627
564739.807492036 6525869.60970961
564766.856270635 6525878.27681174
564788.884771246 6525883.98831092
564808.916806425 6525889.91625548
564827.965582084 6525897.75073409
564850.044825646 6525909.55651013
564859.077999808 6525914.47696952
564912.26966311 6525943.00897983
564948.319092643 6525964.68977169
564984.576654892 6525987.36796161
565028.776741337 6526015.97482018
565070.996169269 6526046.69634197
565073.010104154 6526048.57792613
565087.09683434 6526060.45023462
565105.196461236 6526074.28739968
565115.253658267 6526082.19672735
565133.353285787 6526096.03389228
565149.155312722 6526073.92145637
565158.055390779 6526062.85692154
565163.974911631 6526053.8154616
565168.91200494 6526046.78044269
565181.758429695 6526029.68826802
565216.426305513 6525981.44136659
565217.511966797 6525979.83371874
565216.41049998 6525979.54314881
565173.691373364 6525972.80494234
565124.958726057 6525963.8187934
565069.451488741 6525969.17661533
565029.778720799 6525956.31834411
564985.555260302 6525936.90368854
564919.936928635 6525903.87912401
564869.384427005 6525880.32080099
564867.17567082 6525879.04031726
564828.256408415 6525860.68054738
564780.074128609 6525845.79493186
564742.691729759 6525832.01836968
564684.192555316 6525802.03184045
564638.005168905 6525774.74038919
564635.092908828 6525772.96619587
564602.577648153 6525755.75206951
564568.194199411 6525730.16079325
564388.736311108 6525632.54084405
564258.788517212 6525565.28198699
564215.427733289 6525529.47438574
564171.562428939 6525493.07150527
564051.152630607 6525395.35966668
563840.8204437 6525189.59099273
563740.477651087 6525102.00316247
563671.838276644 6525042.1270972
563529.913949243 6524916.41885038
563486.712999666 6524887.80365326
563417.336777592 6524835.42719628
563376.093206406 6524801.89996696
563351.649078653 6524746.05221693
563334.05783783 6524673.26212902
563318.564432907 6524624.43370758
563287.119480473 6524555.75545595
563212.580616318 6524603.33498431
    Pen (1,2,0)
    Brush (1,0,16777215)
Region 1
  79
563800.991834661 6526142.09430941
563845.6743205 6526228.64681126
563851.651979708 6526238.58836855
563867.953183445 6526264.43009762
563876.936355495 6526275.3457694
563887.035134454 6526288.25041799
563900.131108544 6526301.13011873
563902.154191471 6526304.11067334
563931.34333555 6526329.84512689
563974.677427687 6526374.44533847
563998.921156014 6526406.21574568
564011.043020632 6526422.10094942
564016.213112234 6526431.05009805
564023.206474324 6526442.98146468
564071.052537107 6526549.49027835
564092.33234681 6526585.28188605
564098.260102748 6526589.22907061
564127.466817353 6526605.07197627
564180.665978409 6526634.50318683
564201.646256675 6526646.31812802
564209.139796419 6526574.31827294
564253.956325249 6526556.95998306
564265.895199747 6526550.86581404
564275.83594379 6526544.78827743
564288.649022831 6526535.68943654
564311.610976385 6526521.51045789
564328.51190404 6526511.37845769
564320.128437416 6526464.48905835
564314.958434197 6526443.5503313
564314.783756519 6526422.57002318
564315.707959725 6526413.57014639
564316.582254998 6526398.57589604
564317.424110097 6526379.68530306
564290.456840161 6526380.80899833
564276.378341029 6526381.92531975
564228.638836047 6526384.22105381
564239.588616188 6526271.32796711
564253.468304708 6526138.32796134
564430.48578082 6526158.83534129
564443.390353785 6526160.72618424
564451.525201507 6526165.75403825
564463.671192155 6526184.53651542
564482.936241084 6526218.34661615
564485.999980803 6526226.31416408
564487.840155312 6526195.32577342
564491.511918993 6526168.31866232
564493.053116664 6526149.42225077
564493.327049925 6526146.32266336
564490.155174709 6526125.36730892
564474.703387707 6526069.54458014
564466.586097715 6526054.62518097
564458.50956661 6526044.60118578
564448.444887807 6526035.7926978
564425.232570608 6526019.89990797
564421.312095645 6526017.03506203
564414.302006227 6526015.09515261
564406.301170139 6526014.1626215
564409.839935656 6525959.18094774
564407.783579804 6525952.20414683
564403.703308595 6525942.14688667
564359.229576302 6525880.67087327
564346.200145828 6525875.78367601
564315.121008049 6525863.05367703
564305.188678282 6525858.14069894
564299.052794167 6525853.19611893
564283.97532719 6525842.33118258
564279.013275956 6525846.36901138
564267.082726192 6525853.46223959
564257.150305556 6525860.53883524
564155.761420839 6525923.3289263
564103.043891871 6525951.74341629
564089.712985995 6525958.64847357
564077.193808446 6525967.04547077
564027.415152465 6526000.4311516
563958.037263303 6526043.87137075
563943.026244487 6526052.98850058
563929.10587904 6526061.09742068
563823.74482395 6526126.81803802
563800.991834661 6526142.09430941
    Pen (1,2,0)
    Brush (1,0,16777215)
Region 1
  81
562283.259229511 6526508.4190779
562434.501453736 6526553.22031324
562441.502394714 6526554.06126524
562455.514256515 6526556.94204391
562468.435463222 6526560.83103114
562482.548063336 6526563.81088429
562484.546193675 6526563.79425449
562501.662642619 6526567.54841259
562520.553290952 6526568.39032287
562584.53504515 6526572.85347747
562693.50799986 6526580.9387015
562702.507903236 6526581.86292829
562706.50416398 6526581.82966802
562721.515091941 6526584.70212894
562757.556289489 6526593.39434674
562780.684596128 6526599.19664173
562808.633366348 6526607.95621076
562811.530760446 6526595.94251699
562814.48637206 6526590.92225977
562821.438244412 6526585.86874195
562861.392639715 6526572.54749315
562945.972083409 6526542.86872361
562950.026562365 6526549.82889889
562961.149349758 6526565.72242844
562976.285032031 6526583.58082172
562989.405950454 6526599.45772092
563003.51844917 6526614.42714876
563004.524999636 6526615.31798961
563020.61816355 6526628.17275586
563089.028668628 6526684.55387105
563112.065286918 6526703.34563567
563126.243594912 6526714.21807588
563145.267318949 6526731.04497695
563147.373673155 6526732.0265771
563218.572626061 6526763.30627552
563254.407844379 6526615.23643704
563272.658072904 6526539.15053506
563276.504624613 6526521.13415122
563294.870559493 6526446.94564076
563298.72625948 6526430.02822652
563312.264042128 6526375.96244856
563339.298849477 6526262.93549398
563364.308807291 6526158.7177567
563318.987226918 6526139.41209751
563193.952222622 6526086.19997204
563162.831506503 6526068.47463476
563126.682199229 6526046.79462616
563094.554103273 6526028.07854135
563061.443577538 6526011.3688953
563033.354158934 6525997.71476401
563005.304662317 6525988.85612952
562905.570661616 6525974.39951516
562882.578034695 6525972.8923602
562870.339439884 6525978.98900882
562832.333187426 6525998.28882578
562795.857239762 6526009.38302978
562751.941427655 6526038.92316754
562705.210767029 6526066.38855651
562650.560772696 6526102.71221017
562617.791233546 6526126.96409421
562595.961506672 6526145.13014071
562582.066081692 6526156.23623294
562578.985613889 6526158.26013346
562543.368683331 6526188.53050228
562528.482509106 6526200.64397127
562512.605586265 6526213.7648172
562511.615669588 6526214.87210041
562473.941450498 6526250.05533407
562448.206941299 6526279.2443224
562442.270767162 6526286.28764652
562440.297586769 6526289.30146265
562433.270757584 6526297.35299527
562432.379915618 6526298.35954078
562430.398418688 6526300.37429479
562410.608398483 6526323.51902123
562363.102367295 6526377.86749033
562334.420556293 6526413.0757966
562311.708184948 6526445.23702773
562297.945816393 6526472.32811503
562287.164009832 6526497.39613389
562283.259229511 6526508.4190779
    Pen (1,2,0)
    Brush (1,0,16777215)
Region 1
  101
562594.295102287 6525356.8296881
562613.78474451 6525405.6248828
562604.706566417 6525407.29904802
562724.124777565 6525493.92891213
562837.67857041 6525572.21488251
562857.712981568 6525590.43214367
562875.765793964 6525622.65372984
562886.306495083 6525652.639839
562889.240895594 6525693.08021777
562889.693332914 6525747.4291755
562883.523352429 6525930.42142004
562882.754664649 6525958.1037495
562882.578034695 6525972.8923602
562905.570661616 6525974.39951516
563005.304662317 6525988.85612952
563033.354158934 6525997.71476401
563061.443577538 6526011.3688953
563094.554103273 6526028.07854135
563126.682199229 6526046.79462616
563162.831506503 6526068.47463476
563193.952222622 6526086.19997204
563318.987226918 6526139.41209751
563364.308807291 6526158.7177567
563524.650006976 6526204.34234144
563545.67195666 6526209.16302224
563555.562699161 6526209.08069669
563568.650449338 6526208.97176076
563587.591095366 6526203.81845134
563609.52061849 6526197.6411323
563626.471451861 6526193.50351596
563647.302003257 6526187.33534368
563782.975301436 6526150.2373236
563795.921556663 6526145.13390668
563800.991834661 6526142.09430941
563755.093937984 6526041.5640914
563753.054220731 6526036.58541322
563740.84918768 6526010.70959228
563733.680970245 6526001.77707723
563750.191066859 6525932.69960264
563754.070879958 6525918.67947252
563753.937799237 6525902.69448226
563748.168944619 6525809.8233094
563743.532235846 6525732.92881507
563742.375042109 6525725.94453021
563741.442613896 6525721.95576748
563737.388133101 6525714.9955987
563730.285721917 6525701.96610092
563706.051162905 6525671.29467406
563691.906227796 6525652.42892338
563672.716065986 6525627.61038184
563670.701302143 6525625.62889012
563642.419654944 6525600.88602263
563656.398336132 6525587.7809682
563660.436277891 6525580.75344181
563662.259642981 6525571.74608695
563665.132074005 6525556.73521495
563663.850118696 6525534.76500665
563660.678355378 6525501.82008963
563652.219965626 6525457.92873845
563649.139694892 6525435.97350019
563651.853997029 6525413.97003058
563660.745862485 6525389.91688019
563739.771876709 6525281.25306684
563751.033949728 6525265.87262585
563735.526925728 6525251.41439385
563710.342384257 6525226.64575566
563660.872461956 6525177.1009951
563607.556195561 6525121.59346682
563579.474373536 6525096.84894457
563546.080878644 6525070.15037316
563495.877424813 6525028.50484917
563462.676260711 6525000.90545895
563437.51668151 6524979.13400428
563416.353358809 6524957.32928691
563400.226942653 6524940.47829724
563386.090337427 6524922.61161518
563367.890939156 6524896.78570657
563351.706303771 6524872.94128926
563212.580616318 6524603.33498431
563195.444961219 6524609.27256442
563174.723489105 6524616.53885929
563172.734510639 6524617.65445729
563181.242680039 6524679.5297125
563209.71549066 6524739.24053843
563233.301107876 6524811.98073802
563179.65107875 6524848.39597429
563156.971194118 6524884.45352407
563060.270860079 6524898.34698979
562973.061108593 6524876.09285178
562871.889521486 6524844.9627409
562864.495824126 6524916.96166293
562856.803551191 6524953.0942924
562834.215140594 6525000.14151202
562793.577769228 6525051.43538884
562755.013583966 6525087.72505387
562711.312586294 6525119.06181937
562692.446803707 6525133.20666455
562672.573639953 6525146.36076338
562650.727297703 6525162.52867611
562709.962105537 6525316.90091231
562594.295102287 6525356.8296881
    Pen (1,2,0)
    Brush (1,0,16777215)
Region 1
  68
562590.438768684 6527402.08377914
562607.589327455 6527409.93409685
562642.564841786 6527422.63172242
562657.609046206 6527429.50043816
562673.660633334 6527437.35990172
562688.838011451 6527448.22403758
562730.973323329 6527480.84471593
562734.952953468 6527478.81332971
562755.80858615 6527463.65276843
562792.541154262 6527435.37134678
562794.52265244 6527433.35659064
562820.340345734 6527414.15820143
562864.049738086 6527383.82044692
562886.886865597 6527366.64512832
562891.865560939 6527364.60542659
562909.765576818 6527354.46512407
562924.685028792 6527346.34789281
562944.67476541 6527335.1910651
562975.446926834 6527323.04527597
562986.402550963 6527318.8576504
562995.368360418 6527315.68571814
563013.310791227 6527310.64063522
563029.262575637 6527306.51133924
563043.232030674 6527304.29689313
563063.181741343 6527300.33414815
563067.168855686 6527299.20191774
563101.103823362 6527294.92294516
563114.083361138 6527293.81578282
563191.919001926 6527282.17749179
563289.719321767 6527268.37476108
563330.639430902 6527263.03851146
563298.319174489 6527221.24406166
563266.000583636 6527179.64942502
563305.26456706 6527095.39553325
563351.404731117 6526996.9966528
563367.107825335 6526962.99538009
563410.301518658 6526870.71573496
563401.260026318 6526864.79619973
563333.040893131 6526819.40394819
563325.8143536 6526815.46756983
563164.005415512 6527049.6120633
563026.660397092 6526873.90886417
562924.963646269 6526899.73358496
562775.419867313 6526938.94523814
562669.743477897 6526966.80132589
562601.948407175 6526984.3508107
562552.994089978 6526996.74782677
562508.132613878 6527008.71112495
562487.29705375 6527014.27984462
562377.624389937 6527042.16916973
562370.680829753 6527048.22174937
562369.839885839 6527055.22267141
562383.993023538 6527087.07710164
562401.268214718 6527121.90294472
562440.81381961 6527203.50264365
562449.039315612 6527219.42029803
562464.283944512 6527250.36642854
562467.434273925 6527256.73465453
562480.550926161 6527284.1016207
562482.574007224 6527287.08217949
562495.736509172 6527307.95440603
562513.894340429 6527328.78505829
562530.146462371 6527348.73235238
562532.068805418 6527351.61383645
562550.210004738 6527370.44636312
562567.210649223 6527384.29272164
562587.424937962 6527400.11059812
562590.438768684 6527402.08377914
    Pen (1,2,0)
    Brush (1,0,16777215)
Region 1
  42
562552.994089978 6526996.74782677
562601.948407175 6526984.3508107
562669.743477897 6526966.80132589
562775.419867313 6526938.94523814
562924.963646269 6526899.73358496
563026.660397092 6526873.90886417
563164.005415512 6527049.6120633
563325.8143536 6526815.46756983
563301.829399473 6526802.77840397
563299.92202638 6526801.69523466
563218.572626061 6526763.30627552
563147.373673155 6526732.0265771
563145.267318949 6526731.04497695
563126.243594912 6526714.21807588
563112.065286918 6526703.34563567
563089.028668628 6526684.55387105
563020.61816355 6526628.17275586
563004.524999636 6526615.31798961
563003.51844917 6526614.42714876
562989.405950454 6526599.45772092
562976.285032031 6526583.58082172
562961.149349758 6526565.72242844
562950.026562365 6526549.82889889
562945.972083409 6526542.86872361
562861.392639715 6526572.54749315
562821.438244412 6526585.86874195
562814.48637206 6526590.92225977
562811.530760446 6526595.94251699
562808.633366348 6526607.95621076
562780.684596128 6526599.19664173
562757.556289489 6526593.39434674
562721.515091941 6526584.70212894
562706.50416398 6526581.82966802
562702.507903236 6526581.86292829
562693.50799986 6526580.9387015
562584.53504515 6526572.85347747
562520.553290952 6526568.39032287
562501.662642619 6526567.54841259
562484.546193675 6526563.79425449
562370.53430142 6526682.54074745
562423.493185526 6526671.10954333
562552.994089978 6526996.74782677
    Pen (1,2,0)
    Brush (1,0,16777215)
Region 1
  90
562325.60096328 6527634.08833791
562347.538833527 6527628.91009781
562354.51566276 6527626.85376826
562378.352589827 6527621.75963592
562401.396917078 6527617.47140547
562417.373656651 6527616.33930542
562437.321710736 6527612.1767566
562456.245749187 6527605.02533309
562479.149418335 6527595.84252374
562501.750040748 6527586.26258328
562511.003098233 6527581.58956476
562551.830906287 6527565.16373848
562572.745590391 6527557.09652691
562591.661310672 6527548.94603865
562660.355677925 6527519.39947738
562687.238974405 6527508.18527884
562706.129743134 6527497.03760014
562720.050132166 6527488.92868551
562730.973323329 6527480.84471593
562688.838011451 6527448.22403758
562673.660633334 6527437.35990172
562657.609046206 6527429.50043816
562642.564841786 6527422.63172242
562607.589327455 6527409.93409685
562590.438768684 6527402.08377914
562587.424937962 6527400.11059812
562567.210649223 6527384.29272164
562550.210004738 6527370.44636312
562532.068805418 6527351.61383645
562530.146462371 6527348.73235238
562513.894340429 6527328.78505829
562495.736509172 6527307.95440603
562482.574007224 6527287.08217949
562480.550926161 6527284.1016207
562467.434273925 6527256.73465453
562464.283944512 6527250.36642854
562449.039315612 6527219.42029803
562440.81381961 6527203.50264365
562401.268214718 6527121.90294472
562383.993023538 6527087.07710164
562369.839885839 6527055.22267141
562370.680829753 6527048.22174937
562377.624389937 6527042.16916973
562487.29705375 6527014.27984462
562508.132613878 6527008.71112495
562552.994089978 6526996.74782677
562423.493185526 6526671.10954333
562370.53430142 6526682.54074745
562484.546193675 6526563.79425449
562482.548063336 6526563.81088429
562468.435463222 6526560.83103114
562455.514256515 6526556.94204391
562441.502394714 6526554.06126524
562434.501453736 6526553.22031324
562283.259229511 6526508.4190779
562275.457985031 6526531.46402844
562267.673372987 6526556.50710393
562260.878677813 6526580.44289651
562259.963607842 6526590.54174078
562258.098539156 6526606.54336769
562257.315699182 6526632.52730366
562258.52184166 6526657.39564204
562261.73609433 6526683.44622629
562266.914380604 6526705.38402564
562275.131444784 6526732.29219329
562286.370654403 6526762.17260457
562292.513909583 6526780.00593422
562316.067075601 6526848.84991341
562321.918096743 6526867.58489481
562324.482181844 6526887.54619026
562333.999258376 6526962.60169479
562332.134189989 6526978.60332616
562328.387420246 6527008.60846416
562323.600002747 6527033.62660425
562312.901355644 6527068.68526014
562289.498443622 6527137.92004727
562245.562568879 6527261.07902503
562244.974772323 6527262.4827018
562243.614335473 6527267.09003137
562219.219834707 6527337.23229817
562213.408398944 6527359.26156968
562209.628359844 6527385.2704638
562206.905600577 6527418.26448426
562208.037616496 6527446.23076352
562212.44980642 6527484.16106621
562249.271319514 6527562.58624014
562268.329862538 6527595.59881717
562304.556430809 6527638.55975023
562305.652908514 6527638.2508851
562325.60096328 6527634.08833791
    Pen (1,2,0)
    Brush (1,0,16777215)
Region 1
  116
562290.511714728 6528219.87202571
562290.536663832 6528222.86921627
562293.633659723 6528234.8330345
562298.745421419 6528248.77835051
562306.83858164 6528260.80050175
562320.948595396 6528275.47023637
562335.036155193 6528287.44249936
562355.09981839 6528297.16693398
562378.145711959 6528305.06810964
562395.063202403 6528308.9238444
562397.161242158 6528308.90638336
562415.135291948 6528307.65774731
562431.120356737 6528307.52471056
562449.978596687 6528304.47027624
562468.003485633 6528297.32633283
562488.892401235 6528286.16202184
562522.677699221 6528263.89991811
562520.754415141 6528272.90811993
562519.84683066 6528283.90613409
562518.997462 6528301.89759344
562519.113893678 6528315.88448376
562519.163792969 6528321.87886536
562528.305921677 6528339.88708287
562541.450970256 6528358.66129193
562548.477702677 6528362.59934226
562555.512751719 6528367.5364562
562570.548650221 6528373.40611456
562589.580815297 6528379.24251312
562594.584464942 6528380.20000216
562611.585230527 6528382.05677568
562661.555194351 6528383.63915531
562661.513611048 6528378.64383705
562669.223377234 6528344.60915358
562678.931276095 6528310.5578409
562689.746357833 6528289.48604053
562701.592940829 6528272.30227331
562704.558536957 6528268.48088671
562711.484637325 6528260.33026673
562729.343083858 6528245.19464296
562755.194061891 6528229.99249874
562786.048688465 6528215.74784235
562810.983766565 6528210.54464767
562831.939212173 6528207.37284003
562841.821653458 6528206.29145692
562897.802747806 6528197.83246968
562936.749706255 6528195.51005101
562941.703454162 6528190.47315746
562945.674769347 6528187.44270614
562947.665417065 6528186.52691859
562900.720523127 6528140.25814024
562870.096072354 6528110.13939117
562839.857942706 6528078.41881458
562803.717006358 6528045.74823376
562775.427006452 6528020.00623904
562753.29784605 6528002.20602946
562728.16317067 6527983.43170152
562720.129888425 6527978.60281131
562696.010082005 6527961.71838847
562656.863530631 6527940.06327995
562614.703148635 6527916.43498893
562579.569498191 6527896.74474578
562553.452394482 6527879.97685773
562530.33249007 6527863.18402475
562503.183055378 6527842.42819808
562484.067733528 6527826.60116856
562459.898865839 6527803.82227062
562439.759529513 6527785.00636618
562430.801309041 6527777.08786246
562421.576743652 6527761.17851614
562417.522263877 6527754.21833307
562402.32836069 6527729.36647573
562392.196320078 6527712.46554996
562391.147355287 6527706.47948584
562386.177083495 6527697.52865999
562356.388894494 6527719.85739901
562351.525685597 6527747.77366675
562348.603335043 6527756.79017968
562346.688366982 6527766.7974411
562346.721632647 6527770.79369387
562345.805730679 6527780.79264063
562348.919358926 6527794.75458128
562355.055134967 6527811.68876745
562357.086532976 6527815.66839084
562364.221375397 6527832.59426247
562374.378365878 6527852.49237973
562386.508539742 6527869.37667784
562394.576749085 6527878.40163532
562399.629463688 6527885.25359798
562406.672825968 6527891.18977411
562417.729086156 6527899.09081759
562447.825820364 6527913.82732252
562469.888442724 6527923.63502919
562503.981443176 6527938.3382738
562603.26325051 6527982.47294844
562628.364657414 6527997.25102513
562639.412603299 6528004.15300413
562619.456226967 6528007.31649349
562597.543300975 6528015.49192933
562579.727378303 6528023.73318001
562543.809950539 6528041.91658302
562515.952524689 6528056.13628748
562474.191334298 6528080.46303358
562468.221053957 6528083.41020656
562435.900261929 6528101.56367387
562415.412638812 6528112.92446944
562404.464490762 6528118.01124941
562400.684671358 6528120.04097251
562371.677538923 6528128.17553377
562360.437987072 6528134.26387131
562352.779273018 6528138.42405511
562329.93380788 6528154.60030967
562324.08921433 6528160.64374744
562312.108623517 6528173.73218088
562298.263071694 6528190.83266626
562291.311078131 6528207.87578028
562290.511714728 6528219.87202571
    Pen (1,2,0)
    Brush (1,0,16777215)
Region 1
  172
562042.919675543 6527162.85230138
562092.939487296 6527170.42907478
562098.059558893 6527185.37344317
562103.071407812 6527199.31958039
562105.294189165 6527214.2880614
562104.33670463 6527219.29168991
562104.361653317 6527222.28887828
562102.471632899 6527235.29332378
562093.696263349 6527261.34378809
562090.940236514 6527290.34155384
562091.023398692 6527300.33218225
562091.056663564 6527304.32843364
562092.172156377 6527318.306999
562094.302515804 6527334.17546936
562100.522280153 6527361.20018588
562118.012857617 6527421.90176912
562122.126380002 6527435.95529816
562125.20674001 6527445.92098383
562136.51248211 6527483.79391586
562143.797012398 6527518.70291832
562147.085279271 6527553.64518012
562148.159191569 6527562.62843281
562152.363362 6527587.57175051
562147.966802839 6527659.54586552
562109.019859981 6527661.86826111
562107.221541118 6527661.88322736
562101.027331699 6527661.93477776
562086.04134117 6527662.05949636
562068.066468734 6527663.20822156
562034.114855853 6527665.48904219
562032.116723778 6527665.50567124
562023.125129442 6527665.58050196
562014.200064337 6527673.6478375
562013.209314447 6527674.65521513
562005.266682972 6527680.7161099
561989.38973593 6527693.83696251
561973.521104681 6527707.95687818
561962.639487372 6527721.03615828
561950.825332573 6527742.11625814
561939.976979111 6527759.19179104
561920.203558865 6527784.33465955
561960.63190626 6527839.94962129
561976.76665527 6527857.79972804
561987.865324673 6527870.79599732
562000.968779638 6527884.57488827
562048.206810002 6527918.05235134
562060.271282166 6527927.04405292
562132.561650339 6527969.40512684
562152.651087311 6527982.22665826
562159.694448936 6527988.16283607
562165.75537687 6527996.1054552
562172.832003741 6528006.03788645
562177.911329719 6528016.08685333
562185.07028803 6528035.91001214
562189.1912977 6528050.86270445
562194.718872192 6528114.76119004
562196.999759006 6528148.7127182
562201.117442642 6528163.26578635
562203.07720948 6528170.64305829
562210.370283501 6528182.57195472
562220.335888157 6528191.48121118
562230.40971592 6528201.38869967
562242.465044124 6528209.28143181
562264.502720894 6528216.0919536
562290.511714728 6528219.87202571
562291.311078131 6528207.87578028
562298.263071694 6528190.83266626
562312.108623517 6528173.73218088
562324.08921433 6528160.64374744
562329.93380788 6528154.60030967
562352.779273018 6528138.42405511
562360.437987072 6528134.26387131
562371.677538923 6528128.17553377
562400.684671358 6528120.04097251
562404.464490762 6528118.01124941
562415.412638812 6528112.92446944
562435.900261929 6528101.56367387
562468.221053957 6528083.41020656
562474.191334298 6528080.46303358
562515.952524689 6528056.13628748
562543.809950539 6528041.91658302
562579.727378303 6528023.73318001
562597.543300975 6528015.49192933
562619.456226967 6528007.31649349
562639.412603299 6528004.15300413
562628.364657414 6527997.25102513
562603.26325051 6527982.47294844
562503.981443176 6527938.3382738
562469.888442724 6527923.63502919
562447.825820364 6527913.82732252
562417.729086156 6527899.09081759
562406.672825968 6527891.18977411
562399.629463688 6527885.25359798
562394.576749085 6527878.40163532
562386.508539742 6527869.37667784
562374.378365878 6527852.49237973
562364.221375397 6527832.59426247
562357.086532976 6527815.66839084
562355.055134967 6527811.68876745
562348.919358926 6527794.75458128
562345.805730679 6527780.79264063
562346.721632647 6527770.79369387
562346.688366982 6527766.7974411
562348.603335043 6527756.79017968
562351.525685597 6527747.77366675
562356.388894494 6527719.85739901
562386.177083495 6527697.52865999
562380.041198275 6527692.58406449
562373.006985294 6527687.74685859
562359.893548481 6527672.7690974
562340.736648938 6527651.94675247
562325.60096328 6527634.08833791
562305.652908514 6527638.2508851
562304.556430809 6527638.55975023
562268.329862538 6527595.59881717
562249.271319514 6527562.58624014
562212.44980642 6527484.16106621
562208.037616496 6527446.23076352
562206.905600577 6527418.26448426
562209.628359844 6527385.2704638
562213.408398944 6527359.26156968
562219.219834707 6527337.23229817
562243.614335473 6527267.09003137
562244.974772323 6527262.4827018
562245.562568879 6527261.07902503
562289.498443622 6527137.92004727
562312.901355644 6527068.68526014
562323.600002747 6527033.62660425
562328.387420246 6527008.60846416
562332.134189989 6526978.60332616
562333.999258376 6526962.60169479
562324.482181844 6526887.54619026
562321.918096743 6526867.58489481
562305.285266042 6526873.91793913
562290.257702945 6526869.04734773
562282.281812414 6526871.11199077
562277.319750834 6526875.14981463
562274.339187324 6526877.17288392
562264.423380392 6526886.24759416
562247.505688559 6526906.37102703
562233.726791303 6526919.47441487
562229.7554785 6526922.5048614
562226.774914803 6526924.52793065
562218.82397279 6526929.5897611
562210.947988313 6526931.65357231
562200.8740598 6526933.73567577
562090.918645684 6526927.65684788
561987.956690958 6526921.51980943
561978.981734188 6526923.59276521
561973.623371723 6526928.03353888
561971.047423472 6526930.65271928
561970.073306392 6526933.65822151
561967.142639001 6526941.67566564
561961.389413639 6526970.69836776
561956.568724598 6526991.72025501
561949.641794942 6526999.7709574
561942.69823299 6527005.82353455
561932.649251769 6527010.90282393
561924.781582439 6527013.96569615
561906.856615586 6527021.10879492
561881.938189813 6527028.31009455
561911.993316549 6527038.05128754
561930.018076727 6527042.8969404
561936.020786087 6527043.8461162
561956.06030977 6527050.6732651
561973.127585387 6527060.52254525
561986.206915147 6527071.40414601
561995.2650344 6527079.32181678
562003.232497779 6527088.24769621
562007.3960275 6527096.30601444
562013.481898759 6527107.24581693
562042.919675543 6527162.85230138
    Pen (1,2,0)
    Brush (1,0,16777215)
Region 1
  53
562101.027331699 6527661.93477776
562107.221541118 6527661.88322736
562109.019859981 6527661.86826111
562147.966802839 6527659.54586552
562152.363362 6527587.57175051
562148.159191569 6527562.62843281
562147.085279271 6527553.64518012
562143.797012398 6527518.70291832
562136.51248211 6527483.79391586
562125.20674001 6527445.92098383
562122.126380002 6527435.95529816
562118.012857617 6527421.90176912
562100.522280153 6527361.20018588
562094.302515804 6527334.17546936
562092.172156377 6527318.306999
562091.056663564 6527304.32843364
562091.023398692 6527300.33218225
562090.940236514 6527290.34155384
562093.696263349 6527261.34378809
562102.471632899 6527235.29332378
562104.361653317 6527222.28887828
562104.33670463 6527219.29168991
562105.294189165 6527214.2880614
562103.071407812 6527199.31958039
562098.059558893 6527185.37344317
562092.939487296 6527170.42907478
562042.919675543 6527162.85230138
562030.914255524 6527160.95395047
562005.937614573 6527161.16181384
561986.99611652 6527166.21519712
561968.064597667 6527172.46745544
561957.166352796 6527183.54860512
561948.257922956 6527193.61406307
561942.355006088 6527204.65364038
561937.46778699 6527217.68302882
561936.610094943 6527234.67541065
561936.759784675 6527252.65854102
561937.850327451 6527263.63991745
561938.907605853 6527270.62504268
561943.028610262 6527285.57772714
561951.130077153 6527298.59893446
561952.846784361 6527300.78273809
561979.527322056 6527337.2288423
561981.4679593 6527342.30826538
561983.531788308 6527350.18423309
562006.101569472 6527432.92436671
562006.667067639 6527500.86064821
561985.894699914 6527514.02224029
561985.103537299 6527539.00712993
561994.16914437 6527547.8239603
562066.709806272 6527620.25682313
562101.063203386 6527654.24116039
562101.027331699 6527661.93477776
    Pen (1,2,0)
    Brush (1,0,16777215)
Region 1
  92
562762.691674898 6528650.56505538
562815.666335235 6528653.02164248
562815.783601838 6528667.1084429
562813.827052057 6528672.12039239
562814.892653136 6528680.10458829
562815.924987105 6528684.09252871
562819.954521643 6528688.05552392
562827.963690056 6528689.98713102
562949.933015342 6528698.96332391
562948.342408965 6528747.93408588
562946.813555557 6528780.31872485
562945.902543476 6528802.90671703
562948.924590889 6528817.86856265
562952.037396492 6528831.73060651
562959.272886846 6528860.74516269
562961.245966176 6528869.72093998
562961.354085797 6528882.70877227
562957.948525031 6528929.69638001
562960.004773373 6528948.66279847
562967.147946966 6528966.58774569
562969.270938524 6528969.56747608
562975.256920232 6528980.50812154
562990.392631026 6528998.36654757
562993.218296432 6529001.74008301
563007.551427267 6529019.20553566
563038.747065681 6529045.92249559
563104.085646004 6529093.33708408
563118.105854555 6529097.21692686
563134.115880536 6529100.08107473
563141.109350818 6529100.02286761
563148.087018725 6529098.06643849
563153.964049304 6529095.91934335
563155.046389111 6529093.91206813
563161.898469493 6529076.86976981
563172.688598874 6529052.80076123
563177.584129839 6529040.77041472
563187.407628065 6529020.60607207
563193.336325885 6529012.66357336
563201.229057808 6529000.60828105
563202.21980783 6528999.60090157
563212.118990866 6528988.52804271
563218.954334147 6528981.47721792
563231.933990632 6528968.3804532
563252.731422581 6528946.22642009
563268.599223955 6528932.00657019
563290.413187719 6528911.94225614
563324.140268685 6528882.68667386
563383.585255749 6528822.24390439
563389.537239652 6528817.09878502
563400.435486567 6528806.01761057
563417.279063148 6528788.99206554
563466.716638683 6528738.62392216
563474.250494287 6528731.46736992
563484.758262005 6528721.48849194
563453.42112871 6528689.77706068
563432.266061986 6528668.97134532
563393.003034492 6528633.32935127
563359.825899273 6528608.62716642
563345.755792121 6528598.75294478
563242.936096539 6528489.70410242
563237.890860338 6528483.75129693
563234.860391794 6528479.77998815
563230.822539469 6528474.81793102
563224.7782367 6528468.87344095
563218.725616886 6528461.92988715
563106.839490966 6528343.96431203
563091.720420175 6528328.1040234
563023.621294236 6528261.12943621
563014.300762962 6528269.69963992
562991.456135345 6528285.97581399
562990.46538573 6528286.98319281
562975.570873664 6528298.09762062
562941.918756684 6528324.35515966
562923.852181318 6528338.49338662
562911.105609049 6528355.58473405
562902.272029896 6528374.64177976
562896.377432413 6528386.68043458
562888.584503645 6528410.72448386
562883.697289339 6528423.75388747
562871.883142951 6528444.8340067
562861.051429208 6528463.90768357
562849.220648442 6528482.98967572
562828.448167701 6528508.14088635
562806.618401979 6528526.3069658
562805.627652027 6528527.31434464
562781.80806892 6528546.49611783
562766.913551963 6528557.61054516
562751.003334526 6528566.73515986
562729.106201316 6528576.80882194
562752.426554548 6528617.67909904
562761.63439091 6528643.57992348
562762.691674898 6528650.56505538
    Pen (1,2,0)
    Brush (1,0,16777215)
Region 1
  93
562704.661568383 6528760.95266917
562764.339447383 6528728.48372294
562765.230502455 6528703.49797893
562765.188918755 6528698.50265949
562765.821943224 6528666.52513197
562762.691674898 6528650.56505538
562761.63439091 6528643.57992348
562752.426554548 6528617.67909904
562729.106201316 6528576.80882194
562751.003334526 6528566.73515986
562766.913551963 6528557.61054516
562781.80806892 6528546.49611783
562805.627652027 6528527.31434464
562806.618401979 6528526.3069658
562828.448167701 6528508.14088635
562849.220648442 6528482.98967572
562861.051429208 6528463.90768357
562871.883142951 6528444.8340067
562883.697289339 6528423.75388747
562888.584503645 6528410.72448386
562896.377432413 6528386.68043458
562902.272029896 6528374.64177976
562911.105609049 6528355.58473405
562923.852181318 6528338.49338662
562941.918756684 6528324.35515966
562975.570873664 6528298.09762062
562990.46538573 6528286.98319281
562991.456135345 6528285.97581399
563014.300762962 6528269.69963992
563023.621294236 6528261.12943621
562984.634723584 6528222.68756951
562947.665417065 6528186.52691859
562945.674769347 6528187.44270614
562941.703454162 6528190.47315746
562936.749706255 6528195.51005101
562897.802747806 6528197.83246968
562841.821653458 6528206.29145692
562831.939212173 6528207.37284003
562810.983766565 6528210.54464767
562786.048688465 6528215.74784235
562755.194061891 6528229.99249874
562729.343083858 6528245.19464296
562711.484637325 6528260.33026673
562704.558536957 6528268.48088671
562701.592940829 6528272.30227331
562689.746357833 6528289.48604053
562678.931276095 6528310.5578409
562669.223377234 6528344.60915358
562661.513611048 6528378.64383705
562661.555194351 6528383.63915531
562611.585230527 6528382.05677568
562594.584464942 6528380.20000216
562589.580815297 6528379.24251312
562570.548650221 6528373.40611456
562555.512751719 6528367.5364562
562548.477702677 6528362.59934226
562541.450970256 6528358.66129193
562528.305921677 6528339.88708287
562519.163792969 6528321.87886536
562519.113893678 6528315.88448376
562518.997462 6528301.89759344
562519.84683066 6528283.90613409
562520.754415141 6528272.90811993
562522.677699221 6528263.89991811
562488.892401235 6528286.16202184
562468.003485633 6528297.32633283
562449.978596687 6528304.47027624
562431.120356737 6528307.52471056
562415.135291948 6528307.65774731
562397.161242158 6528308.90638336
562395.063202403 6528308.9238444
562391.707521216 6528361.9058118
562396.844124597 6528390.83791494
562414.169341184 6528419.66857834
562432.302128362 6528449.49165402
562436.530533736 6528465.34267615
562456.994947031 6528535.21157901
562467.201843468 6528561.10408875
562476.342309794 6528578.91249704
562490.49640662 6528598.8772717
562503.609022773 6528613.75513591
562522.732673157 6528630.58123867
562553.878392179 6528651.30381823
562571.97802721 6528665.14104413
562581.027844875 6528672.05965704
562596.255136458 6528688.91818768
562610.291864826 6528706.78576017
562624.470083419 6528729.64782077
562631.60410273 6528746.47379631
562645.865488597 6528779.32649677
562662.833824668 6528777.28692108
562679.776379005 6528772.15024698
562704.661568383 6528760.95266917
    Pen (1,2,0)
    Brush (1,0,16777215)
Region 1
  67
562704.661568383 6528760.95266917
562711.978768932 6528775.77885385
562720.921090198 6528793.7887393
562746.22211586 6528832.5443588
562756.345853248 6528848.44623239
562765.428940202 6528859.36110111
562773.496326824 6528868.28615688
562782.563612239 6528877.30280403
562786.583167169 6528880.06692309
562835.837686732 6528915.72569645
562857.966864102 6528933.5259174
562879.096975036 6528951.33445336
562902.283438649 6528976.11980762
562912.382228584 6528989.02448954
562926.485604004 6529002.89497505
562947.698990019 6529018.70455117
562963.17444608 6529029.36639016
562963.683959916 6529030.56110954
562979.802104457 6529046.41309289
562992.923047948 6529062.29002186
563006.027357912 6529076.16882254
563008.03464086 6529077.25116272
563058.303212181 6529114.69993408
563070.350237358 6529121.59360053
563081.364095816 6529124.39941891
563097.374953747 6529127.36347371
563108.356375989 6529126.27294147
563118.329582292 6529124.0917538
563134.23231894 6529114.06797348
563141.167570059 6529107.01631697
563153.964049304 6529095.91934335
563148.087018725 6529098.06643849
563141.109350818 6529100.02286761
563134.115880536 6529100.08107473
563118.105854555 6529097.21692686
563104.085646004 6529093.33708408
563038.747065681 6529045.92249559
563007.551427267 6529019.20553566
562993.218296432 6529001.74008301
562990.392631026 6528998.36654757
562975.256920232 6528980.50812154
562969.270938524 6528969.56747608
562967.147946966 6528966.58774569
562960.004773373 6528948.66279847
562957.948525031 6528929.69638001
562961.354085797 6528882.70877227
562961.245966176 6528869.72093998
562959.272886846 6528860.74516269
562952.037396492 6528831.73060651
562948.924590889 6528817.86856265
562945.902543476 6528802.90671703
562946.813555557 6528780.31872485
562948.342408965 6528747.93408588
562949.933015342 6528698.96332391
562827.963690056 6528689.98713102
562819.954521643 6528688.05552392
562815.924987105 6528684.09252871
562814.892653136 6528680.10458829
562813.827052057 6528672.12039239
562815.783601838 6528667.1084429
562815.666335235 6528653.02164248
562762.691674898 6528650.56505538
562765.821943224 6528666.52513197
562765.188918755 6528698.50265949
562765.230502455 6528703.49797893
562764.339447383 6528728.48372294
562704.661568383 6528760.95266917
    Pen (1,2,0)
    Brush (1,0,16777215)
Region 1
  464
566142.634716474 6537872.44697297
566176.137200878 6537816.21601629
566197.509326538 6537743.10061957
566244.639717815 6537763.59032161
566240.960487368 6537801.68831263
566252.548643513 6537873.43023758
566262.640032027 6537897.42557422
566306.024668254 6537936.03095594
566362.180807934 6537972.53171672
566408.49735931 6537883.32224851
566434.963875653 6537822.05423715
566457.618012145 6537782.89903531
566468.324873388 6537748.83902195
566519.435751485 6537767.39720003
566541.099133405 6537729.24939132
566559.923413328 6537710.10894173
566587.131422017 6537737.8584185
566609.294130307 6537759.65504284
566647.458663063 6537783.31672231
566672.701857092 6537803.08941131
566707.960674048 6537849.75557651
566761.502867474 6537800.35176276
566797.394661623 6537779.0709173
566836.11715031 6537761.76307533
566866.372320043 6537795.48203353
566926.474868405 6537813.96532837
566955.60617085 6537820.71677668
567042.575483001 6537837.97722331
567100.546728313 6537840.49196498
567134.456146477 6537833.11570639
567140.667805983 6537859.14162202
567163.612380459 6537854.85408946
567177.841598379 6537883.81067718
567182.020988896 6537905.75702777
567235.81284573 6537886.32541239
567216.147958587 6537816.54913133
567284.068364368 6537801.99559128
567341.805743162 6537776.4363495
567365.651182456 6537760.35142515
567431.731532729 6537776.78663457
567506.845161682 6537798.14233874
567586.979095888 6537834.44338147
567739.046411777 6537846.16601003
567851.134101455 6537868.21295873
567903.269012294 6537901.74969722
567946.561305378 6537929.26529377
567998.563914661 6537934.92703899
568011.235598071 6537896.85408578
568049.849906629 6537854.56853579
568083.418905669 6537806.33014173
568166.083713808 6537894.56550498
568187.905197019 6537875.40007696
568200.452027425 6537822.34102076
568240.23186159 6537800.02863012
568293.374195052 6537822.5664031
568338.26591962 6537814.19944675
568376.10586548 6537798.89720932
568405.59282146 6537740.40164168
568435.118894627 6537686.6017218
568445.016407618 6537675.3289054
568492.839591817 6537659.04430766
568526.741501797 6537650.76886056
568546.098452393 6537695.56909687
568556.2631992 6537692.38711088
568608.881935368 6537676.06257559
568660.867074768 6537667.63654238
568696.733812039 6537667.33787131
568703.569178542 6537648.29723966
568715.208469819 6537606.2363228
568656.854358717 6537557.76426032
568677.651781669 6537535.60993744
568658.894397559 6537430.85616089
568637.664960314 6537413.14829044
568644.233141233 6537362.03741254
568624.485012319 6537258.29104039
568603.862614876 6537193.51850833
568584.505669324 6537148.71828831
568585.263361493 6537119.73685059
568601.048791911 6537083.63627998
568624.83507857 6537072.44764381
568671.250479889 6537007.11688921
568701.639092106 6536936.92388356
568701.281178688 6536893.96375032
568693.788254756 6536834.07761644
568684.463656985 6536794.18957923
568696.127911639 6536755.12590878
568723.586719456 6536693.05036417
568730.558611418 6536678.40483512
568744.308406859 6536649.81479223
568760.518522713 6536568.74931107
568786.111524162 6536522.57566762
568812.612012786 6536477.39361067
568861.041969484 6536521.95170925
568953.447750857 6536580.13159529
569031.983056103 6536652.41496695
569064.194774001 6536681.12184462
569096.081862547 6536670.8648891
569115.055941017 6536657.7180392
569147.084514558 6536676.43502033
569156.225999437 6536694.34345002
569185.373891239 6536727.07240657
569209.136067061 6536689.00704772
569229.766155481 6536646.77137626
569281.351679698 6536602.37955469
569325.119424201 6536579.03481457
569374.648510526 6536539.65582683
569426.325608955 6536494.26410062
569444.908429967 6536446.15054665
569457.371952453 6536383.10082856
569466.829932196 6536319.07700093
569471.059490213 6536215.1310545
569471.251102617 6536130.20243049
569459.553755118 6536045.37281802
569454.824941913 6535957.48775555
569454.525272922 6535921.5211628
569461.044301827 6535864.51582086
569482.274713934 6535774.41631124
569502.680858793 6535705.30563619
569533.020283955 6535629.21817123
569553.5829357 6535566.90035962
569565.91407248 6535499.95513673
569579.401624163 6535439.89435973
569511.514686994 6535446.45453655
569459.546304964 6535444.88902095
569394.381887275 6535418.45486796
569317.186803747 6535507.02211053
569266.700283575 6535563.39442983
569221.109231191 6535607.73629067
569160.590363899 6535659.19644845
568930.038028343 6535569.1953139
568927.357115007 6535607.18500234
568926.68352377 6535634.26733759
568828.207608521 6535579.03553192
568841.911609896 6535544.95061902
568844.42605182 6535486.97949603
568850.029269416 6535439.973207
568869.51875166 6535392.75137443
568892.181955594 6535342.70552107
568905.885952814 6535308.62061433
568904.653816655 6535280.65492774
568892.406921183 6535249.78353905
568865.282159969 6535232.02487049
568830.635206381 6535222.82153619
568829.23234426 6535222.33364732
568809.176021961 6535201.51869637
568806.687591998 6535154.67971009
568811.340847387 6535113.57627392
568833.95322812 6535081.41547588
568865.848626298 6535060.16792775
568891.641363635 6535037.97205537
568899.425864762 6535000.93902626
568890.147053168 6534966.54593571
568859.762864121 6534929.33116711
568840.414265159 6534885.53009179
568829.091532918 6534845.65874931
568821.839999654 6534814.74577281
568822.647626509 6534791.75881395
568822.372965786 6534758.78948807
568805.896854471 6534699.97755065
568773.294140615 6534624.31455847
568732.840327741 6534565.70228653
568710.561191244 6534529.91884498
568701.185932673 6534483.93666517
568665.803208252 6534434.37432445
568657.511069481 6534398.47441847
568646.862968802 6534319.63121712
568650.684502573 6534298.617508
568658.427376673 6534280.56855919
568673.380203233 6534264.45784914
568666.070493286 6534226.55149231
568667.645074081 6534175.68228539
568688.033904534 6534104.47384094
568710.421705691 6534033.34866788
568730.636611598 6533941.25970868
568724.268553854 6533896.4514731
568735.655657479 6533848.09832585
568756.796007657 6533843.12643191
568776.261481609 6533781.01783824
568782.197653176 6533773.97444759
568809.214161232 6533778.74516597
568838.278739818 6533789.49365243
568888.282189315 6533795.07209266
568940.200563409 6533790.64321347
568938.851982674 6533748.6906824
568948.568070704 6533715.63824955
568968.141713929 6533666.51753819
568981.995550517 6533650.41598135
568988.86421662 6533635.37172846
568983.58592698 6533601.44502173
568982.545248175 6533596.45800244
569013.241807634 6533563.23086357
569053.97492806 6533511.43611301
569056.743198244 6533507.91608143
569025.697127897 6533499.18237704
569002.793410309 6533508.36533448
568980.988623086 6533529.5287844
568944.289320784 6533561.80677059
568907.332045275 6533563.11365672
568884.403360578 6533569.29940906
568859.501500048 6533578.4990029
568819.663515318 6533593.8177927
568802.005275552 6533513.03473806
568777.777945946 6533483.26237227
568733.427750282 6533436.67224346
568710.35760221 6533425.8738434
568701.266113967 6533413.95990583
568674.890863077 6533366.22096373
568659.554480558 6533324.28500969
568666.265873673 6533290.35838676
568673.759146566 6533230.34778479
568652.354285985 6533179.57005082
568626.65352738 6533104.84881109
568622.374420915 6533046.93451944
568605.107257979 6533025.09729818
568603.758639728 6532995.13443113
568584.485118308 6532948.33550435
568541.44191026 6532938.70255888
568526.08473495 6532894.26895
568516.551083858 6532901.24237789
568416.149686181 6532878.698618
568392.930550572 6532862.00655484
568384.971278813 6532866.06937626
568376.978722254 6532866.13592906
568368.961202159 6532863.20528041
568288.594618084 6532810.92024866
568274.524433851 6532801.0460443
568272.169990539 6532794.27152194
568270.428302702 6532789.09051551
568267.356204396 6532780.12386899
568265.199964745 6532761.15823296
568263.668291804 6532709.21589828
568260.770990459 6532709.24002347
568245.743343664 6532704.36947383
568226.398895861 6532697.03702828
568143.513744107 6532666.25439789
568120.89294944 6532709.4056136
568092.369259858 6532763.5964805
568039.27735608 6532867.04951329
568031.417096357 6532883.00123097
568019.536424976 6532896.0889294
568006.640041389 6532907.18681238
567989.755697421 6532919.31703764
567953.955584716 6532939.5978567
567938.053668485 6532949.72162845
567911.22022437 6532966.93037639
567895.251683504 6532981.0512484
567884.370080102 6532994.13062772
567876.602235972 6533009.18235348
567865.828801821 6533035.24960669
567853.082188699 6533064.3306994
567847.302499628 6533078.16690763
567843.482675855 6533087.39076923
567827.613922805 6533125.49008804
567817.764670689 6533142.55741861
567806.848950213 6533151.54062278
567796.91732278 6533158.71718711
567784.970080918 6533163.81234732
567776.003408954 6533166.88441693
567811.045760837 6533175.58487039
567839.036374943 6533177.35008247
567868.034380342 6533180.1060426
567895.00928266 6533179.88143756
567905.974095351 6533176.79272967
567920.91854822 6533171.67261211
567923.899117989 6533169.64952126
567928.869507848 6533166.61072561
567937.78625465 6533157.54425108
567945.695610084 6533147.48702798
567955.453331555 6533119.42995615
567969.514372638 6533128.20519227
567984.642772197 6533133.17482192
568001.543704 6533135.03236895
568020.50107941 6533131.8771098
568074.416766325 6533127.33171702
568111.399845083 6533129.12196035
568153.493967605 6533132.76800464
568165.39954026 6533134.66714432
568164.517019424 6533136.67276596
568085.456738213 6533253.23092014
568084.574216582 6533255.23654188
568024.221640054 6533338.66741806
568016.295642287 6533346.72650808
567791.278923889 6533561.41623897
567782.994544462 6533646.41185526
567778.390261883 6533693.40962927
567768.857189739 6533748.44153975
567756.243697346 6533793.50773037
567746.452683413 6533817.56854289
567736.553500818 6533828.64147437
567729.693193659 6533832.69514369
567718.71173359 6533833.78571571
567677.733122515 6533844.11828592
567726.604034965 6534073.61283528
567732.781515847 6534095.54241948
567739.915632883 6534112.36843864
567746.009907752 6534124.30734328
567752.079220794 6534133.24904396
567760.13003505 6534140.17597147
567752.826830397 6534139.03781546
567749.359203402 6534142.56366855
567750.239170637 6534152.24797355
567756.402566508 6534160.48949492
567726.211537471 6534146.45321094
567703.657549532 6534137.64876606
567668.074033332 6534123.95712157
567654.037945141 6534118.17907945
567647.018653011 6534115.14019815
567631.990982325 6534110.26963554
567628.985448202 6534109.295523
567618.969774675 6534106.38150383
567607.955030009 6534103.47580306
567602.943033023 6534101.51925942
567583.927398474 6534097.68103817
567580.922696471 6534096.80683234
567567.908977578 6534093.81786137
567542.05389663 6534084.54133106
567513.792724824 6534074.28569655
567498.656889359 6534056.42724921
567484.52844589 6534039.55955151
567467.38531655 6534020.61876635
567431.086772567 6533981.05541749
567402.913093212 6533957.31070151
567374.672789215 6533937.56308866
567347.664652665 6533921.801765
567318.575940283 6533908.15595181
567287.495742731 6533895.32602889
567253.435805335 6533884.61910245
567198.431154432 6533878.3828486
567180.627722097 6533876.13314917
567065.118539949 6533863.10694214
567050.0150958 6533861.13450257
566980.808663065 6533853.21803434
566898.399518451 6533843.61303759
566807.396700914 6533833.87975614
566781.096174896 6533831.10131283
566604.389781173 6533812.09017819
566306.375456724 6533779.60145795
566300.47511466 6533778.95118384
566098.360722416 6533756.35479095
566056.358148196 6533751.70878069
565876.359004155 6533733.22453308
565878.265635088 6533722.21815448
565878.099251774 6533702.23680158
565875.043882198 6533683.27863645
565871.84693267 6533671.31560829
565868.758209442 6533660.35081612
565863.763764487 6533648.50266585
565853.547530191 6533633.50074869
565841.525481499 6533617.61464172
565823.217683966 6533590.79035805
565791.847173561 6533543.09294768
565762.508083188 6533499.37517407
565708.883494843 6533418.89151601
565698.792960267 6533406.98587766
565687.744950359 6533400.08389345
565651.603709583 6533379.4028916
565661.726728362 6533515.20121075
565674.322864168 6533588.03333531
565698.016927656 6533673.761855
565697.44212697 6533724.72262115
565689.566026244 6533738.7761047
565663.098650317 6533787.95414909
565622.677395648 6533865.22419265
565621.828065971 6533883.21572923
565638.952863536 6533899.95858552
565643.058126174 6533913.0131054
565585.951387389 6534014.30143341
565460.62662279 6534082.386819
565440.844851377 6534106.53078595
565394.337720497 6534160.87134556
565376.479138209 6534187.99671478
565303.388138929 6534277.52837654
565380.133616414 6534254.90848863
565445.88017538 6534351.27749701
565463.238735973 6534396.09417563
565524.973110102 6534382.59147519
565515.790214169 6534347.69811179
565665.343115583 6534309.4850497
565679.621279349 6534344.3359945
565693.799536751 6534379.18777178
565721.381832532 6534439.90553704
565751.237508767 6534425.66907097
565772.450942816 6534453.46832113
565837.374026219 6534438.93992283
565857.821326972 6534494.72139888
565881.233322127 6534558.5712101
565899.73988584 6534621.2628962
565961.323000599 6534697.58390237
566027.836590947 6534766.07059035
566050.815239972 6534765.87929306
566151.572564557 6534747.15591913
566230.390242884 6534733.41104939
566266.055828098 6534804.95212759
566305.869705084 6534798.7257572
566321.089569259 6534826.67483254
566318.282926827 6534849.57852921
566320.762912042 6534907.40815357
566320.613512522 6535009.42171139
566403.72792956 6535019.72031772
566399.356677986 6535106.68199726
566324.38467088 6535102.31045171
566328.039278484 6535193.20188587
566230.096977263 6535178.03101398
566132.054770877 6535162.86096613
566135.243389192 6535185.81467213
566132.39596623 6535203.82292215
566124.628079501 6535230.86440847
566120.855648555 6535257.77271866
566120.123707221 6535289.8512526
566126.509265893 6535336.75774147
566161.735599607 6535367.53777813
566187.993586604 6535401.19007351
566195.194306465 6535426.00875046
566194.545630029 6535456.08831167
566174.813797281 6535498.21652953
566158.104190714 6535531.32731343
566160.560037218 6535586.25965882
566162.849401791 6535633.20025871
566156.346929901 6535680.2140541
566148.67890321 6535719.24442052
566095.644394784 6535829.5915434
566212.743917064 6535853.59520823
566183.237768122 6535909.79280059
566167.768563501 6535971.86838562
566142.799620524 6536092.97244117
566027.989488078 6536103.91968362
566066.694886908 6536192.5211002
565903.737388437 6536300.78596734
565870.393513049 6536256.10215872
565825.218878398 6536230.50054391
565812.763995024 6536174.65226883
565800.450580023 6536135.7882343
565757.165432657 6536217.07910069
565732.754482305 6536285.22399455
565708.468353068 6536368.35498784
565686.005614453 6536430.48881658
565669.578918842 6536497.56811045
565684.99856415 6536549.49506363
565691.233494203 6536578.31837541
565693.456321769 6536605.27671788
565688.810461802 6536647.27938109
565675.364339824 6536712.33558778
565659.079106404 6536796.39914398
565650.528489123 6536849.42489045
565649.837312085 6536886.39892502
565657.180327818 6536928.30178912
565696.768296802 6537002.90792393
565732.343333475 6537075.54918316
565758.826022612 6537136.17651093
565778.150432857 6537177.08040462
565794.235417243 6537200.92592368
565826.596928337 6537235.62650894
565869.898270702 6537276.23087427
565923.281888114 6537327.74187321
565962.620228772 6537372.37580229
565972.23601915 6537447.23147602
565988.837003511 6537521.02985556
565995.255853488 6537571.93271643
565984.856887105 6537642.95845964
565980.227675055 6537686.95930261
565987.820355462 6537758.83440626
566009.658043199 6537861.56436084
566083.165090492 6537809.99606283
566142.634716474 6537872.44697297
    Pen (1,2,0)
    Brush (1,0,16777215)
Region 1
  126
567843.37125099 6532030.30564547
567899.186902737 6532001.96500955
567914.138830343 6531997.74405557
567922.123065706 6531996.67843892
567931.023105233 6531997.60346824
567942.029511582 6531999.51009452
567987.262284845 6532020.11531231
568028.382232672 6532038.75650326
568038.406211765 6532042.66958069
568046.423730907 6532045.60022929
568063.549424915 6532050.45330909
568071.458716294 6532052.38572293
568079.459593734 6532053.31823833
568095.461342764 6532055.18326827
568110.455696431 6532056.05754981
568117.449178368 6532055.99931676
568148.436954648 6532057.73956017
568196.417222562 6532060.33744537
568221.076749015 6532058.03392446
568226.834627379 6532077.56904179
568230.529463865 6532089.32807841
568251.234829479 6532164.09085867
568252.273007513 6532168.77815268
568259.074782116 6532217.67917568
568256.21476529 6532258.16799689
568254.857674069 6532263.17497704
568252.91611936 6532269.9852687
568247.776657598 6532288.71190708
568237.20139534 6532314.57767426
568213.500828291 6532348.04625377
568193.181339516 6532367.59868891
568184.358688768 6532375.96498229
568161.696406541 6532390.14159037
568178.374094972 6532413.18267604
568199.812204269 6532467.95665119
568203.983222893 6532488.90377869
568206.131140045 6532506.87034398
568206.297560807 6532526.85168129
568205.399176089 6532538.94870951
568201.526050275 6532553.76817547
568200.53613412 6532554.87546806
568171.138259645 6532612.07101984
568143.513744107 6532666.25439789
568226.398895861 6532697.03702828
568245.743343664 6532704.36947383
568260.770990459 6532709.24002347
568263.668291804 6532709.21589828
568265.199964745 6532761.15823296
568267.356204396 6532780.12386899
568270.428302702 6532789.09051551
568272.169990539 6532794.27152194
568274.524433851 6532801.0460443
568288.594618084 6532810.92024866
568368.961202159 6532863.20528041
568376.978722254 6532866.13592906
568384.971278813 6532866.06937626
568392.930550572 6532862.00655484
568416.149686181 6532878.698618
568516.551083858 6532901.24237789
568526.08473495 6532894.26895
568515.849392502 6532864.97956727
568441.960370757 6532750.69414969
568466.546007919 6532703.53001903
568511.21288638 6532668.18830899
568516.033485819 6532647.16630571
568542.683826923 6532607.97807368
568618.830786502 6532513.52510228
568605.625697777 6532487.5576072
568565.879739258 6532405.95940932
568530.571195087 6532353.29921156
568492.015756783 6532282.68160378
568475.539696405 6532223.869776
568457.223603814 6532184.05685562
568444.052639698 6532162.18553952
568425.894652692 6532141.35488649
568393.69145317 6532113.6472364
568384.583336237 6532099.73517696
568368.339497737 6532056.80768309
568317.771601097 6531875.48596191
568307.464711059 6531837.6046305
568261.924144832 6531768.04434795
568229.927484542 6531729.14466535
568219.53056883 6531716.44230388
568186.261749685 6531680.75044902
568181.216480954 6531674.79764704
568175.163822752 6531667.85409792
568165.073285576 6531655.94849402
568136.815622121 6531622.11327032
568121.892112805 6531605.75180033
568119.657549944 6531601.37421103
568047.058927143 6531522.04788589
567961.388342819 6531432.73913387
567869.700058482 6531340.68291061
567845.897138081 6531361.86294648
567834.108065582 6531373.9507315
567825.108065431 6531385.01615807
567815.250506569 6531401.08440164
567789.724028986 6531455.25025457
567739.670136325 6531563.5736464
567732.793973279 6531577.71870966
567722.977182857 6531598.68237889
567683.829834661 6531696.92361188
567676.012013124 6531717.97055191
567667.262518849 6531747.11824759
567661.34209639 6531768.04947631
567660.551101685 6531781.04482488
567660.726666179 6531802.12512396
567660.818192692 6531813.11485347
567663.938545605 6531827.87607936
567668.06878476 6531843.92777307
567675.220361993 6531862.85180362
567684.277659895 6531882.65918879
567694.50222306 6531898.66013959
567696.517003179 6531900.64163515
567704.584444344 6531909.56668376
567716.664804717 6531920.4565907
567728.636937707 6531930.34826307
567743.814413856 6531941.21238218
567745.820873463 6531942.19481131
567767.942685463 6531959.09583681
567770.955703216 6531960.96910704
567796.090533723 6531979.74340259
567816.213375954 6531996.56115854
567829.31776983 6532010.43994596
567837.385212639 6532019.36499457
567843.37125099 6532030.30564547
    Pen (1,2,0)
    Brush (1,0,16777215)
Region 1
  121
567436.589947589 6532866.27270887
567452.71312782 6532894.71376535
567477.049362372 6532949.56355407
567495.078143306 6533002.86724322
567510.467679016 6533063.18686463
567568.695377389 6533348.45512069
567580.167743791 6533406.30953019
567594.65390355 6533478.12676389
567601.880312617 6533518.03206829
567607.333417009 6533548.95990697
567612.686553988 6533591.87822139
567621.669265313 6533710.70072507
567620.211959006 6533775.65676435
567618.969774675 6534106.38150383
567628.985448202 6534109.295523
567631.990982325 6534110.26963554
567647.018653011 6534115.14019815
567654.037945141 6534118.17907945
567668.074033332 6534123.95712157
567703.657549532 6534137.64876606
567726.211537471 6534146.45321094
567756.402566508 6534160.48949492
567750.239170637 6534152.24797355
567749.359203402 6534142.56366855
567752.826830397 6534139.03781546
567760.13003505 6534140.17597147
567752.079220794 6534133.24904396
567746.009907752 6534124.30734328
567739.915632883 6534112.36843864
567732.781515847 6534095.54241948
567726.604034965 6534073.61283528
567677.733122515 6533844.11828592
567718.71173359 6533833.78571571
567729.693193659 6533832.69514369
567736.553500818 6533828.64147437
567746.452683413 6533817.56854289
567756.243697346 6533793.50773037
567768.857189739 6533748.44153975
567778.390261883 6533693.40962927
567782.994544462 6533646.41185526
567791.278923889 6533561.41623897
568016.295642287 6533346.72650808
568024.221640054 6533338.66741806
568084.574216582 6533255.23654188
568085.456738213 6533253.23092014
568164.517019424 6533136.67276596
568165.39954026 6533134.66714432
568153.493967605 6533132.76800464
568111.399845083 6533129.12196035
568074.416766325 6533127.33171702
568020.50107941 6533131.8771098
568001.543704 6533135.03236895
567984.642772197 6533133.17482192
567969.514372638 6533128.20519227
567955.453331555 6533119.42995615
567945.695610084 6533147.48702798
567937.78625465 6533157.54425108
567928.869507848 6533166.61072561
567923.899117989 6533169.64952126
567920.91854822 6533171.67261211
567905.974095351 6533176.79272967
567895.00928266 6533179.88143756
567868.034380342 6533180.1060426
567839.036374943 6533177.35008247
567811.045760837 6533175.58487039
567776.003408954 6533166.88441693
567784.970080918 6533163.81234732
567796.91732278 6533158.71718711
567806.848950213 6533151.54062278
567817.764670689 6533142.55741861
567827.613922805 6533125.49008804
567843.482675855 6533087.39076923
567847.302499628 6533078.16690763
567853.082188699 6533064.3306994
567865.828801821 6533035.24960669
567876.602235972 6533009.18235348
567884.370080102 6532994.13062772
567895.251683504 6532981.0512484
567911.22022437 6532966.93037639
567938.053668485 6532949.72162845
567953.955584716 6532939.5978567
567989.755697421 6532919.31703764
568006.640041389 6532907.18681238
568019.536424976 6532896.0889294
568031.417096357 6532883.00123097
568039.27735608 6532867.04951329
568092.369259858 6532763.5964805
568120.89294944 6532709.4056136
568143.513744107 6532666.25439789
568171.138259645 6532612.07101984
568200.53613412 6532554.87546806
568201.526050275 6532553.76817547
568205.399176089 6532538.94870951
568206.297560807 6532526.85168129
568206.131140045 6532506.87034398
568203.983222893 6532488.90377869
568199.812204269 6532467.95665119
568178.374094972 6532413.18267604
568161.696406541 6532390.14159037
568143.906263866 6532401.48004815
568070.137275058 6532445.55671834
568020.598217206 6532483.73655451
567994.851223067 6532511.42718183
567991.481012029 6532514.65247969
567911.550911787 6532586.75625451
567893.172126663 6532599.39848746
567838.793421486 6532632.32319579
567790.8195787 6532666.49345021
567769.968078094 6532682.15367959
567752.590856453 6532695.08731279
567745.04535163 6532700.84521606
567725.881452216 6532715.19251635
567721.298210767 6532716.7293824
567687.307242673 6532738.29400502
567639.528213499 6532771.86315231
567598.664459866 6532795.98283888
567563.280613701 6532818.25845221
567516.908658366 6532840.82538126
567477.564368361 6532855.44061834
567445.465031577 6532864.20054107
567436.589947589 6532866.27270887
    Pen (1,2,0)
    Brush (1,0,16777215)
Region 1
  392
564763.833606633 6530435.24678652
564797.32774597 6530498.01335946
564785.679977637 6530539.07483385
564803.354648247 6530609.86625977
564814.610587689 6530641.74486982
564811.696479173 6530663.75008933
564801.963663247 6530694.80428164
564799.15694772 6530717.70782919
564801.489481781 6530757.85362695
564811.828705494 6530799.6313053
564823.034736642 6530825.51552673
564846.171362672 6530844.30649176
564873.287626991 6530861.06605947
564895.508369914 6530889.85599626
564908.795810859 6530913.72462289
564925.96372936 6530947.65220937
564928.718012378 6531038.45064214
565127.083396892 6531114.83180881
565159.302408494 6531132.44811842
565198.382553176 6531146.11068538
565224.391617218 6531149.8907121
565240.376718422 6531149.75764337
565267.351576703 6531149.53308945
565332.241137832 6531142.9980999
565367.183590215 6531139.7098117
565403.183342916 6531143.40666595
565466.944650324 6531157.36332998
565467.445848513 6531157.55898465
565469.246668072 6531157.84373383
565413.721430266 6531329.05815056
565363.519168834 6531311.59154823
565354.644092678 6531313.66370026
565346.668178556 6531315.72836705
565331.815244214 6531331.83817428
565323.431301647 6531344.89672426
565306.172200219 6531372.01704874
565285.349806749 6531391.1739549
565281.95130835 6531391.00241892
565226.363141426 6531386.66931674
565197.373502769 6531384.91237129
565143.382183168 6531380.36614571
565042.442939389 6531377.20986709
565026.348778072 6531376.24479249
565002.720565149 6531526.41167825
565000.838885732 6531540.41523586
564996.068970977 6531567.53150865
564959.142463019 6531812.52715345
564970.232879222 6531824.52437259
564976.31879849 6531835.46420178
564976.38451437 6531843.35682516
565069.680618803 6531888.54042845
565177.263923776 6531861.66733436
565219.133417264 6531958.33485477
565238.505882834 6532005.03304863
565272.806993884 6532044.71293379
565296.085066993 6532080.48803854
565313.54424908 6532137.39334737
565314.825323681 6532171.25338459
565309.038042164 6532196.18004165
565290.414337625 6532227.4081985
565326.388250852 6532239.99758331
565325.891211629 6532240.30146169
565326.692963003 6532240.59452819
565313.324397805 6532266.9830876
565311.063971744 6532271.49801587
565308.903452639 6532276.01211246
565306.640530929 6532280.22732077
565304.380104821 6532284.74224906
565302.119678696 6532289.25717737
565299.857588811 6532293.57229236
565297.597162653 6532298.08722068
565295.33673648 6532302.60214902
565293.17372165 6532306.8165257
565290.813388469 6532311.33228573
565288.552962247 6532315.84721409
565286.290872267 6532320.16232914
565284.130352987 6532324.67642585
565281.870758587 6532329.2912609
565279.609500429 6532333.70628264
565277.346578515 6532337.92149107
565275.086152196 6532342.43641949
565272.82572586 6532346.95134792
565270.565299507 6532351.46627637
565268.3032094 6532355.78139149
565266.042783015 6532360.29631995
565263.782356614 6532364.81124843
565261.521930197 6532369.32617691
565259.261503763 6532373.8411054
565257.099320555 6532378.1553889
565254.838062221 6532382.57041075
565252.577635739 6532387.08533927
565250.31720924 6532391.6002678
565248.05511899 6532395.91538301
565245.794692459 6532400.43031157
565243.533434044 6532404.84533346
565241.273839348 6532409.4601687
565239.010917167 6532413.67537728
565236.750490571 6532418.19030588
565234.490063958 6532422.70523448
565232.229637329 6532427.22016309
565230.360519958 6532430.73269833
565228.1000933 6532435.24762696
565225.839666625 6532439.7625556
565223.579239934 6532444.27748425
565221.317149495 6532448.59259957
565219.056722771 6532453.10752824
565216.796296031 6532457.62245692
565214.635776261 6532462.13655395
565212.372853895 6532466.35176263
565210.112427106 6532470.86669134
565207.852000302 6532475.38162006
565205.591573481 6532479.8965488
565203.329482915 6532484.21166419
565201.069056062 6532488.72659294
565198.807797328 6532493.14161503
565196.548202306 6532497.75645048
565194.287775403 6532502.27137926
565192.024852894 6532506.48658803
565189.86433295 6532511.00068516
565187.603905999 6532515.51561397
565185.344310894 6532520.13044947
565183.081388323 6532524.34565827
565180.820961323 6532528.86058712
565178.460627315 6532533.37634764
565176.300107275 6532537.89044483
565174.038016502 6532542.20556035
565171.676850583 6532546.62141423
565169.516330495 6532551.13551145
565167.155996403 6532555.65127202
565164.895569289 6532560.16620093
565162.633478437 6532564.4813165
565160.372219429 6532568.89633875
565158.212531122 6532573.5103427
565155.952103943 6532578.02527166
565153.689181167 6532582.24048058
565151.428753956 6532586.75540955
565149.168326728 6532591.27033853
565146.907067624 6532595.68536085
565144.645808505 6532600.10038316
565142.385381228 6532604.61531218
565140.125785794 6532609.23014788
565137.864526626 6532613.64517024
565135.6040993 6532618.16009928
565133.341176382 6532622.37530828
565131.376310731 6532626.38820893
565129.115883359 6532630.903138
565126.85545597 6532635.41806708
565124.593364849 6532639.73318281
565122.332937428 6532644.24811191
565120.07250999 6532648.76304102
565117.812082536 6532653.27797014
565115.551655066 6532657.79289927
565113.389470868 6532662.10718338
565111.128211509 6532666.52220585
565108.86778399 6532671.03713501
565106.607356455 6532675.55206418
565104.345265191 6532679.86717999
565102.084837623 6532684.38210918
565099.82441004 6532688.89703838
565097.563982439 6532693.41196759
565095.301059256 6532697.62717675
565092.940724619 6532702.14293765
565090.680296969 6532706.65786689
565089.206647529 6532709.6675425
565129.55227268 6532731.31268491
565162.746187586 6532758.0130413
565211.242347465 6532810.56355588
565266.607139576 6532860.05948426
565345.083651089 6532925.34919849
565363.183377964 6532939.18643446
565407.125586749 6532972.79126885
565426.532425173 6532987.6167597
565460.891800275 6533034.29014007
565473.121890756 6533063.16328448
565482.229987837 6533077.07537256
565509.870397649 6533156.77619145
565532.340761666 6533215.53818647
565552.488549172 6533235.35319294
565580.578987677 6533249.10725978
565585.998605939 6533300.01810798
565600.226842883 6533328.87462313
565619.425476465 6533354.69235161
565651.603709583 6533379.4028916
565687.744950359 6533400.08389345
565698.792960267 6533406.98587766
565708.883494843 6533418.89151601
565762.508083188 6533499.37517407
565791.847173561 6533543.09294768
565823.217683966 6533590.79035805
565841.525481499 6533617.61464172
565853.547530191 6533633.50074869
565863.763764487 6533648.50266585
565868.758209442 6533660.35081612
565871.84693267 6533671.31560829
565875.043882198 6533683.27863645
565878.099251774 6533702.23680158
565878.265635088 6533722.21815448
565876.359004155 6533733.22453308
566056.358148196 6533751.70878069
566098.360722416 6533756.35479095
566300.47511466 6533778.95118384
566306.375456724 6533779.60145795
566604.389781173 6533812.09017819
566781.096174896 6533831.10131283
566807.396700914 6533833.87975614
566898.399518451 6533843.61303759
566980.808663065 6533853.21803434
567050.0150958 6533861.13450257
567065.118539949 6533863.10694214
567180.627722097 6533876.13314917
567198.431154432 6533878.3828486
567253.435805335 6533884.61910245
567287.495742731 6533895.32602889
567318.575940283 6533908.15595181
567347.664652665 6533921.801765
567374.672789215 6533937.56308866
567402.913093212 6533957.31070151
567431.086772567 6533981.05541749
567467.38531655 6534020.61876635
567484.52844589 6534039.55955151
567498.656889359 6534056.42724921
567513.792724824 6534074.28569655
567542.05389663 6534084.54133106
567567.908977578 6534093.81786137
567580.922696471 6534096.80683234
567583.927398474 6534097.68103817
567602.943033023 6534101.51925942
567607.955030009 6534103.47580306
567618.969774675 6534106.38150383
567620.211959006 6533775.65676435
567621.669265313 6533710.70072507
567612.686553988 6533591.87822139
567607.333417009 6533548.95990697
567601.880312617 6533518.03206829
567594.65390355 6533478.12676389
567580.167743791 6533406.30953019
567568.695377389 6533348.45512069
567510.467679016 6533063.18686463
567495.078143306 6533002.86724322
567477.049362372 6532949.56355407
567452.71312782 6532894.71376535
567436.589947589 6532866.27270887
567422.700500178 6532842.10934078
567410.339611933 6532821.53013681
567371.43033417 6532756.41067141
567352.289978405 6532725.59681124
567336.38991349 6532699.9514811
567311.838003844 6532655.19477176
567273.465839737 6532570.58768519
567252.550587637 6532518.60692045
567251.02036575 6532514.82294392
567234.544352239 6532456.01109484
567227.168131869 6532410.1122516
567219.650467949 6532347.22927593
567218.351869593 6532311.27119356
567215.970999196 6532265.33076396
567215.844467467 6532262.13458254
567236.588124101 6532173.53834584
567234.978860267 6532160.2632379
567236.777377376 6532124.27937382
567244.445444142 6532085.2492334
567251.172682721 6532053.22087766
567257.941522301 6532026.18785492
567266.84168868 6532003.13363006
567272.561472891 6531982.10415691
567276.416306029 6531965.08675448
567278.273000109 6531948.08598885
567278.164836363 6531935.0981256
567276.075174281 6531924.12503185
567270.955022761 6531909.18062755
567263.853373048 6531896.25099271
567254.877620356 6531886.23445514
567220.635459846 6531865.63762131
567203.187586355 6531858.08954803
567195.467295212 6531854.85667956
567188.047556951 6531851.72122223
567187.449843691 6531839.93639865
567015.984972093 6531766.42883346
567015.069103573 6531776.42781427
566931.838508035 6531740.15276294
566887.679778968 6531716.54116657
566854.552413313 6531697.83340245
566817.395491917 6531675.16264488
566772.096191715 6531646.56486493
566737.004039243 6531619.88037387
566698.789814281 6531590.22446952
566652.508159662 6531551.64351266
566616.258797969 6531517.97470765
566584.030673849 6531487.26982955
566550.74524421 6531449.57980706
566519.457954644 6531411.87314938
566492.208541348 6531379.12855102
566478.250003926 6531358.66257685
566467.931377485 6531343.36180199
566467.322784476 6531342.26782009
566434.555271181 6531294.78196255
566414.315152327 6531263.87736695
566383.062053579 6531218.27725966
566336.355221053 6531140.63366244
566277.502403281 6531032.21791684
566240.945245935 6530961.58368599
566094.088855544 6530687.64457612
566090.435637435 6530680.88087392
566084.651930132 6530670.23828318
565937.490062851 6530395.60236732
565930.530694065 6530399.7567562
565936.782167925 6530430.57796822
565935.899568975 6530444.57319923
565934.042859423 6530461.57394357
565930.113972055 6530469.69964172
565924.211073795 6530480.73926393
565911.314697259 6530491.8371075
565878.528465217 6530514.09101561
565867.604435151 6530522.07512189
565850.737573752 6530536.30333684
565840.829249992 6530546.27725641
565832.953171329 6530560.33070935
565827.175136075 6530574.36669614
565826.192628943 6530588.36276021
565819.265703386 6530596.41350397
565811.389624162 6530610.46695727
565809.507955247 6530624.4705072
565809.325611748 6530626.57020798
565807.667881955 6530643.4693843
565807.850902891 6530665.44882344
565797.044170721 6530687.51975255
565783.381657655 6530726.59974642
565776.580349587 6530749.73637943
565772.732987511 6530767.65292057
565769.827292056 6530778.66759271
565766.079758981 6530808.57292045
565764.782633673 6530808.78354593
565736.583189093 6530793.93136975
565698.511268583 6530781.35947717
565677.649948416 6530771.84153853
565667.475334147 6530761.83498015
565647.328336714 6530754.10953706
565626.826634672 6530751.78237416
565607.078512329 6530731.96407981
565597.748987303 6530715.4561104
565598.277717173 6530706.95906383
565611.898403494 6530698.85259615
565616.154466811 6530694.02131852
565611.80115056 6530675.17391369
565613.26406072 6530658.87584002
565624.472086985 6530637.00139925
565641.030991537 6530609.78699976
565649.537372734 6530587.43548306
565656.606711781 6530572.48952592
565660.608965829 6530549.17637148
565657.21645024 6530525.72495117
565650.840872139 6530503.99689367
565649.082637855 6530484.82814745
565649.75627545 6530469.735608
565650.335829504 6530455.34324612
565658.783976326 6530425.99827508
565659.818141672 6530406.20680282
565645.448275768 6530396.33508561
565636.536602901 6530394.01135151
565625.42365237 6530391.30628893
565607.666937735 6530382.66172788
565589.702922637 6530373.1196714
565558.714258693 6530383.26907806
565505.624477207 6530402.99433528
565462.681100295 6530417.33971157
565430.336164806 6530432.59599199
565392.212438309 6530449.798734
565374.90518326 6530459.13484898
565369.368632409 6530466.17488058
565360.137111112 6530485.4351128
565353.739664953 6530497.07832998
565344.986962041 6530501.8471256
565293.386706366 6530508.47131326
565250.717338631 6530507.72747084
565216.619993692 6530504.51434587
565193.616466524 6530501.70843637
565170.879468703 6530482.91415538
565152.74567241 6530464.98077594
565123.419068304 6530434.75130344
565101.995086942 6530405.65500718
565078.748575842 6530385.66600624
565041.307725852 6530376.88555735
565005.840804347 6530377.18079902
564960.334868392 6530383.7542418
564933.64635201 6530394.36740493
564910.923329946 6530401.25076002
564876.681822501 6530416.7226411
564856.269134282 6530425.08546507
564833.157297838 6530433.27093034
564795.982808615 6530432.48133273
564779.1943028 6530432.12151712
564763.833606633 6530435.24678652
    Pen (1,2,0)
    Brush (1,0,16777215)
Region 1
  108
567436.589947589 6532866.27270887
567445.465031577 6532864.20054107
567477.564368361 6532855.44061834
567516.908658366 6532840.82538126
567563.280613701 6532818.25845221
567598.664459866 6532795.98283888
567639.528213499 6532771.86315231
567687.307242673 6532738.29400502
567721.298210767 6532716.7293824
567725.881452216 6532715.19251635
567745.04535163 6532700.84521606
567752.590856453 6532695.08731279
567769.968078094 6532682.15367959
567790.8195787 6532666.49345021
567838.793421486 6532632.32319579
567893.172126663 6532599.39848746
567911.550911787 6532586.75625451
567991.481012029 6532514.65247969
567994.851223067 6532511.42718183
568020.598217206 6532483.73655451
568070.137275058 6532445.55671834
568143.906263866 6532401.48004815
568161.696406541 6532390.14159037
568184.358688768 6532375.96498229
568193.181339516 6532367.59868891
568213.500828291 6532348.04625377
568237.20139534 6532314.57767426
568247.776657598 6532288.71190708
568252.91611936 6532269.9852687
568254.857674069 6532263.17497704
568256.21476529 6532258.16799689
568259.074782116 6532217.67917568
568252.273007513 6532168.77815268
568251.234829479 6532164.09085867
568230.529463865 6532089.32807841
568226.834627379 6532077.56904179
568221.076749015 6532058.03392446
568196.417222562 6532060.33744537
568148.436954648 6532057.73956017
568117.449178368 6532055.99931676
568110.455696431 6532056.05754981
568095.461342764 6532055.18326827
568079.459593734 6532053.31823833
568071.458716294 6532052.38572293
568063.549424915 6532050.45330909
568046.423730907 6532045.60022929
568038.406211765 6532042.66958069
568028.382232672 6532038.75650326
567987.262284845 6532020.11531231
567942.029511582 6531999.51009452
567931.023105233 6531997.60346824
567922.123065706 6531996.67843892
567914.138830343 6531997.74405557
567899.186902737 6532001.96500955
567843.37125099 6532030.30564547
567845.502579982 6532034.28444212
567850.71432505 6532048.22894759
567855.776180783 6532068.16951601
567855.967557909 6532091.14804606
567851.280967491 6532116.26537798
567846.359615858 6532137.1882945
567845.3771877 6532139.19474635
567840.58991602 6532152.22337346
567834.587119203 6532163.26384996
567828.660099151 6532171.40620153
567818.860837407 6532182.47828916
567792.950700943 6532202.5768322
567726.295934088 6532237.10244673
567703.417178273 6532249.28257448
567680.538422023 6532261.46270193
567601.953055813 6532303.08160112
567599.963236835 6532304.09730485
567518.339053628 6532340.7458222
567500.414040665 6532347.88902134
567480.49920835 6532356.04792384
567455.555745048 6532360.25215131
567436.598380017 6532363.40740121
567410.605924292 6532361.62554595
567384.588507543 6532356.84649005
567368.56178896 6532351.98425021
567356.523029326 6532346.08967015
567338.448249423 6532335.24966652
567321.364219289 6532323.40227774
567306.161781413 6532309.54095075
567291.267385093 6532296.6761949
567276.048307304 6532280.81673457
567273.017816962 6532276.84542282
567255.800663951 6532249.01296767
567254.775801409 6532245.9241794
567243.537258857 6532216.14358858
567238.301455061 6532187.31215538
567236.588124101 6532173.53834584
567215.844467467 6532262.13458254
567215.970999196 6532265.33076396
567218.351869593 6532311.27119356
567219.650467949 6532347.22927593
567227.168131869 6532410.1122516
567234.544352239 6532456.01109484
567251.02036575 6532514.82294392
567252.550587637 6532518.60692045
567273.465839737 6532570.58768519
567311.838003844 6532655.19477176
567336.38991349 6532699.9514811
567352.289978405 6532725.59681124
567371.43033417 6532756.41067141
567410.339611933 6532821.53013681
567422.700500178 6532842.10934078
567436.589947589 6532866.27270887
    Pen (1,2,0)
    Brush (1,0,16777215)
Region 1
  293
565937.490062851 6530395.60236732
566084.651930132 6530670.23828318
566090.435637435 6530680.88087392
566094.088855544 6530687.64457612
566240.945245935 6530961.58368599
566277.502403281 6531032.21791684
566336.355221053 6531140.63366244
566383.062053579 6531218.27725966
566414.315152327 6531263.87736695
566434.555271181 6531294.78196255
566467.322784476 6531342.26782009
566467.931377485 6531343.36180199
566478.250003926 6531358.66257685
566492.208541348 6531379.12855102
566519.457954644 6531411.87314938
566550.74524421 6531449.57980706
566584.030673849 6531487.26982955
566616.258797969 6531517.97470765
566652.508159662 6531551.64351266
566698.789814281 6531590.22446952
566737.004039243 6531619.88037387
566772.096191715 6531646.56486493
566817.395491917 6531675.16264488
566854.552413313 6531697.83340245
566887.679778968 6531716.54116657
566931.838508035 6531740.15276294
567015.069103573 6531776.42781427
567015.984972093 6531766.42883346
567187.449843691 6531839.93639865
567188.047556951 6531851.72122223
567195.467295212 6531854.85667956
567203.187586355 6531858.08954803
567220.635459846 6531865.63762131
567254.877620356 6531886.23445514
567263.853373048 6531896.25099271
567270.955022761 6531909.18062755
567276.075174281 6531924.12503185
567278.164836363 6531935.0981256
567278.273000109 6531948.08598885
567276.416306029 6531965.08675448
567272.561472891 6531982.10415691
567266.84168868 6532003.13363006
567257.941522301 6532026.18785492
567251.172682721 6532053.22087766
567244.445444142 6532085.2492334
567236.777377376 6532124.27937382
567234.978860267 6532160.2632379
567236.588124101 6532173.53834584
567238.301455061 6532187.31215538
567243.537258857 6532216.14358858
567254.775801409 6532245.9241794
567255.800663951 6532249.01296767
567273.017816962 6532276.84542282
567276.048307304 6532280.81673457
567291.267385093 6532296.6761949
567306.161781413 6532309.54095075
567321.364219289 6532323.40227774
567338.448249423 6532335.24966652
567356.523029326 6532346.08967015
567368.56178896 6532351.98425021
567384.588507543 6532356.84649005
567410.605924292 6532361.62554595
567436.598380017 6532363.40740121
567455.555745048 6532360.25215131
567480.49920835 6532356.04792384
567500.414040665 6532347.88902134
567518.339053628 6532340.7458222
567599.963236835 6532304.09730485
567601.953055813 6532303.08160112
567680.538422023 6532261.46270193
567703.417178273 6532249.28257448
567726.295934088 6532237.10244673
567792.950700943 6532202.5768322
567818.860837407 6532182.47828916
567828.660099151 6532171.40620153
567834.587119203 6532163.26384996
567840.58991602 6532152.22337346
567845.3771877 6532139.19474635
567846.359615858 6532137.1882945
567851.280967491 6532116.26537798
567855.967557909 6532091.14804606
567855.776180783 6532068.16951601
567850.71432505 6532048.22894759
567845.502579982 6532034.28444212
567843.37125099 6532030.30564547
567837.385212639 6532019.36499457
567829.31776983 6532010.43994596
567816.213375954 6531996.56115854
567796.090533723 6531979.74340259
567770.955703216 6531960.96910704
567767.942685463 6531959.09583681
567745.820873463 6531942.19481131
567743.814413856 6531941.21238218
567728.636937707 6531930.34826307
567716.664804717 6531920.4565907
567704.584444344 6531909.56668376
567696.517003179 6531900.64163515
567694.50222306 6531898.66013959
567684.277659895 6531882.65918879
567675.220361993 6531862.85180362
567668.06878476 6531843.92777307
567663.938545605 6531827.87607936
567660.818192692 6531813.11485347
567660.726666179 6531802.12512396
567660.551101685 6531781.04482488
567661.34209639 6531768.04947631
567667.262518849 6531747.11824759
567676.012013124 6531717.97055191
567683.829834661 6531696.92361188
567722.977182857 6531598.68237889
567732.793973279 6531577.71870966
567739.670136325 6531563.5736464
567789.724028986 6531455.25025457
567815.250506569 6531401.08440164
567825.108065431 6531385.01615807
567834.108065582 6531373.9507315
567845.897138081 6531361.86294648
567869.700058482 6531340.68291061
567961.388342819 6531432.73913387
568047.058927143 6531522.04788589
568119.657549944 6531601.37421103
568121.892112805 6531605.75180033
568136.815622121 6531622.11327032
568165.073285576 6531655.94849402
568175.163822752 6531667.85409792
568181.216480954 6531674.79764704
568186.261749685 6531680.75044902
568240.578116141 6531604.36386301
568335.47350532 6531481.67914691
568376.044210914 6531434.38194962
568412.793385956 6531408.09841716
568442.724660098 6531402.95341361
568473.079169169 6531328.66471845
568479.090220999 6531330.61293431
568575.700770262 6531173.94333699
568651.73861678 6531066.40268373
568683.867390734 6530965.22248903
568631.674539051 6530936.68219797
568594.38449359 6530898.02645583
568585.25141949 6530881.11721394
568592.961084413 6530835.09280313
568627.670442458 6530815.82020325
568664.336376712 6530779.54601505
568664.045125508 6530744.57871723
568650.47469456 6530686.74189798
568647.044825658 6530622.82582816
568618.729754916 6530582.09708958
568588.616264739 6530565.36256282
568561.583141497 6530570.58334989
568548.795026631 6530582.67945781
568562.248851408 6530650.50859219
568553.756575264 6530698.53778346
568460.319043018 6530636.37036445
568402.589474646 6530662.82859509
568421.912930555 6530703.63221444
568468.852467648 6530701.24307018
568522.385546762 6530770.73673155
568519.596376984 6530795.73833119
568406.660116746 6530791.68309843
568389.609395576 6530783.83200282
568399.425327017 6530762.76843088
568349.130773246 6530722.22270975
568381.401024372 6530638.02666398
568363.359559299 6530631.1829542
568341.463284154 6530641.35663548
568299.544050816 6530646.70137546
568186.832474873 6530669.62089592
568181.73728434 6530657.67370588
568225.605265742 6530526.42176262
568207.52219814 6530514.58272464
568133.090903092 6530683.05715362
568082.138398532 6530695.47104994
567977.752686645 6530638.39042201
568009.931968521 6530435.29813477
568036.015971624 6530436.08007668
568058.662254881 6530276.02997593
568162.015518828 6530329.12261862
568273.444542798 6530392.13935549
568424.029631714 6530238.0178169
568375.699949621 6530193.45921583
568307.913160811 6530212.00810973
568330.992087147 6530103.90940572
568270.923243152 6530089.42259277
568189.898954974 6530078.10767866
568200.156439775 6529990.09844045
568132.952677617 6529958.68575394
568119.098875587 6529974.78726403
568122.237533436 6529991.74641149
568096.186902267 6529982.97112733
568078.628617367 6529914.17707056
568023.471952736 6529877.66838876
568014.322357594 6529834.78180414
568015.12161184 6529834.775149
568015.321425402 6529834.77348522
568057.964961709 6529832.4201313
568099.035426407 6529725.1707814
568132.21265524 6529749.87286524
568166.530409909 6529791.55073252
568241.127043939 6529870.8602933
568353.705922554 6529712.05962336
568375.568894494 6529697.88968659
568403.760155251 6529675.77389238
568454.189047566 6529636.48763774
568460.939430439 6529631.23592763
568465.802455292 6529615.30919941
568309.947747114 6529496.61105143
568278.776975866 6529472.89140279
568122.923139435 6529354.29315783
568040.567057741 6529291.03438121
568012.360142762 6529275.28311623
567987.674689065 6529310.45834689
567975.434364697 6529328.34484983
567958.060463649 6529353.66768873
567934.374074342 6529388.83460137
567923.509144614 6529403.91207754
567869.217775156 6529483.29571785
567793.204853939 6529593.83337888
567721.52458023 6529696.74154913
567711.255757644 6529711.41440955
567697.435222466 6529731.51216726
567673.765519312 6529756.68760407
567645.899730607 6529781.8979792
567578.474003971 6529843.80622804
567484.374700588 6529930.1156159
567440.740210741 6529969.44516347
567419.817965726 6529988.60291796
567405.980782047 6530006.70254633
567393.142665922 6530024.79385633
567381.302785356 6530042.77694148
567373.452520075 6530059.92750099
567370.505238384 6530065.94684652
567360.705926977 6530089.00852691
567357.758645155 6530095.02787253
567316.621501634 6530194.28469004
567301.844320358 6530219.48600079
567288.006300391 6530237.48572425
567269.223693143 6530261.62133711
567251.390231656 6530279.75424061
567249.408735904 6530281.76900766
567224.615077692 6530303.95640016
567194.851038362 6530329.18257966
567168.025960993 6530347.39034741
567152.124071686 6530357.51409205
567145.163874962 6530361.56858082
567138.195358005 6530364.62400431
567117.406354101 6530375.7875733
567113.326814702 6530377.81980856
567099.29819376 6530384.93055232
567089.449850991 6530390.10813548
567077.501800801 6530395.10337376
567061.574949798 6530402.22992178
567031.694423468 6530413.46918515
567017.749068324 6530418.58096581
566994.84454697 6530427.66396424
566967.953736254 6530437.97911315
566956.99726539 6530442.06687359
566949.129586094 6530445.12978253
566934.076935139 6530449.25164701
566915.144557787 6530455.40408245
566899.201065141 6530460.53249814
566872.392687854 6530468.74877633
566817.327317021 6530479.19858445
566673.752743369 6530503.37403989
566601.012179796 6530514.97013116
566542.017159522 6530521.45610627
566463.148998306 6530529.10666724
566367.296674279 6530536.89862396
566339.347719149 6530540.12871434
566303.414536578 6530544.42441044
566301.317397517 6530532.55216803
566270.377892899 6530536.60646207
566246.426042921 6530539.90318665
566222.448402493 6530540.10280823
566205.464240523 6530540.24420658
566185.457083258 6530537.31345475
566178.422839621 6530532.47625726
566170.405334598 6530529.54560141
566167.408129571 6530529.57055396
566138.343634285 6530518.82204296
566122.31694403 6530513.95979615
566104.292117251 6530509.11418411
566086.22569384 6530499.27324528
566073.187889641 6530493.38698029
566070.18236536 6530492.41286732
566058.126990952 6530484.52015418
566029.004262505 6530466.77818423
566005.992489961 6530450.98360835
565990.806727592 6530439.12041774
565978.718077116 6530427.23144321
565966.62027568 6530414.24349692
565952.467767115 6530394.47854178
565945.449331747 6530391.53956759
565937.490062851 6530395.60236732
    Pen (1,2,0)
    Brush (1,0,16777215)
Region 1
  135
565738.785967071 6530050.55696378
565747.84413143 6530058.47462866
565759.932776219 6530070.36360179
565773.053765663 6530086.24051768
565782.170164315 6530101.15163761
565793.342933088 6530123.03957834
565799.428851631 6530133.97939017
565822.26976518 6530177.25158154
565937.490062851 6530395.60236732
565945.449331747 6530391.53956759
565952.467767115 6530394.47854178
565966.62027568 6530414.24349692
565978.718077116 6530427.23144321
565990.806727592 6530439.12041774
566005.992489961 6530450.98360835
566029.004262505 6530466.77818423
566058.126990952 6530484.52015418
566070.18236536 6530492.41286732
566073.187889641 6530493.38698029
566086.22569384 6530499.27324528
566104.292117251 6530509.11418411
566122.31694403 6530513.95979615
566138.343634285 6530518.82204296
566167.408129571 6530529.57055396
566170.405334598 6530529.54560141
566178.422839621 6530532.47625726
566185.457083258 6530537.31345475
566205.464240523 6530540.24420658
566222.448402493 6530540.10280823
566246.426042921 6530539.90318665
566270.377892899 6530536.60646207
566301.317397517 6530532.55216803
566303.414536578 6530544.42441044
566339.347719149 6530540.12871434
566367.296674279 6530536.89862396
566463.148998306 6530529.10666724
566542.017159522 6530521.45610627
566601.012179796 6530514.97013116
566673.752743369 6530503.37403989
566817.327317021 6530479.19858445
566872.392687854 6530468.74877633
566899.201065141 6530460.53249814
566915.144557787 6530455.40408245
566934.076935139 6530449.25164701
566949.129586094 6530445.12978253
566956.99726539 6530442.06687359
566967.953736254 6530437.97911315
566994.84454697 6530427.66396424
567017.749068324 6530418.58096581
567031.694423468 6530413.46918515
567061.574949798 6530402.22992178
567077.501800801 6530395.10337376
567089.449850991 6530390.10813548
567099.29819376 6530384.93055232
567113.326814702 6530377.81980856
567103.111488039 6530350.92822907
567101.055110501 6530343.95140886
567096.967315963 6530332.99496421
567078.584721617 6530285.18956202
567059.169780007 6530233.3962189
567038.797306976 6530198.59613456
567024.710578138 6530174.73419437
566980.17749856 6530106.16470242
566851.798266968 6529927.38940214
566840.633801285 6529906.50053743
566833.515527029 6529891.57279019
566824.315917833 6529866.67103033
566821.143163586 6529845.61571568
566799.014745192 6529827.91545122
566756.230160587 6529741.34699996
566735.075089296 6529708.55170821
566656.806140605 6529620.1805134
566605.738948259 6529594.82802544
566566.489874605 6529572.87411184
566528.635477481 6529526.42980561
566500.060692984 6529490.49906093
566481.494747058 6529480.66229423
566421.332935532 6529419.01704916
566371.400576262 6529385.96177858
566351.531757308 6529363.64668598
566331.496547887 6529321.35030407
566314.436079079 6529276.33149627
566294.912053248 6529235.42964796
566293.694037548 6529233.14178103
566291.302931609 6529233.96099492
566273.67510825 6529252.79155339
566261.190780954 6529277.37426563
566239.431692674 6529316.02206606
566239.349256855 6529318.12093318
566224.135759178 6529350.9192642
566212.836926518 6529385.88309911
566212.155050185 6529387.98695688
566200.15762826 6529435.04612755
566182.881786469 6529484.14751194
566155.467866588 6529539.62784381
566154.878409354 6529540.83171187
566130.839760385 6529581.69659011
566107.970115439 6529606.96524747
566074.126532404 6529634.22362005
566043.781348568 6529661.65269409
566015.616716862 6529674.97582536
566016.731422885 6529688.85450746
566017.611374303 6529698.53878133
566016.960203809 6529716.32878752
566015.979288373 6529742.51426486
566017.136422907 6529761.48817798
566017.15306152 6529763.48630753
566023.255618968 6529776.42424506
566031.356312049 6529789.34554781
566052.519760249 6529811.15030705
566042.63723376 6529824.22132414
566036.701062311 6529831.26468256
566031.772277906 6529839.29878838
566010.308583005 6529901.42379264
565981.05949277 6529988.49205515
565980.177802126 6529990.59757717
565977.138926502 6529997.61681568
565972.201821785 6530004.65185725
565965.249942626 6530009.7054037
565959.272173569 6530011.75343788
565951.279630125 6530011.81997689
565842.056778246 6529973.76303357
565773.91218329 6529949.35198496
565764.89561506 6529946.42964541
565756.878114747 6529943.49898857
565723.950470247 6529948.76878123
565728.004975291 6529955.72896671
565734.007623852 6529968.66773899
565741.20915402 6529981.59653071
565746.304322623 6529993.54372375
565748.368179274 6530001.41970229
565748.45968928 6530012.40941666
565747.57792053 6530026.50454968
565745.820361774 6530031.41493898
565738.785967071 6530050.55696378
    Pen (1,2,0)
    Brush (1,0,16777215)
Region 1
  89
565531.596946944 6529898.41512902
565535.718081848 6529901.37822363
565539.739309986 6529904.34214993
565607.09280439 6529953.73814866
565615.13526136 6529959.6660011
565623.178550305 6529965.69376002
565687.608965259 6530012.01677557
565717.664115789 6530033.74752065
565736.771192989 6530048.57546826
565738.785967071 6530050.55696378
565745.820361774 6530031.41493898
565747.57792053 6530026.50454968
565748.45968928 6530012.40941666
565748.368179274 6530001.41970229
565746.304322623 6529993.54372375
565741.20915402 6529981.59653071
565734.007623852 6529968.66773899
565728.004975291 6529955.72896671
565723.950470247 6529948.76878123
565756.878114747 6529943.49898857
565764.89561506 6529946.42964541
565773.91218329 6529949.35198496
565842.056778246 6529973.76303357
565951.279630125 6530011.81997689
565959.272173569 6530011.75343788
565965.249942626 6530009.7054037
565972.201821785 6530004.65185725
565977.138926502 6529997.61681568
565980.177802126 6529990.59757717
565981.05949277 6529988.49205515
566010.308583005 6529901.42379264
566031.772277906 6529839.29878838
566036.701062311 6529831.26468256
566042.63723376 6529824.22132414
566052.519760249 6529811.15030705
566031.356312049 6529789.34554781
566023.255618968 6529776.42424506
566017.15306152 6529763.48630753
566017.136422907 6529761.48817798
566015.979288373 6529742.51426486
566016.960203809 6529716.32878752
566017.611374303 6529698.53878133
566016.731422885 6529688.85450746
566015.616716862 6529674.97582536
566015.396105065 6529672.47982707
566015.364491705 6529668.68338119
566013.240734898 6529653.61413909
566008.012456262 6529625.6819151
566005.947766625 6529617.70603259
565989.471014935 6529558.79439078
565966.77690319 6529473.15772531
565965.752877883 6529470.16884903
565937.271513854 6529409.45879932
566075.284996282 6529305.39903447
566073.27022283 6529303.41754057
566035.397923703 6529194.82726749
565893.379861652 6529297.92122529
565899.548969386 6529318.85167436
565918.963849668 6529370.64499664
565903.061963094 6529380.76871935
565892.163732669 6529391.84991969
565882.272888703 6529403.92186719
565874.371860268 6529414.97811552
565865.413453424 6529431.03883558
565857.753757515 6529459.07834947
565851.983970355 6529486.10299641
565851.126405477 6529491.10580484
565847.105101218 6529500.13148699
565840.294726979 6529510.17952222
565832.277152422 6529519.23847366
565810.430772862 6529535.40648761
565781.624196278 6529555.62898067
565770.69268682 6529562.71392281
565750.827802708 6529576.86717246
565745.857422064 6529579.90595253
565721.080390148 6529604.09143448
565704.237664863 6529621.21692612
565692.415234434 6529641.29802581
565682.583451789 6529660.46333309
565673.798986909 6529685.41489865
565664.024604913 6529711.47375295
565653.242835777 6529736.54186008
565640.546199504 6529759.62764061
565631.562830188 6529772.69116855
565622.68019936 6529785.85377131
565582.133537829 6529836.04810641
565542.47854707 6529885.33579822
565536.642279365 6529892.37832287
565531.596946944 6529898.41512902
    Pen (1,2,0)
    Brush (1,0,16777215)
Region 1
  233
562023.125129442 6527665.58050196
562032.116723778 6527665.50567124
562034.114855853 6527665.48904219
562068.066468734 6527663.20822156
562086.04134117 6527662.05949636
562101.027331699 6527661.93477776
562101.063203386 6527654.24116039
562066.709806272 6527620.25682313
561994.16914437 6527547.8239603
561985.103537299 6527539.00712993
561985.894699914 6527514.02224029
562006.667067639 6527500.86064821
562006.101569472 6527432.92436671
561983.531788308 6527350.18423309
561981.4679593 6527342.30826538
561979.527322056 6527337.2288423
561952.846784361 6527300.78273809
561951.130077153 6527298.59893446
561943.028610262 6527285.57772714
561938.907605853 6527270.62504268
561937.850327451 6527263.63991745
561936.759784675 6527252.65854102
561936.610094943 6527234.67541065
561937.46778699 6527217.68302882
561942.355006088 6527204.65364038
561948.257922956 6527193.61406307
561957.166352796 6527183.54860512
561968.064597667 6527172.46745544
561986.99611652 6527166.21519712
562005.937614573 6527161.16181384
562030.914255524 6527160.95395047
562042.919675543 6527162.85230138
562013.481898759 6527107.24581693
562007.3960275 6527096.30601444
562003.232497779 6527088.24769621
561995.2650344 6527079.32181678
561986.206915147 6527071.40414601
561973.127585387 6527060.52254525
561956.06030977 6527050.6732651
561936.020786087 6527043.8461162
561930.018076727 6527042.8969404
561911.993316549 6527038.05128754
561881.938189813 6527028.31009455
561906.856615586 6527021.10879492
561924.781582439 6527013.96569615
561932.649251769 6527010.90282393
561942.69823299 6527005.82353455
561949.641794942 6526999.7709574
561956.568724598 6526991.72025501
561961.389413639 6526970.69836776
561967.142639001 6526941.67566564
561970.073306392 6526933.65822151
561971.047423472 6526930.65271928
561973.623371723 6526928.03353888
561978.981734188 6526923.59276521
561987.956690958 6526921.51980943
562090.918645684 6526927.65684788
562200.8740598 6526933.73567577
562210.947988313 6526931.65357231
562218.82397279 6526929.5897611
562226.774914803 6526924.52793065
562229.7554785 6526922.5048614
562233.726791303 6526919.47441487
562247.505688559 6526906.37102703
562264.423380392 6526886.24759416
562274.339187324 6526877.17288392
562277.319750834 6526875.14981463
562282.281812414 6526871.11199077
562290.257702945 6526869.04734773
562305.285266042 6526873.91793913
562321.918096743 6526867.58489481
562316.067075601 6526848.84991341
562292.513909583 6526780.00593422
562286.370654403 6526762.17260457
562275.131444784 6526732.29219329
562266.914380604 6526705.38402564
562261.73609433 6526683.44622629
562258.52184166 6526657.39564204
562257.315699182 6526632.52730366
562258.098539156 6526606.54336769
562259.963607842 6526590.54174078
562260.878677813 6526580.44289651
562267.673372987 6526556.50710393
562275.457985031 6526531.46402844
562283.259229511 6526508.4190779
562162.650780134 6526470.85636586
562126.989257531 6526459.76305799
562122.984680945 6526458.79725431
562066.870712168 6526439.28162833
562018.807478757 6526426.69291933
561959.779479191 6526417.19285509
561900.751480568 6526407.69278836
561867.740753981 6526402.97185464
561815.731160023 6526396.4107697
561811.726583895 6526395.44496515
561786.683430263 6526387.66032771
561741.433294753 6526472.96307579
561731.584014825 6526490.03027729
561725.689415422 6526502.06891031
561722.783695343 6526513.08353813
561719.877975211 6526524.09816603
561720.002714168 6526539.08410012
561721.450839597 6526593.02514987
561718.461959969 6526594.04915518
561635.888931913 6526624.71028041
561633.80004242 6526625.82670894
561604.934425624 6526638.95572656
561587.983580168 6526643.093318
561579.008624787 6526645.16627075
561562.032831756 6526646.30667481
561545.048722908 6526646.4480163
561523.052656381 6526644.63280381
561506.03528452 6526640.77789542
561491.007727456 6526635.90729618
561476.962604249 6526629.03025798
561463.899083378 6526620.04687463
561461.876837364 6526617.16622216
561452.810409077 6526608.24948847
561439.672878791 6526590.3744505
561427.517782644 6526570.49297396
561419.367263167 6526551.57730346
561414.255517777 6526537.63200219
561412.124336507 6526521.66363424
561412.082758072 6526516.66832297
561411.058864168 6526501.68987198
561411.800024714 6526482.70020686
561416.628204801 6526462.57748571
561424.446927363 6526441.63057274
561432.389671706 6526423.58010894
561433.272198841 6526421.57450186
561445.086349414 6526400.49442664
561457.799658101 6526379.40686889
561469.738661563 6526361.32314906
561481.602705413 6526346.23744715
561495.489826194 6526334.1323033
561508.494419767 6526324.03276639
561519.434239805 6526317.94693765
561556.208146365 6526318.64003701
561563.293191822 6526317.58194392
561571.285711553 6526317.5154301
561609.24186443 6526316.2004267
561604.22159208 6526313.24481165
561552.012424207 6526282.7062269
561546.789844401 6526279.45255594
561534.936846603 6526271.85788559
561521.882476307 6526263.9734736
561482.752629391 6526244.3164854
561453.688274129 6526233.56791336
561425.639615663 6526224.80915076
561397.532629499 6526221.04652923
561340.702468624 6526223.5177246
561222.746287338 6526216.50628244
561124.763089651 6526208.32949009
561077.723886248 6526198.72962249
561035.663377108 6526187.09006018
560952.558056726 6526165.80074218
560919.497448693 6526155.08541459
560912.628847239 6526158.13996536
560903.286668219 6526248.1395146
560900.53893203 6526278.13631727
560898.67052058 6526293.73831295
560897.741304006 6526302.1387481
560886.991900973 6526331.10309338
560870.349677026 6526360.31630246
560845.547548602 6526393.49402651
560810.942940124 6526425.3545377
560802.912045787 6526432.81493835
560669.044390989 6526554.82380193
560658.129510199 6526563.90681122
560650.195194564 6526570.96675535
560633.377388281 6526591.08933073
560632.386638176 6526592.09670653
560536.566580277 6526723.78027882
560523.720086361 6526740.87241394
560509.89198823 6526760.07089357
560486.188814295 6526793.23947496
560474.298978122 6526805.22807859
560458.413711812 6526817.34984199
560430.052600552 6526831.07411602
560333.030367393 6526878.34106948
560170.825502453 6526956.92379788
560162.863756581 6526960.68686222
560156.020104686 6526966.73862224
560153.937868663 6526968.654306
560152.981209895 6526973.75784181
560153.071373316 6527104.64336456
560367.070859073 6527126.84162337
560369.07730512 6527127.82405942
560391.106637478 6527133.63554252
560405.151760085 6527140.51259463
560417.223696306 6527150.40346134
560448.510697272 6527188.11012976
560466.718382067 6527214.93518247
560477.832828519 6527229.82967629
560487.865060045 6527234.74185613
560494.866834773 6527235.68272512
560513.815822863 6527231.52851953
560546.743415307 6527226.25886294
560558.740518421 6527227.15816442
560574.758829319 6527231.02140021
560859.507942108 6527350.54600998
560896.605588685 6527366.12350319
560906.656116598 6527373.2336188
561048.056966074 6527316.00564094
561116.668079295 6527288.4581221
561208.374358844 6527250.72708943
561318.661226473 6527416.6643616
561319.567869769 6527417.55603561
561432.936071048 6527581.56932688
561447.988586181 6527589.4371198
561457.030074209 6527595.35667114
561463.090995815 6527603.29929085
561469.060444542 6527600.25221708
561476.045590677 6527599.19495526
561483.047368269 6527600.13581948
561491.064843335 6527603.06649563
561497.217356048 6527610.00922078
561510.113623055 6527610.9010315
561526.106994652 6527611.76706822
561540.127181631 6527615.64692225
561548.15297272 6527619.57666116
561554.197263441 6527625.52115451
561562.314528401 6527640.44058714
561564.337607821 6527643.421148
561570.381898732 6527649.36564139
561577.425255725 6527655.30182059
561587.474126691 6527662.21212029
561614.615226272 6527681.96889872
561614.673437136 6527688.96234048
561840.345940743 6527673.09642534
561842.343241225 6527672.97989026
561990.164266344 6527666.85394383
562023.125129442 6527665.58050196
    Pen (1,2,0)
    Brush (1,0,16777215)
Region 1
  136
561340.702468624 6526223.5177246
561397.532629499 6526221.04652923
561425.639615663 6526224.80915076
561453.688274129 6526233.56791336
561482.752629391 6526244.3164854
561521.882476307 6526263.9734736
561534.936846603 6526271.85788559
561546.789844401 6526279.45255594
561552.012424207 6526282.7062269
561604.22159208 6526313.24481165
561609.24186443 6526316.2004267
561571.285711553 6526317.5154301
561563.293191822 6526317.58194392
561556.208146365 6526318.64003701
561519.434239805 6526317.94693765
561508.494419767 6526324.03276639
561495.489826194 6526334.1323033
561481.602705413 6526346.23744715
561469.738661563 6526361.32314906
561457.799658101 6526379.40686889
561445.086349414 6526400.49442664
561433.272198841 6526421.57450186
561432.389671706 6526423.58010894
561424.446927363 6526441.63057274
561416.628204801 6526462.57748571
561411.800024714 6526482.70020686
561411.058864168 6526501.68987198
561412.082758072 6526516.66832297
561412.124336507 6526521.66363424
561414.255517777 6526537.63200219
561419.367263167 6526551.57730346
561427.517782644 6526570.49297396
561439.672878791 6526590.3744505
561452.810409077 6526608.24948847
561461.876837364 6526617.16622216
561463.899083378 6526620.04687463
561476.962604249 6526629.03025798
561491.007727456 6526635.90729618
561506.03528452 6526640.77789542
561523.052656381 6526644.63280381
561545.048722908 6526646.4480163
561562.032831756 6526646.30667481
561579.008624787 6526645.16627075
561587.983580168 6526643.093318
561604.934425624 6526638.95572656
561633.80004242 6526625.82670894
561635.888931913 6526624.71028041
561718.461959969 6526594.04915518
561721.450839597 6526593.02514987
561720.002714168 6526539.08410012
561719.877975211 6526524.09816603
561722.783695343 6526513.08353813
561725.689415422 6526502.06891031
561731.584014825 6526490.03027729
561741.433294753 6526472.96307579
561786.683430263 6526387.66032771
561811.726583895 6526395.44496515
561815.731160023 6526396.4107697
561867.740753981 6526402.97185464
561900.751480568 6526407.69278836
561959.779479191 6526417.19285509
562018.807478757 6526426.69291933
562066.870712168 6526439.28162833
562122.984680945 6526458.79725431
562126.989257531 6526459.76305799
562162.650780134 6526470.85636586
562283.259229511 6526508.4190779
562287.164009832 6526497.39613389
562297.945816393 6526472.32811503
562311.708184948 6526445.23702773
562334.420556293 6526413.0757966
562363.102367295 6526377.86749033
562410.608398483 6526323.51902123
562430.398418688 6526300.37429479
562432.379915618 6526298.35954078
562433.270757584 6526297.35299527
562440.297586769 6526289.30146265
562442.270767162 6526286.28764652
562448.206941299 6526279.2443224
562473.941450498 6526250.05533407
562511.615669588 6526214.87210041
562512.605586265 6526213.7648172
562528.482509106 6526200.64397127
562543.368683331 6526188.53050228
562578.985613889 6526158.26013346
562582.066081692 6526156.23623294
562595.961506672 6526145.13014071
562617.791233546 6526126.96409421
562650.560772696 6526102.71221017
562705.210767029 6526066.38855651
562751.941427655 6526038.92316754
562795.857239762 6526009.38302978
562832.333187426 6525998.28882578
562870.339439884 6525978.98900882
562882.578034695 6525972.8923602
562882.754664649 6525958.1037495
562883.523352429 6525930.42142004
562889.693332914 6525747.4291755
562889.240895594 6525693.08021777
562886.306495083 6525652.639839
562875.765793964 6525622.65372984
562857.712981568 6525590.43214367
562837.67857041 6525572.21488251
562724.124777565 6525493.92891213
562604.706566417 6525407.29904802
562613.78474451 6525405.6248828
562530.31662876 6525364.75573456
562479.352926168 6525339.80197394
562448.248871665 6525324.074754
562420.092111508 6525302.32822042
562408.02849309 6525293.43644657
562383.234851228 6525315.62366947
562065.30779211 6525303.28267139
561728.582534393 6525289.19969221
561578.509194495 6525264.77096454
561506.473461322 6525252.98122962
561470.31577329 6525242.29169782
561430.386589423 6525234.63094294
561401.496887178 6525244.86266657
561390.573707345 6525252.9466127
561382.630256844 6525258.90758761
561361.783792265 6525275.16707168
561343.092621097 6525310.29218718
561337.331073946 6525338.3157904
561340.660892111 6525378.25330436
561352.049749671 6525426.11679834
561372.563237363 6525489.89045092
561399.137638711 6525561.60671391
561405.406442659 6525594.52586087
561402.575563219 6525614.532035
561390.736472511 6525632.6149133
561518.590483084 6525760.43879937
561408.891898321 6525893.23699164
561321.847351071 6525998.87012412
561335.675902524 6526099.76720027
561340.702468624 6526223.5177246
    Pen (1,2,0)
    Brush (1,0,16777215)
Region 1
  307
561440.846709421 6529972.42900078
561508.091938079 6530008.83735774
561565.146795361 6530033.34090704
561578.251216527 6530035.23012197
561615.150202613 6530026.92998103
561642.19999526 6530023.70747331
561763.128675363 6530039.68638868
561861.254378928 6530064.94718159
561898.302221355 6530074.53029346
561985.404086873 6530095.7863699
562062.465378621 6530111.13119648
562133.39920476 6530110.54086764
562215.68132215 6530140.92916183
562324.878181803 6530187.87891041
562346.483440758 6530142.7380655
562349.322633176 6530123.73088806
562348.535131759 6530113.14662034
562344.786627119 6530058.92483571
562353.046395034 6529970.93229854
562365.384765365 6529892.79724902
562366.085273881 6529856.92251057
562465.650243524 6529815.02947754
562528.533403782 6529795.52258472
562589.07723112 6529759.04988265
562627.234158985 6529661.81633423
562655.591688251 6529587.64442459
562723.945181174 6529517.13617753
562695.530506934 6529464.41858025
562676.282091811 6529432.60650262
562672.002948766 6529410.66117689
562758.023713932 6529290.04921923
562838.265138482 6529327.34846048
562858.787078251 6529392.121343
562834.109797351 6529428.29553851
562876.370035435 6529463.91262477
562902.703413853 6529506.65620398
562952.222541912 6529562.09563664
563024.405641661 6529603.55839265
563039.466507922 6529612.42524557
563074.008875948 6529561.08201456
563150.667823004 6529600.10959041
563155.283494769 6529602.46909498
563199.784096674 6529547.14635617
563219.424446611 6529506.01840466
563234.011136662 6529469.9281847
563234.251176711 6529438.7532161
563232.518864902 6529410.69197863
563228.479447784 6529393.54050061
563211.814982941 6529396.0771216
563182.329084834 6529406.71352545
563170.220714278 6529368.44757321
563141.942526112 6529320.12504193
563100.975250722 6529283.79781277
563059.405210529 6529247.07594687
563038.024441947 6529235.16438337
562996.523331934 6529218.7243531
562960.327259785 6529203.43912853
562923.652551444 6529178.66611893
562894.041176562 6529162.22704253
562862.902924469 6529142.40362002
562836.60177988 6529127.53560576
562848.50741828 6529117.44518281
562854.484356151 6529115.29725748
562856.482490536 6529115.28062729
562861.4778265 6529115.23905182
562869.487829362 6529117.27056584
562888.544125881 6529126.00425014
562919.674061131 6529144.82860759
562940.738473123 6529154.74453815
562963.674499135 6529161.44766411
562995.819409497 6529170.17232486
563021.870010126 6529178.94770773
563043.891074292 6529183.76009409
563067.901956163 6529187.55678537
563086.875916959 6529186.39973128
563098.831455971 6529182.30369108
563111.761111121 6529175.20214276
563121.592825991 6529168.02646533
563126.630681444 6529161.09051411
563127.617273141 6529159.58360246
563128.703771558 6529158.07585929
563132.446998055 6529151.65025009
563138.462296317 6529142.10841662
563146.271859206 6529120.06248147
563150.259081477 6529106.94064766
563153.964049304 6529095.91934335
563141.167570059 6529107.01631697
563134.23231894 6529114.06797348
563118.329582292 6529124.0917538
563108.356375989 6529126.27294147
563097.374953747 6529127.36347371
563081.364095816 6529124.39941891
563070.350237358 6529121.59360053
563058.303212181 6529114.69993408
563008.03464086 6529077.25116272
563006.027357912 6529076.16882254
562992.923047948 6529062.29002186
562979.802104457 6529046.41309289
562963.683959916 6529030.56110954
562963.17444608 6529029.36639016
562947.698990019 6529018.70455117
562926.485604004 6529002.89497505
562912.382228584 6528989.02448954
562902.283438649 6528976.11980762
562879.096975036 6528951.33445336
562857.966864102 6528933.5259174
562835.837686732 6528915.72569645
562786.583167169 6528880.06692309
562782.563612239 6528877.30280403
562773.496326824 6528868.28615688
562765.428940202 6528859.36110111
562756.345853248 6528848.44623239
562746.22211586 6528832.5443588
562720.921090198 6528793.7887393
562711.978768932 6528775.77885385
562704.661568383 6528760.95266917
562679.776379005 6528772.15024698
562662.833824668 6528777.28692108
562645.865488597 6528779.32649677
562631.60410273 6528746.47379631
562624.470083419 6528729.64782077
562610.291864826 6528706.78576017
562596.255136458 6528688.91818768
562581.027844875 6528672.05965704
562571.97802721 6528665.14104413
562553.878392179 6528651.30381823
562522.732673157 6528630.58123867
562503.609022773 6528613.75513591
562490.49640662 6528598.8772717
562476.342309794 6528578.91249704
562467.201843468 6528561.10408875
562456.994947031 6528535.21157901
562436.530533736 6528465.34267615
562432.302128362 6528449.49165402
562414.169341184 6528419.66857834
562396.844124597 6528390.83791494
562391.707521216 6528361.9058118
562395.063202403 6528308.9238444
562378.145711959 6528305.06810964
562355.09981839 6528297.16693398
562335.036155193 6528287.44249936
562320.948595396 6528275.47023637
562306.83858164 6528260.80050175
562298.745421419 6528248.77835051
562293.633659723 6528234.8330345
562290.536663832 6528222.86921627
562290.511714728 6528219.87202571
562264.502720894 6528216.0919536
562242.465044124 6528209.28143181
562230.40971592 6528201.38869967
562220.335888157 6528191.48121118
562210.370283501 6528182.57195472
562203.07720948 6528170.64305829
562201.117442642 6528163.26578635
562196.999759006 6528148.7127182
562194.718872192 6528114.76119004
562189.1912977 6528050.86270445
562185.07028803 6528035.91001214
562177.911329719 6528016.08685333
562172.832003741 6528006.03788645
562165.75537687 6527996.1054552
562159.694448936 6527988.16283607
562152.651087311 6527982.22665826
562132.561650339 6527969.40512684
562060.271282166 6527927.04405292
562048.206810002 6527918.05235134
562000.968779638 6527884.57488827
561987.865324673 6527870.79599732
561976.76665527 6527857.79972804
561960.63190626 6527839.94962129
561920.203558865 6527784.33465955
561906.158306764 6527789.44720904
561861.466557976 6527809.80179015
561798.808133923 6527844.29374496
561782.889602851 6527852.41928027
561748.962817034 6527869.68687375
561720.222858674 6527885.91216899
561705.236749811 6527898.02647378
561702.364405494 6527901.04777498
561696.412419263 6527906.19288328
561683.423610812 6527918.19065311
561680.542950509 6527920.21289102
561678.56144981 6527922.22764609
561671.626197315 6527929.27928885
561666.680761361 6527935.31523983
561664.699260617 6527937.3299949
561656.781573444 6527946.3880785
561648.854738709 6527954.34719246
561611.306843944 6528004.71620516
561609.333658832 6528007.73002359
561580.618526052 6528038.94209901
561557.814632074 6528060.11365569
561542.928426228 6528072.2271286
561534.977474248 6528077.2889587
561526.918299803 6528081.35255679
561512.157064908 6528084.4727961
561507.061826451 6528084.51519812
561500.068361902 6528084.57339695
561484.074984346 6528083.7073593
561481.077785257 6528083.73230161
561443.080000661 6528080.05198334
561419.094092343 6528079.25245749
561404.13304396 6528082.3743584
561389.188626818 6528087.49438592
561379.247857053 6528093.57190658
561371.296904301 6528098.63373575
561353.445928045 6528114.66849612
561345.512437863 6528121.82835838
561333.598481662 6528130.91969708
561318.661547712 6528136.93888104
561314.574522613 6528138.07193812
561304.708711972 6528141.15143672
561282.745882161 6528143.33247068
561262.797816213 6528147.49500327
561250.842281457 6528151.59102418
561238.895062161 6528156.68610843
561222.909879105 6528168.80872372
561204.160571752 6528184.95087163
561191.280809502 6528198.04677716
561171.473274067 6528219.09348122
561103.153861025 6528293.69774198
561037.805861989 6528365.17996448
561018.981588783 6528384.320134
561016.992602484 6528385.43573144
561003.104622756 6528397.44098064
560992.173097452 6528404.52587691
560978.227741517 6528409.63758704
560966.288834031 6528415.73173325
560950.320398705 6528417.86287967
560934.344479565 6528419.09486865
560917.351200159 6528418.13723113
560906.344836769 6528416.23055421
560899.343055157 6528415.2896862
560892.341273556 6528414.34881815
560875.315564795 6528409.49483203
560851.270612686 6528401.6019439
560741.067288558 6528365.75089756
560595.786051776 6528316.90326892
560558.745754851 6528308.21929363
560543.72649693 6528304.34774052
560540.729297343 6528304.37268069
560511.789627845 6528308.61002281
560371.012710194 6528320.77189924
560303.018684261 6528326.43325477
560264.179108512 6528329.65392242
560214.259089603 6528334.06593829
560176.352828489 6528341.37541772
560140.461326072 6528350.66639005
560129.504871369 6528354.75412759
560114.561303282 6528359.97410156
560102.708184441 6528364.36904297
560097.826901508 6528366.10820257
560081.691107041 6528372.13740707
560052.809686572 6528383.36828831
560034.901350194 6528392.50955948
560017.009642764 6528403.64895778
560004.088315799 6528411.74958223
559987.220616485 6528425.87785476
559963.39272056 6528444.06059763
559934.660959144 6528473.27462357
559905.937510955 6528503.48771332
559899.002257692 6528510.53937479
559896.038320775 6528514.56057916
559857.340716886 6528558.84455797
559817.852172775 6528604.13425419
559843.153196009 6528630.90023467
559862.201815377 6528650.72433033
559887.502008974 6528677.39040439
559892.439831945 6528682.4448793
559896.469350397 6528686.40786879
559900.540441406 6528695.36617761
559904.021239355 6528705.42844663
559904.636475999 6528707.32167809
559918.065955939 6528748.27425781
559955.903430976 6528864.75795338
559961.023475496 6528879.70233056
560011.249805387 6529032.15161877
560057.396738515 6529174.6435458
560074.821527515 6529227.45256697
560093.195495563 6529274.25888751
560097.266589695 6529283.21719939
560104.335712084 6529292.25046771
560114.42531239 6529304.05616605
560219.059831095 6529391.10888773
560221.066277152 6529392.09131856
560349.028681703 6529520.91374346
560427.512914878 6529599.19223258
560429.63590139 6529602.17196812
560599.682730041 6529865.52743884
560609.698226278 6529880.43110632
560619.880276179 6529891.3368525
560629.954104437 6529901.24436536
560639.994672662 6529907.15561944
560652.041691647 6529914.04931134
560664.055450498 6529916.94674437
560680.048850485 6529917.81279415
560706.978779745 6529912.19338166
560720.04494868 6529909.48690707
561468.931080094 6529745.39189667
561595.390829743 6529717.66264646
561570.04481027 6529769.52879083
561542.519965913 6529823.71107629
561518.875801456 6529863.97310767
561496.212408683 6529902.02888329
561477.462960327 6529930.16066246
561459.671000494 6529953.28880409
561440.846709421 6529972.42900078
    Pen (1,2,0)
    Brush (1,0,16777215)
Region 1
  530
558576.846486943 6533397.2225444
558442.599623283 6533221.59269138
558475.27791776 6533186.35092169
558516.872860513 6533154.03234423
558556.552944191 6533119.73143188
558584.56011587 6533123.4948603
558610.61917666 6533121.27968502
558720.842236442 6533051.42183057
558769.513927474 6533017.04607244
558766.392018139 6533002.08501381
558749.066997949 6532961.26463385
558803.109429118 6532863.89859269
558808.137336975 6532855.76373921
558837.960571246 6532837.63096364
558853.970747492 6532828.50547486
558861.896641572 6532832.43604684
558876.957488944 6532841.30291038
558878.006439381 6532847.28899617
558881.244741387 6532876.23699041
558892.700891534 6532932.19317357
558898.086146144 6532979.00783775
558958.204980109 6532987.4996505
558999.450725843 6532913.22024915
559004.471150277 6532904.1862344
559015.203032961 6532885.11331682
559089.958565906 6532863.509205
559138.572043166 6532822.13997061
559067.85659474 6532728.90971679
559060.3717698 6532669.9230791
559087.263471421 6532659.70787685
559135.960079967 6532628.32931699
559189.419376186 6532556.94567408
559214.729751009 6532500.78338135
559304.737466151 6532499.03502422
559348.671517116 6532495.67190877
559381.532678845 6532482.40960457
559405.94318899 6532414.16525883
559428.182627061 6532325.15696455
559457.522789191 6532248.97841914
559466.480311708 6532244.80739942
559425.512421665 6532124.35291982
559527.857847057 6532188.44480065
559626.331164968 6532243.47677365
559686.525495871 6532273.04968519
559720.609372342 6532286.65394747
559750.598868525 6532288.50249047
559779.588465499 6532290.25944272
559836.435560958 6532277.79659802
559886.358323664 6532261.69459013
559942.803560734 6532224.95608976
559953.926604175 6532216.87041105
560001.499257608 6532182.50378109
560048.869738763 6531907.74682942
560050.206905357 6531900.34209602
560056.595512205 6531863.62064451
560059.651180074 6531846.60990596
560068.299394417 6531805.27362307
560083.602675286 6531723.21713419
560091.320832007 6531690.18141994
560100.162775268 6531672.12338007
560139.626460502 6531623.83637066
560180.222506008 6531567.54685409
560212.775991386 6531517.31910099
560230.31007675 6531475.20946114
560239.135516889 6531443.16366963
560161.234522162 6531326.91336692
560096.520964137 6531234.53252767
560127.051366116 6531181.32422574
560158.663147955 6531137.99835831
560198.244182154 6531091.80857325
560224.045313574 6531070.61195769
560380.90024568 6530949.41031656
560396.75230608 6530933.29225862
560422.486958767 6530904.1032182
560505.768470111 6530826.47687121
560547.513286282 6530788.16239855
560581.181316924 6530763.80310269
560649.835035395 6530741.35078191
560742.565594815 6530706.6085825
560760.299372509 6530676.48698213
560779.01558743 6530644.3589382
560814.499768799 6530586.11386982
560833.257556949 6530558.98115295
560856.019932682 6530532.81424728
560883.794279319 6530508.60390411
560904.799782698 6530499.4369014
560919.627693075 6530492.31957298
560966.466655769 6530477.84201484
560991.336094468 6530464.74623381
561022.057749646 6530434.51655724
561026.214754029 6530429.78603389
561086.398475341 6530362.04348208
561187.347148009 6530246.30300315
561228.825586722 6530199.99766668
561288.145881883 6530136.55857745
561289.135802754 6530135.45129219
561289.333953239 6530135.24981644
561303.990436507 6530119.54135879
561304.28683067 6530119.13923867
561440.846709421 6529972.42900078
561459.671000494 6529953.28880409
561477.462960327 6529930.16066246
561496.212408683 6529902.02888329
561518.875801456 6529863.97310767
561542.519965913 6529823.71107629
561570.04481027 6529769.52879083
561595.390829743 6529717.66264646
561468.931080094 6529745.39189667
560720.04494868 6529909.48690707
560706.978779745 6529912.19338166
560680.048850485 6529917.81279415
560664.055450498 6529916.94674437
560652.041691647 6529914.04931134
560639.994672662 6529907.15561944
560629.954104437 6529901.24436536
560619.880276179 6529891.3368525
560609.698226278 6529880.43110632
560599.682730041 6529865.52743884
560429.63590139 6529602.17196812
560427.512914878 6529599.19223258
560349.028681703 6529520.91374346
560221.066277152 6529392.09131856
560219.059831095 6529391.10888773
560114.42531239 6529304.05616605
560104.335712084 6529292.25046771
560097.266589695 6529283.21719939
560093.195495563 6529274.25888751
560074.821527515 6529227.45256697
560057.396738515 6529174.6435458
560011.249805387 6529032.15161877
559961.023475496 6528879.70233056
559955.903430976 6528864.75795338
559918.065955939 6528748.27425781
559904.636475999 6528707.32167809
559904.021239355 6528705.42844663
559900.540441406 6528695.36617761
559896.469350397 6528686.40786879
559892.439831945 6528682.4448793
559887.502008974 6528677.39040439
559862.201815377 6528650.72433033
559843.153196009 6528630.90023467
559817.852172775 6528604.13425419
559857.340716886 6528558.84455797
559896.038320775 6528514.56057916
559899.002257692 6528510.53937479
559905.937510955 6528503.48771332
559934.660959144 6528473.27462357
559963.39272056 6528444.06059763
559987.220616485 6528425.87785476
560004.088315799 6528411.74958223
560017.009642764 6528403.64895778
560034.901350194 6528392.50955948
560052.809686572 6528383.36828831
560081.691107041 6528372.13740707
560097.826901508 6528366.10820257
560102.708184441 6528364.36904297
560114.561303282 6528359.97410156
560129.504871369 6528354.75412759
560140.461326072 6528350.66639005
560176.352828489 6528341.37541772
560214.259089603 6528334.06593829
560264.179108512 6528329.65392242
560303.018684261 6528326.43325477
560371.012710194 6528320.77189924
560511.789627845 6528308.61002281
560540.729297343 6528304.37268069
560543.72649693 6528304.34774052
560558.745754851 6528308.21929363
560595.786051776 6528316.90326892
560741.067288558 6528365.75089756
560851.270612686 6528401.6019439
560875.315564795 6528409.49483203
560892.341273556 6528414.34881815
560899.343055157 6528415.2896862
560906.344836769 6528416.23055421
560917.351200159 6528418.13723113
560934.344479565 6528419.09486865
560950.320398705 6528417.86287967
560966.288834031 6528415.73173325
560978.227741517 6528409.63758704
560992.173097452 6528404.52587691
561003.104622756 6528397.44098064
561016.992602484 6528385.43573144
561018.981588783 6528384.320134
561037.805861989 6528365.17996448
561103.153861025 6528293.69774198
561171.473274067 6528219.09348122
561191.280809502 6528198.04677716
561204.160571752 6528184.95087163
561222.909879105 6528168.80872372
561238.895062161 6528156.68610843
561250.842281457 6528151.59102418
561262.797816213 6528147.49500327
561282.745882161 6528143.33247068
561304.708711972 6528141.15143672
561314.574522613 6528138.07193812
561318.661547712 6528136.93888104
561333.598481662 6528130.91969708
561345.512437863 6528121.82835838
561353.445928045 6528114.66849612
561371.296904301 6528098.63373575
561379.247857053 6528093.57190658
561389.188626818 6528087.49438592
561404.13304396 6528082.3743584
561419.094092343 6528079.25245749
561443.080000661 6528080.05198334
561481.077785257 6528083.73230161
561484.074984346 6528083.7073593
561500.068361902 6528084.57339695
561507.061826451 6528084.51519812
561512.157064908 6528084.4727961
561526.918299803 6528081.35255679
561534.977474248 6528077.2889587
561542.928426228 6528072.2271286
561557.814632074 6528060.11365569
561580.618526052 6528038.94209901
561609.333658832 6528007.73002359
561611.306843944 6528004.71620516
561648.854738709 6527954.34719246
561656.781573444 6527946.3880785
561664.699260617 6527937.3299949
561666.680761361 6527935.31523983
561671.626197315 6527929.27928885
561678.56144981 6527922.22764609
561680.542950509 6527920.21289102
561683.423610812 6527918.19065311
561696.412419263 6527906.19288328
561702.364405494 6527901.04777498
561705.236749811 6527898.02647378
561720.222858674 6527885.91216899
561748.962817034 6527869.68687375
561782.889602851 6527852.41928027
561798.808133923 6527844.29374496
561861.466557976 6527809.80179015
561906.158306764 6527789.44720904
561920.203558865 6527784.33465955
561939.976979111 6527759.19179104
561950.825332573 6527742.11625814
561962.639487372 6527721.03615828
561973.521104681 6527707.95687818
561989.38973593 6527693.83696251
562005.266682972 6527680.7161099
562013.209314447 6527674.65521513
562014.200064337 6527673.6478375
562023.125129442 6527665.58050196
561990.164266344 6527666.85394383
561842.343241225 6527672.97989026
561840.345940743 6527673.09642534
561614.673437136 6527688.96234048
561614.615226272 6527681.96889872
561587.474126691 6527662.21212029
561577.425255725 6527655.30182059
561570.381898732 6527649.36564139
561564.337607821 6527643.421148
561562.314528401 6527640.44058714
561554.197263441 6527625.52115451
561548.15297272 6527619.57666116
561540.127181631 6527615.64692225
561526.106994652 6527611.76706822
561510.113623055 6527610.9010315
561497.217356048 6527610.00922078
561491.064843335 6527603.06649563
561483.047368269 6527600.13581948
561476.045590677 6527599.19495526
561469.060444542 6527600.25221708
561463.090995815 6527603.29929085
561457.030074209 6527595.35667114
561447.988586181 6527589.4371198
561432.936071048 6527581.56932688
561319.567869769 6527417.55603561
561318.661226473 6527416.6643616
561208.374358844 6527250.72708943
561116.668079295 6527288.4581221
561048.056966074 6527316.00564094
560906.656116598 6527373.2336188
560896.605588685 6527366.12350319
560859.507942108 6527350.54600998
560574.758829319 6527231.02140021
560558.740518421 6527227.15816442
560546.743415307 6527226.25886294
560513.815822863 6527231.52851953
560494.866834773 6527235.68272512
560487.865060045 6527234.74185613
560477.832828519 6527229.82967629
560466.718382067 6527214.93518247
560448.510697272 6527188.11012976
560417.223696306 6527150.40346134
560405.151760085 6527140.51259463
560391.106637478 6527133.63554252
560369.07730512 6527127.82405942
560367.070859073 6527126.84162337
560153.071373316 6527104.64336456
560152.981209895 6526973.75784181
560153.937868663 6526968.654306
560156.020104686 6526966.73862224
560162.863756581 6526960.68686222
560170.825502453 6526956.92379788
560333.030367393 6526878.34106948
560430.052600552 6526831.07411602
560458.413711812 6526817.34984199
560474.298978122 6526805.22807859
560486.188814295 6526793.23947496
560509.89198823 6526760.07089357
560523.720086361 6526740.87241394
560536.566580277 6526723.78027882
560632.386638176 6526592.09670653
560633.377388281 6526591.08933073
560650.195194564 6526570.96675535
560658.129510199 6526563.90681122
560669.044390989 6526554.82380193
560802.912045787 6526432.81493835
560810.942940124 6526425.3545377
560845.547548602 6526393.49402651
560870.349677026 6526360.31630246
560886.991900973 6526331.10309338
560897.741304006 6526302.1387481
560898.67052058 6526293.73831295
560900.53893203 6526278.13631727
560903.286668219 6526248.1395146
560912.628847239 6526158.13996536
560919.497448693 6526155.08541459
560895.453370486 6526147.29244863
560825.368327142 6526129.79138662
560712.233696108 6526101.85793778
560690.229325427 6526099.04365096
560614.43344272 6526115.66047171
560247.76622339 6526237.50826523
560107.439505916 6526303.71966647
560106.664808884 6526342.69223738
560125.070828141 6526501.40091343
560006.830817523 6526580.31743506
559982.86992264 6526582.51515448
559807.126204994 6526594.96852206
559750.179584843 6526595.44255047
559713.125452444 6526344.96899462
559710.028623736 6526321.01562008
559571.092175691 6526326.16864792
559402.267105727 6526329.57218549
559315.290399715 6526323.30223876
559200.206067238 6526301.18022935
559164.182422802 6526294.58607019
559105.17949215 6526288.08326668
559059.13804527 6526398.37094796
559036.741558495 6526468.49656784
558934.368700176 6526653.18887291
558922.488424802 6526702.34512141
558920.847381733 6526709.25278901
558877.736001214 6526931.51878487
558850.74240301 6527049.54111167
558759.036369972 6527075.28271346
558683.390177929 6527109.88282676
558715.175892499 6527207.53320107
558730.818771118 6527274.34484855
558746.236897563 6527338.16097332
558811.173217488 6527577.41221662
558852.374530671 6527725.94000213
558935.327305153 6527969.0378764
558969.501936214 6528113.62765542
558994.643422502 6528253.29697256
559005.091330551 6528308.16231324
559022.258196373 6528341.98993999
558991.594938137 6528367.22348986
558820.894756752 6528505.52552639
558771.066213226 6528520.92726583
558692.431055623 6528556.55143206
558674.547648429 6528568.68987832
558636.033044144 6528622.96363318
558625.409123932 6528667.01391551
558589.717126472 6528700.28238375
558529.164887206 6528747.74563437
558531.728332642 6528815.66535557
558523.410135391 6528896.66438336
558512.294263653 6529001.66590208
558409.688352767 6529158.38472566
558357.336442576 6529230.7580711
558311.695333809 6529269.10502239
558263.956332239 6529295.47983118
558197.451374037 6529335.99869901
558133.644037714 6529364.50550898
558065.006950508 6529400.94567025
557985.223701972 6529430.68448809
557911.592260952 6529455.2765197
557783.136744963 6529507.30144543
557698.515420121 6529543.97453814
557635.68234403 6529557.48621414
557606.692811599 6529555.72921481
557578.702345013 6529553.96390005
557565.171083182 6529728.92494112
557564.413085894 6529757.90613383
557565.327484022 6529867.80326258
557578.863150191 6529933.53354509
557551.048073504 6529952.84849918
557611.823311459 6530052.25610458
557659.468549296 6530134.6877952
557570.151937907 6530207.46872312
557434.844184748 6530276.5359604
557441.962182787 6530303.45334819
557436.275506661 6530328.47903461
557435.492568098 6530354.46304454
557483.45451703 6530474.95914696
557549.873496012 6530652.25231885
557531.906922681 6530654.40011648
557280.407309089 6530688.36561385
556898.181235272 6530741.60324294
556878.781754574 6530811.70411801
556830.508920294 6530906.02451823
556751.340138723 6530985.6150171
556715.61478193 6531014.88723535
556706.697826397 6531035.94327524
556706.790759122 6531059.12243218
556706.064651583 6531067.9208623
556721.424697584 6531112.75410932
556741.796703616 6531159.54391801
556737.083978984 6531193.55372806
556757.356241818 6531228.3547485
556787.79373044 6531284.05301085
556828.438008251 6531365.6438467
556847.835891212 6531415.43917434
556852.389074068 6531482.34334171
556860.872029158 6531541.221726
556873.422389812 6531572.59004209
556883.316990816 6531596.98651309
556892.549649869 6531625.88460224
556910.832100878 6531661.70132567
556949.336123909 6531726.22477524
556997.94054715 6531803.85275682
557077.731358663 6531907.09880898
557102.872631739 6531926.67245938
557115.945296053 6531936.75484713
557310.236806531 6532099.9952512
557313.316977853 6532121.95060152
557306.404229022 6532251.79586507
557293.374046343 6532366.90484232
557287.895797828 6532368.94870668
557218.660076611 6532393.50417889
557107.02215172 6532425.40648595
557069.049257434 6532424.72337302
557012.378285198 6532338.270183
556987.110659526 6532303.51071207
556900.308126944 6532318.22100341
556920.488976929 6532342.03231508
556931.561845676 6532351.93152308
556942.692900089 6532368.82419801
556953.882140346 6532392.71034009
556958.036344309 6532411.65935013
556820.415164157 6532442.87865009
556809.000667737 6532391.91779715
556756.133188793 6532402.34912472
556760.586624557 6532457.26453941
556722.680226104 6532464.57395092
556731.046812173 6532509.46544279
556618.326678627 6532531.38535867
556552.522010937 6532548.01907238
556503.824514206 6532579.29763265
556487.048153794 6532604.4156454
556456.642248476 6532672.60993452
556410.818103397 6532688.97745437
556370.912728982 6532696.20357908
556341.982142666 6532701.53992781
556300.112709269 6532712.87885324
556250.30143109 6532730.37859794
556236.567485015 6532736.88735941
556233.382934353 6532738.41256458
556239.485395159 6532751.35055215
556279.064120435 6532824.95726913
556331.821908098 6532921.43445046
556406.833497466 6533050.69794456
556385.39425805 6533115.82022646
556365.928218179 6533177.92868112
556364.254239957 6533216.90893575
556379.880274865 6533293.71241341
556393.883858897 6533295.59415094
556409.226464109 6533338.32943217
556427.368455206 6533357.26196637
556449.372069882 6533359.97635104
556461.195488183 6533339.99513896
556502.616099552 6533274.70656171
556516.353703409 6533244.61814163
556428.061637845 6533200.391756
556451.914605168 6533185.20620685
556476.641962689 6533155.02633362
556504.266782025 6533112.83271077
556536.844551058 6533065.50227487
556550.69934975 6533049.50070707
556570.630015394 6533043.24011278
556600.577963181 6533040.09339097
556629.509387294 6533034.85694162
556654.394665641 6533023.65934556
556692.119047557 6532994.47036057
556734.295039274 6533031.98663702
556748.998617433 6532985.90399976
556756.642057601 6532943.87666444
556756.601328473 6532938.98123546
556758.808055689 6532843.94501107
556780.936343835 6532861.6453958
556809.318380088 6532910.4667876
556821.932222897 6532865.40068117
556850.797145224 6532852.17169139
556865.79148144 6532853.04604209
556911.840055997 6532863.65331529
556916.060758234 6532890.59486866
556866.373332024 6532922.98073861
556884.722297136 6532966.79003257
556934.801229361 6532981.46022313
556939.513124959 6532947.35046104
556936.258241579 6532916.40432374
556953.925607054 6532878.29011325
556990.724888924 6532858.0011349
557054.257956153 6532808.51471874
557117.815955631 6532762.02550259
557240.68471996 6532759.0046654
557269.808153416 6532776.84665101
557324.897386696 6532793.27357197
557441.006104422 6532830.37433789
557450.886491219 6532925.11013613
557576.403342623 6532880.10350528
557677.726415095 6532809.32068367
557786.97399399 6532850.37515423
557876.406472195 6532911.5772616
557944.92517793 6532968.95688561
558000.164743421 6533015.4565316
558115.689406456 6533090.42937149
558168.847863862 6533114.96533478
558208.91036143 6533126.6215236
558272.259024699 6533175.05194193
558322.585716905 6533219.49428504
558343.898151692 6533235.20316485
558354.656354459 6533243.30653994
558388.049890989 6533270.00527928
558576.846486943 6533397.2225444
    Pen (1,2,0)
    Brush (1,0,16777215)
Region 1
  27
585421.340453284 6516467.19484873
585681.874678231 6516175.27402497
586843.491280234 6516167.37792295
588216.127377108 6515417.66680949
590512.346449441 6515325.6615689
590490.380643657 6515076.0635574
589200.286603193 6514270.94818603
588640.335720588 6513260.21228182
588779.944396871 6512497.71449409
589917.716343088 6510913.89872299
589630.244411686 6510192.53494208
589328.104390037 6509940.38126301
587792.946838702 6510035.12403348
586396.095678936 6510732.08024189
585677.159937441 6510448.43488462
584538.308226009 6508860.8437691
583802.58608509 6508876.37458396
583151.51798802 6509314.62592509
582446.726072861 6509013.57539173
582880.507463398 6510482.76103689
582450.475421656 6511463.88897115
583554.813617916 6512447.30459089
583661.761590473 6513578.21967627
584236.793744019 6514085.6726598
584426.231426848 6515930.57534926
585046.356643528 6516381.90138816
585421.340453284 6516467.19484873
    Pen (1,2,0)
    Brush (1,0,16777215)
Region 1
  33
558387.401707772 6589350.97166008
559615.842875517 6588877.02584486
559930.946956265 6588728.62227463
560186.02841557 6588127.99052111
560788.477401392 6587929.33405088
561113.686453277 6587974.3871229
561026.23725124 6587600.22364153
560930.571455852 6586467.95290157
561697.682682256 6584734.69043689
563452.822243822 6583966.00210917
563782.293823339 6583276.02687468
563257.282338508 6582419.6093308
563528.601261134 6582209.02286815
562955.014393337 6581242.80147769
561468.660141566 6581280.75299367
560974.251835394 6580355.6375803
559534.97019495 6579231.9561171
559162.843860606 6579287.8091416
558842.797663424 6579250.50531002
558824.621770951 6579599.36812055
558246.008479588 6579936.10795625
558296.37249632 6580620.32244518
557727.97776178 6580948.38466073
556908.504721382 6583113.22153517
556875.723758199 6583891.85261491
557472.716243958 6585233.17566344
556962.816321804 6585806.55068457
556221.444881498 6586036.73593588
556131.777813643 6586403.68104914
557728.91402746 6587260.97359205
557702.628513575 6588015.67249521
558248.783717063 6588999.41500837
558387.401707772 6589350.97166008
    Pen (1,2,0)
    Brush (1,0,16777215)
Region 1
  16
579382.201579165 6503953.62291732
578975.063293473 6502479.82544711
579120.144467906 6500947.07252329
580470.847638238 6499077.75598598
580218.339083681 6498786.22291847
579436.34018861 6497972.07446016
577447.161325254 6499548.67721448
576259.899938914 6501261.06590281
576030.020258809 6501538.73807154
576369.754620128 6502226.19386797
575914.620664138 6502833.05441476
575969.927685075 6503570.9397497
576997.683865898 6504058.23207757
577681.433679479 6503705.23802968
578282.018749508 6504150.63157482
579382.201579165 6503953.62291732
    Pen (1,2,0)
    Brush (1,0,16777215)
Region 1
  37
553639.665593231 6567558.52958724
554872.143619171 6568219.72058383
553951.868311166 6569654.18539388
554335.554640958 6569631.01110363
554843.14234234 6570208.30532928
555055.519705596 6571294.63351632
556443.488870937 6571777.67719896
556219.146750509 6572493.94954493
556416.858766327 6574014.64074827
556804.722554833 6574672.76550947
557132.722260989 6574873.36820167
558226.001148797 6576718.93552216
558253.856374082 6577855.76275863
558842.797663424 6579250.50531002
559162.843860606 6579287.8091416
559806.383980706 6578852.80897463
559955.819260415 6578092.39313077
560762.84607257 6577264.45658133
560609.123382293 6575100.03041278
562688.680490107 6574067.26403203
563859.382409154 6574963.46618556
564152.189994733 6573926.6867452
564070.98750624 6573546.67891249
563700.349896626 6572881.81954564
563750.154134137 6571364.86599675
563046.840052583 6571053.08555387
562426.562976069 6568068.44055487
561199.108786369 6566691.51182514
560816.006310623 6566676.71503886
558623.322822882 6566662.28716186
558094.441804567 6566107.55316508
557353.294990852 6566003.41100313
556361.687451528 6566574.69070212
555457.112629468 6567758.73495051
554851.610442216 6567313.6459062
554186.663148941 6567121.14114028
553639.665593231 6567558.52958724
    Pen (1,2,0)
    Brush (1,0,16777215)
Region 1
  20
568213.358864773 6581445.61242472
569157.468758492 6582618.5716759
570206.197188058 6582618.02671296
570949.755640465 6583465.32541193
571249.612194481 6583693.43620589
572931.19050741 6582120.51004117
573319.368716088 6582072.51161802
573345.398558279 6581695.40624899
572432.440332271 6581082.92856012
572481.845402954 6579291.79978082
572216.912964269 6579034.02317388
570670.493889803 6577452.42932239
569932.553831279 6577494.04960598
569771.309416002 6577161.16981808
569466.713380254 6577287.10591171
568577.259354494 6577156.23019232
568470.5212833 6577512.52507653
568482.300385989 6579680.03352422
567787.058945894 6580504.74510941
568213.358864773 6581445.61242472
    Pen (1,2,0)
    Brush (1,0,16777215)
Region 1
  28
518479.561826176 6518218.01346754
518938.385224796 6517196.29872478
520019.805877674 6516745.81552372
522119.207037328 6517508.32000461
522499.36345722 6517410.35051737
523888.491784204 6517438.79473326
524007.680314455 6516690.86129032
523013.749307437 6515558.80514723
523285.09638218 6514086.84607883
522820.440518339 6513489.2271865
522748.513133634 6513117.04997372
522053.059954554 6513073.75952666
521213.680804439 6512409.90656847
520570.640808301 6512722.96982811
519555.464007076 6512414.16759532
519188.062966404 6512532.01410718
518061.062974667 6512461.63013259
517412.767366573 6512875.94792921
517177.168290698 6513610.46038487
516218.192832118 6514127.26611932
515634.85382312 6515543.96515313
515947.439928925 6516189.90537786
516877.87485768 6515990.45811457
517286.399919765 6516988.59339428
517078.044214487 6517285.46295618
517515.008933584 6518243.09830005
518124.667889741 6518229.74926568
518479.561826176 6518218.01346754
    Pen (1,2,0)
    Brush (1,0,16777215)
Region 1
  26
526834.192803651 6510015.85456776
528594.704001348 6511321.89086742
528949.108864718 6511432.05111148
529368.327085492 6510816.50953679
530097.62365313 6510652.39648611
530871.297882818 6509852.47285846
531182.301394741 6509645.07179959
530455.178786759 6508843.41588092
530842.684843034 6506971.64425943
530707.354755959 6505858.54887754
532336.975848163 6504890.6665638
532200.62823599 6504136.46476381
531814.071626824 6504112.69661504
530698.079626573 6503850.79697839
530100.221280309 6504839.38989356
529033.058470579 6505091.72970765
528727.182591773 6504400.17965212
529639.848681268 6503831.00297265
529711.380883311 6503457.33883421
528615.83851188 6501988.13234897
526719.602674876 6501626.39449371
525996.064228527 6503001.18960064
524724.594301933 6504423.38882142
524976.530629563 6504719.33658576
525809.676869956 6506017.07679154
526834.192803651 6510015.85456776
    Pen (1,2,0)
    Brush (1,0,16777215)
Region 1
  11
589138.218208096 6521271.95261256
590925.156880162 6519715.47766452
591283.301570049 6519710.38893191
591386.508000738 6519374.81882384
590909.929302289 6518441.7160398
590068.631404455 6517827.18252732
589787.583826586 6518055.43157621
588008.480270469 6518203.96618054
587722.529264064 6519245.54609521
587688.489635961 6521428.42806951
589138.218208096 6521271.95261256
    Pen (1,2,0)
    Brush (1,0,16777215)
Region 1
  16
554087.574608337 6513316.23737355
554991.735304307 6514981.14105077
555341.767676894 6515154.17340376
556821.093351635 6515145.35880648
557603.345775597 6516711.56595385
558354.221530395 6516631.68062906
558819.10686892 6516018.44608437
559205.507384965 6516011.23302273
559135.22480816 6514600.95818339
559170.813147522 6514243.07644951
559162.247194269 6513849.99368234
555853.175234674 6512085.81521087
553922.752458898 6512118.66502331
553224.968774278 6512238.87037696
553834.735425527 6513068.46146206
554087.574608337 6513316.23737355
    Pen (1,2,0)
    Brush (1,0,16777215)
Region 1
  27
572252.51677962 6494241.7444695
572930.056661543 6495194.24301549
572786.392783716 6497485.40066911
573180.554343005 6498146.32460853
573924.106426517 6498387.70698291
574773.062985397 6499575.96818311
577059.562240295 6499495.55926402
577447.161325254 6499548.67721448
579436.34018861 6497972.07446016
580218.339083681 6498786.22291847
580510.874440779 6498114.57745548
581466.019305591 6497778.30192158
581475.853099406 6497411.94549039
581333.038047469 6496652.01375577
580879.476151678 6496033.05143102
579338.676824895 6495928.70762774
579245.064440108 6494023.68664991
578187.017795426 6492418.85114151
577852.622420921 6492587.3919308
577199.252703271 6493480.04865829
576475.028108327 6493471.60080567
575812.215809077 6493123.54321714
574748.088472536 6491184.15631311
574403.865669462 6491036.66025175
574405.077241473 6492896.48781493
572591.239759621 6494076.86606292
572252.51677962 6494241.7444695
    Pen (1,2,0)
    Brush (1,0,16777215)
Region 1
  21
556068.449941361 6501620.08131746
557692.419908222 6502378.97837263
557537.801867208 6503501.07063466
558548.316570087 6504619.559538
559283.840272791 6504821.05234465
559458.470015472 6506644.18286035
559758.964705183 6506879.67056439
561893.423980983 6505793.24769551
562310.925944124 6504385.61524295
561623.337363655 6502189.19321519
560421.641966904 6501269.22336769
560226.755096504 6500529.90343916
559636.946597406 6500021.76895051
559601.921632233 6499666.97595336
558870.864491823 6498957.49775749
557880.893122054 6498590.47192799
557183.449544078 6498738.35075362
556942.401557753 6499018.8095791
556166.561734513 6500227.29937662
555883.846395894 6501299.70311285
556068.449941361 6501620.08131746
    Pen (1,2,0)
    Brush (1,0,16777215)
Region 1
  25
534816.19829128 6561635.07847443
535222.165364958 6562069.13914167
536889.056770783 6561324.10073079
538848.162156328 6562281.00639672
541638.724102522 6561285.83061001
542552.366520276 6560290.3650071
542907.156450295 6560169.01529401
543996.922609815 6559062.37761255
544194.157912252 6558305.87196885
544262.284796731 6557919.62969571
543930.022237743 6557842.259162
543386.185456111 6557097.61029885
543191.68372813 6556560.88052281
542697.366016652 6556099.78142928
541772.801566075 6556526.51303793
541480.448850044 6556790.82223177
537586.346373192 6556609.76105035
535559.489370165 6555494.05777545
535124.764357257 6555482.68229843
535168.574949837 6555861.19886657
534149.627024273 6557831.7119104
534797.390371765 6559576.46066107
535519.843588243 6560389.77083459
535372.221045421 6561129.37847128
534816.19829128 6561635.07847443
    Pen (1,2,0)
    Brush (1,0,16777215)
Region 1
  24
584099.994212657 6531724.9795524
584981.803399546 6532895.10701966
584774.962871596 6533970.60801079
585439.210912949 6534176.68349771
587290.72751607 6534202.1978306
587638.778034121 6534052.61937373
587821.192537721 6533067.54375868
589596.330378795 6532477.42297605
590730.338629309 6532463.96004336
591704.146172213 6532026.9989242
591935.022313168 6530599.99947981
591560.727998771 6529604.48721833
591349.950849663 6529310.10319347
590375.753379773 6529724.08583806
588617.605282849 6529524.1472295
588244.172138283 6529589.21063616
587143.786809796 6529752.26164418
586152.324044932 6529210.9105984
585604.271240558 6530165.56315998
585815.665215921 6531012.96610933
585815.976606683 6531014.3623038
585816.387070454 6531015.65775778
585870.55630958 6531233.11770659
584099.994212657 6531724.9795524
    Pen (1,2,0)
    Brush (1,0,16777215)
Region 1
  22
538314.484507367 6548562.01141298
539253.726086782 6551019.51710961
540609.812056968 6550375.5834834
541166.386813589 6550886.32132061
541802.196427271 6550580.09167266
542803.739631053 6551012.39370445
542669.644834546 6551732.30004825
542409.677477577 6552010.02783405
543081.092497628 6552224.76048983
543923.197521114 6551434.4227804
543711.058810184 6549149.12350453
545248.302620703 6547498.03316577
545111.811481013 6547136.67576159
544804.364742927 6546907.22899289
542342.913969735 6545998.88203976
541792.094773459 6545483.00439596
540671.622734966 6545455.04916151
540154.097259094 6545699.24566737
539148.021074326 6546163.61759345
539038.956070107 6546841.94697037
539357.684678007 6547503.23433025
538314.484507367 6548562.01141298
    Pen (1,2,0)
    Brush (1,0,16777215)
Region 1
  12
541166.386813589 6550886.32132061
541207.116036977 6552901.07807858
541370.07131352 6553224.84895744
542052.322687361 6553132.55163102
542216.869258137 6553455.41001092
542509.644261795 6553266.03440986
542413.052623117 6552632.27358252
542409.677477577 6552010.02783405
542669.644834546 6551732.30004825
542803.739631053 6551012.39370445
541802.196427271 6550580.09167266
541166.386813589 6550886.32132061
    Pen (1,2,0)
    Brush (1,0,16777215)
Region 1
  26
556370.024356558 6549276.14496257
557952.11552197 6550828.65660851
557932.653445324 6551551.20862089
558534.276507911 6551279.32728324
559166.936223425 6551494.97562081
560173.740169177 6550698.2615222
559648.636199362 6549684.39231648
559709.44361726 6548923.62898945
560749.637982042 6548465.3510794
561094.987758142 6548278.63208177
561270.712689874 6547531.80031607
560399.331722514 6546245.34936622
560619.282828634 6544737.99863361
560203.40223632 6544073.62916207
559914.897850602 6544211.51529975
559445.97861707 6542924.91812673
558902.010097335 6542560.76022478
558655.587334401 6542844.7707913
558211.091784792 6543867.90136979
558423.671337536 6545315.59798676
557816.342317098 6545045.7864196
557495.648378297 6544377.42661927
556688.12612295 6545624.39089626
556934.91980675 6546345.12290798
556365.548985545 6547754.47032545
556370.024356558 6549276.14496257
    Pen (1,2,0)
    Brush (1,0,16777215)
Region 1
  37
604392.419321346 6516788.30009571
606680.350517496 6518561.80261248
607039.376092827 6518494.65849102
608384.021315798 6517755.45724524
609022.628121541 6516818.63418881
610576.862811624 6516721.91616759
612132.384058018 6517783.07350501
612485.069714416 6517949.57686792
613190.124223938 6517085.43196255
613419.533346425 6516787.77236353
612484.860613587 6514805.22884234
613165.475359423 6514662.95788116
613849.087957287 6513791.80015042
613539.62787529 6513584.97130872
612931.574808145 6513156.53554102
612956.445497756 6512785.15315725
612583.65351084 6512687.35859343
611876.019702454 6512812.47025057
611598.723960918 6512544.92527533
611054.386315079 6510786.1240036
610360.549967401 6511103.55040754
608884.872580685 6510879.89236967
608441.146257876 6510256.35210801
608401.446355404 6508721.83362699
608123.593601015 6508961.34712903
607782.564840472 6509603.63484239
606758.696299206 6509224.93178853
606687.673193269 6508867.93986458
606189.227847764 6509754.83065456
605494.354565605 6509960.06559832
605483.553851934 6511824.41848504
606191.291447846 6513182.60356698
606097.50272818 6513556.76037306
604760.779692216 6514239.04896471
605287.420279446 6515662.29536922
605033.083321553 6516360.71272477
604392.419321346 6516788.30009571
    Pen (1,2,0)
    Brush (1,0,16777215)
Region 1
  32
590068.631404455 6517827.18252732
590909.929302289 6518441.7160398
591386.508000738 6519374.81882384
591283.301570049 6519710.38893191
591404.208288054 6520070.96396509
592094.668407511 6520270.01871897
592990.502741048 6519111.04005283
594052.095400768 6519496.42835333
594428.83842129 6519445.22298634
595071.901995037 6518514.85757041
595730.701428996 6518894.81712141
596101.575080723 6518810.78902282
596090.424950186 6518420.7226444
597005.164533825 6516319.60813397
598145.885384941 6516082.67468107
598747.175880838 6515115.6912243
599607.144717861 6514460.37199859
599275.202933316 6514288.99852726
598326.022915298 6513749.21049988
596846.251163133 6513872.47884312
596529.559088234 6513218.00086982
595219.723444491 6512513.77171251
595255.254399872 6512904.13229002
592286.250231577 6513752.71186189
591623.908982579 6514168.98402452
591541.182560007 6514552.14001526
590490.380643657 6515076.0635574
590512.346449441 6515325.6615689
590462.009450898 6515675.0764783
590597.355480806 6516365.14199422
589898.369401946 6517143.50239737
590068.631404455 6517827.18252732
    Pen (1,2,0)
    Brush (1,0,16777215)
Region 1
  28
553655.356389115 6511201.70011442
553922.752458898 6512118.66502331
555853.175234674 6512085.81521087
559162.247194269 6513849.99368234
559170.813147522 6514243.07644951
560538.820055498 6513463.86454392
560760.292880849 6513135.80826096
562031.700425816 6512406.65751305
562083.157178814 6510906.55020481
562792.61990196 6510641.07261098
562611.077176909 6510304.68194078
562752.145837554 6509199.68124202
562362.17391326 6508549.60473713
560857.396758157 6508428.74964066
559758.964705183 6506879.67056439
559458.470015472 6506644.18286035
559283.840272791 6504821.05234465
558548.316570087 6504619.559538
557537.801867208 6503501.07063466
557250.961239396 6503765.72560076
557898.531829989 6505428.55662048
557512.763749212 6507672.88452329
557610.569005854 6509185.03359741
556281.997458355 6509923.94928789
555199.745304913 6509490.34699912
554835.840977988 6509595.28542349
554533.993030853 6510614.60006128
553655.356389115 6511201.70011442
    Pen (1,2,0)
    Brush (1,0,16777215)
Region 1
  165
556212.730751808 6538781.38951094
557278.402654237 6539175.97589777
558207.788006798 6540422.26884165
558590.050382848 6540505.11375472
558596.263000388 6540123.18837586
560513.949834009 6538890.96572051
560796.108452265 6537858.99901394
560927.164132054 6537555.16771237
561437.809528487 6536737.21556628
561445.039621111 6536717.57218758
561481.813990133 6536694.28585836
561581.005867729 6536607.53406602
561589.334025159 6536599.77135628
561677.168071679 6536516.91082943
561561.357955754 6536407.76901355
561522.261847515 6536392.20798958
561498.217550236 6536384.41493692
561495.095549986 6536369.45377041
561468.153860215 6536373.67454651
561409.80002107 6536325.20213987
561390.093166687 6536346.34814098
561374.157832145 6536364.46532726
561358.772442798 6536316.63448903
561329.691190488 6536303.88763351
561311.516551867 6536281.05858507
561251.705287145 6536297.54260275
561221.733105394 6536297.79201942
561205.82280923 6536306.91670669
561130.767576079 6536292.55413555
561121.859191762 6536290.62998055
561083.894343421 6536302.93562315
561033.699385399 6536286.36788508
561002.894586218 6536294.61737072
560938.76260813 6536272.17074551
560890.424471891 6536226.61239855
560862.250795828 6536202.86740508
560850.31183412 6536208.96161162
560803.955211129 6536161.38848727
560773.617025957 6536117.67864168
560753.610618927 6536114.84768993
560734.736377313 6536127.99360656
560721.557112746 6536105.12298229
560709.059994697 6536044.17933106
560626.245941231 6536057.95721135
560617.612857766 6535981.09503303
560667.583208242 6535970.68779502
560661.139499493 6535928.77740814
560641.749528779 6535879.98074866
560611.527897458 6535838.26822143
560582.088889302 6535794.55089631
560550.043709147 6535785.82525813
560525.741563592 6535747.06090325
560493.021719842 6535777.30744986
560451.534812207 6535834.60380602
560415.842702054 6535867.87251458
560366.054609495 6535900.1596518
560334.168722996 6535862.55757214
560320.738845267 6535845.58402645
560307.818303591 6535853.78464542
560290.809149239 6535850.92881303
560280.444132378 6535806.05366262
560282.300867177 6535789.05277467
560283.183485444 6535775.05742516
560269.09668164 6535763.1849781
560260.080092771 6535760.26260972
560211.109000499 6535758.67199324
560168.057470126 6535748.03981003
560133.914395962 6535727.34203658
560115.789722393 6535710.50748755
560104.441445644 6535667.53889776
560097.907191765 6535602.74892008
560128.537248422 6535573.51879416
560152.447654771 6535553.23697786
560169.29127818 6535536.21124694
560172.063813125 6535521.20102445
560168.62584288 6535456.28536398
560201.27159462 6535417.14694606
560236.871392919 6535360.79868234
560250.600427426 6535341.70068094
560275.360914935 6535315.51684693
560293.09463798 6535285.39493853
560310.762647709 6535247.38035089
560334.531548522 6535222.1040004
560370.206941064 6535186.83701891
560330.269090043 6535190.16692194
560299.256325773 6535185.42938388
560255.139198036 6535166.81293998
560235.182840836 6535157.98678858
560211.063661358 6535153.19186142
560191.981513849 6535141.36100438
560163.941007636 6535133.60129278
560143.027171045 6535129.77882359
560120.938664504 6535116.87393601
560114.72123203 6535102.138385
560121.364538485 6535060.01918358
560092.308328496 6535050.2696416
560071.08663949 6535021.47117345
560061.912016299 6534999.56641541
560026.628492647 6534961.89273159
560041.699140987 6534839.87248452
560037.712365935 6534732.99795725
560053.532510464 6534592.98701831
560073.272779954 6534563.84770318
560100.247659556 6534563.62314582
560131.727323474 6534504.41198366
560147.388165151 6534465.31525659
560135.442216149 6534350.51391953
559967.92281436 6534390.87481158
559923.823375609 6534362.36685435
559852.421532606 6534438.79575857
559866.700848119 6534353.75022386
559871.406021351 6534318.84116703
559879.323048837 6534297.69346697
559912.917124155 6534264.44228565
559954.587030557 6534229.12560234
559967.408641873 6534209.03612551
559978.13233984 6534176.97446804
559986.699922577 6534125.94715597
560001.24529096 6534072.87180911
560022.818232203 6534023.83442403
560039.45236508 6533981.63228534
560055.18803421 6533951.52718385
560068.759272433 6533901.45736321
559816.22893236 6533811.63897233
559608.806387827 6533739.4295101
559365.384129491 6533663.52313689
559207.596355576 6533792.72607792
559041.707918158 6533909.00766284
558890.930194682 6534040.15051603
558878.916280495 6534049.24275024
558839.302828673 6534079.54659373
558849.476421527 6534101.44292704
558685.478952004 6534192.83024235
558562.982349447 6534252.59911717
558602.944502285 6534372.26287333
558611.153208289 6534398.17211731
558637.511435404 6534443.91303928
558665.834694114 6534473.6514082
558706.887849575 6534496.2898564
558649.764852636 6534595.67993034
558624.337732346 6534661.8346486
558594.324074785 6534657.08878214
558525.271879756 6534643.675616
558359.136182676 6534610.1885403
558395.117012086 6534731.68392019
558580.294222001 6534760.11672636
558570.486274549 6534794.1690412
558632.678005352 6534823.62551157
558635.974645529 6534847.57737461
558657.021474871 6534867.38494168
558638.255298862 6534893.51872319
558645.431684796 6534915.44001855
558627.623010317 6534936.57014251
558573.215997114 6534882.07043145
558556.206869485 6534879.21459487
558512.139722326 6534866.59259964
558478.21144946 6534991.76721398
558477.302778747 6535122.66239285
558478.709369063 6535171.60866343
558463.098393884 6535228.68971966
558448.870207486 6535295.85060788
558437.843354092 6535627.5578304
557631.386574802 6537265.8710294
556268.088507425 6537749.61186567
556212.730751808 6538781.38951094
    Pen (1,2,0)
    Brush (1,0,16777215)
Region 1
  23
535559.489370165 6555494.05777545
537586.346373192 6556609.76105035
541480.448850044 6556790.82223177
541772.801566075 6556526.51303793
541546.562860663 6555405.14025865
542234.092497774 6554553.53949156
542216.869258137 6553455.41001092
542052.322687361 6553132.55163102
541370.07131352 6553224.84895744
541207.116036977 6552901.07807858
541166.386813589 6550886.32132061
540609.812056968 6550375.5834834
539253.726086782 6551019.51710961
538314.484507367 6548562.01141298
537981.746808161 6548643.50933234
537100.450669112 6549166.59444673
537131.027516173 6549491.56459105
536519.521738063 6550185.56166472
537071.213439988 6551900.32184963
535807.872021884 6553341.0097017
535852.668639896 6554487.46902503
535443.106913889 6555123.53806209
535559.489370165 6555494.05777545
    Pen (1,2,0)
    Brush (1,0,16777215)
Region 1
  28
545280.844811492 6574677.17433965
545607.729010564 6575284.45150626
545638.821338458 6576703.71879718
546058.954856776 6577254.0680011
546278.924326175 6577536.50452224
546474.414302856 6577614.81333863
547847.651114842 6578116.17292348
548382.80895129 6577107.85280033
549047.301137301 6576740.92642593
549528.645070033 6574873.46639417
550221.32115777 6573955.46253606
550599.923804035 6573873.57942034
550635.58232817 6573236.01153436
550950.034670969 6572721.62130666
550747.620041367 6572423.5534802
550235.381260225 6571851.49180118
550282.006936059 6571091.0357481
549451.809278706 6570335.87262812
548711.635270988 6570540.86140105
547981.807789123 6570344.29762228
547690.297051081 6568836.97746637
546961.858514494 6568867.2127972
544797.147359957 6570845.87730042
544419.901620963 6570862.50232176
544502.435889437 6571991.87765784
544170.378299878 6572684.26589314
545058.206895901 6574362.08786735
545280.844811492 6574677.17433965
    Pen (1,2,0)
    Brush (1,0,16777215)
Region 1
  31
542580.966112408 6538360.33440745
543529.725162757 6539006.78516627
544662.22583986 6539016.15259635
545003.685261987 6541281.97050503
545549.285532481 6541831.06049998
545251.27234955 6542904.32317572
544923.4791847 6543111.67383214
546267.459997812 6543668.51406704
546515.744324182 6543379.79425838
546219.477532826 6542283.79607451
547034.520850023 6541507.97589974
547703.077858435 6541151.31624763
548377.221620303 6542007.0733045
549284.877166645 6541506.74520104
549584.1446682 6541269.4566477
550123.073751338 6540307.59236302
550438.660198579 6540098.34387684
550312.997948684 6539369.21406741
550866.373150538 6537645.88272707
550625.48731673 6536926.0057321
548800.540271109 6536575.00117998
547965.114790289 6535812.51078687
546998.472019207 6535478.74428133
546339.543247091 6535695.24302529
545695.411926685 6535432.33031579
545471.404174811 6535708.55729633
545281.373677945 6536033.65949238
542433.673768586 6536422.6239885
542345.443103364 6537143.03917994
542873.143575476 6538123.50642088
542580.966112408 6538360.33440745
    Pen (1,2,0)
    Brush (1,0,16777215)
Region 1
  29
534995.116678822 6521822.69075188
536333.689231395 6521105.09283993
537146.614687186 6521880.15229733
537872.698776717 6521774.60350063
538242.812265506 6521875.63525906
538432.559890585 6521540.35034092
537920.838124935 6520508.41373757
538551.905809152 6518765.89302855
537936.266303967 6517816.95036476
538395.134947844 6517211.96429279
538747.225242622 6517055.67187897
538671.343408461 6516676.637016
537451.316088491 6515772.98523948
536040.268785114 6515292.54433448
535820.137150312 6514567.2135412
536736.850276238 6513341.27519388
536095.680060543 6512976.32560712
535801.118446447 6513214.56466064
535286.074441506 6514202.37377319
534431.786443203 6514944.61841638
532987.825766134 6514965.79809195
531307.481020826 6515698.61356036
531734.029165447 6516941.57648623
531139.043634526 6517663.48536566
531091.491235431 6518037.55189075
531955.649486171 6519243.4132491
533613.203539337 6520110.57804211
534706.450409667 6521579.70319774
534995.116678822 6521822.69075188
    Pen (1,2,0)
    Brush (1,0,16777215)
Region 1
  24
542893.062889745 6510392.03167455
543434.034410934 6512201.93586905
544507.024115522 6513698.18548733
544159.536135097 6514372.38395807
544103.310016046 6514748.22079438
545318.618467306 6515660.39945917
545517.385220156 6515990.25423967
545759.261992492 6515447.81811143
545950.575881144 6515217.2283783
546152.891696137 6514891.83056642
546748.851410441 6514493.31959329
547890.148772167 6512426.03744886
547859.13374513 6511639.58799432
547360.268143981 6509775.38469043
547584.461542303 6508644.51566588
547693.465864986 6507935.43414236
547108.943944377 6507497.68766763
546442.035351739 6507882.20053133
545116.74494756 6506539.41966851
544099.006359091 6507015.07101392
544323.349251518 6507308.74423767
544941.910572196 6507694.85435675
544271.118550556 6509367.56241107
542893.062889745 6510392.03167455
    Pen (1,2,0)
    Brush (1,0,16777215)
Region 1
  153
567977.752686645 6530638.39042201
568082.138398532 6530695.47104994
568133.090903092 6530683.05715362
568207.52219814 6530514.58272464
568225.605265742 6530526.42176262
568181.73728434 6530657.67370588
568186.832474873 6530669.62089592
568299.544050816 6530646.70137546
568341.463284154 6530641.35663548
568363.359559299 6530631.1829542
568381.401024372 6530638.02666398
568349.130773246 6530722.22270975
568399.425327017 6530762.76843088
568389.609395576 6530783.83200282
568406.660116746 6530791.68309843
568519.596376984 6530795.73833119
568522.385546762 6530770.73673155
568468.852467648 6530701.24307018
568421.912930555 6530703.63221444
568402.589474646 6530662.82859509
568460.319043018 6530636.37036445
568553.756575264 6530698.53778346
568562.248851408 6530650.50859219
568548.795026631 6530582.67945781
568561.583141497 6530570.58334989
568588.616264739 6530565.36256282
568618.729754916 6530582.09708958
568647.044825658 6530622.82582816
568650.47469456 6530686.74189798
568664.045125508 6530744.57871723
568664.336376712 6530779.54601505
568627.670442458 6530815.82020325
568592.961084413 6530835.09280313
568585.25141949 6530881.11721394
568594.38449359 6530898.02645583
568631.674539051 6530936.68219797
568683.867390734 6530965.22248903
568651.73861678 6531066.40268373
568575.700770262 6531173.94333699
568479.090220999 6531330.61293431
568473.079169169 6531328.66471845
568442.724660098 6531402.95341361
568412.793385956 6531408.09841716
568376.044210914 6531434.38194962
568335.47350532 6531481.67914691
568240.578116141 6531604.36386301
568186.261749685 6531680.75044902
568219.53056883 6531716.44230388
568229.927484542 6531729.14466535
568261.924144832 6531768.04434795
568307.464711059 6531837.6046305
568459.864029471 6531901.27942456
568626.350185306 6531976.82653366
568647.398033395 6531984.74426505
568666.40447264 6531987.48348904
568677.394229374 6531987.3919753
568700.38030097 6531988.099788
568735.306933379 6531982.91318065
568766.178207405 6531970.66647792
568777.142999337 6531967.57776372
568876.533935495 6531904.80368397
568893.409828237 6531915.65364635
568938.297832787 6531954.84562613
569003.471930232 6531994.46815667
569081.170266739 6532014.30341296
569159.143405298 6532019.14933806
569236.581312598 6531995.72416907
569331.507956173 6531960.76320563
569395.081935453 6531988.20958639
569451.017017395 6532070.17249139
569520.753366271 6532165.70863049
569583.305783012 6532202.45548227
569642.781180803 6532205.65698336
569705.988882061 6532225.11331878
569746.99232379 6532229.76752547
569751.596325737 6532242.71795375
569769.987405054 6532279.53283258
569780.942929797 6532311.31404063
569794.56019277 6532326.78716172
569805.964561026 6532328.49063162
569815.407447257 6532322.61700118
569857.081260088 6532275.81010671
569877.458144353 6532263.15120465
569904.924148071 6532285.90259928
569916.407471723 6532333.06610981
569903.760797585 6532374.13601939
569905.350949323 6532385.11327577
569909.705204567 6532392.07096742
569920.117994816 6532394.68191715
569926.88503296 6532391.42832466
569940.347606928 6532352.34989193
569946.521136816 6532313.83173198
569966.584115967 6532311.46654577
569982.589160264 6532325.72081616
569996.416262585 6532330.40151649
570008.9887204 6532328.39845251
569913.785323029 6532198.20455839
569828.869065088 6532055.53571464
569759.346885063 6531889.75855552
569723.507484044 6531725.39943695
569690.859209401 6531584.29362432
569674.6289525 6531447.04763972
569662.066916896 6531318.36368543
569645.790022783 6531187.51258302
569615.148073732 6531095.34774885
569553.536174259 6530907.62377126
569524.450224879 6530834.32965146
569513.73531335 6530807.44223696
569502.493364874 6530789.25168735
569447.302668724 6530700.68837984
569375.452560435 6530603.27160067
569281.05354112 6530497.64987774
569248.30085763 6530475.94167021
569004.804016955 6530247.16932875
568770.328836404 6530021.91875281
568719.629681732 6529980.77695914
568718.321740941 6529979.68880318
568669.806390925 6529936.83029547
568605.996216559 6529881.01049505
568550.991983369 6529826.81589263
568516.131358203 6529791.93666504
568475.896628668 6529747.61041498
568450.30730693 6529722.24567098
568403.760155251 6529675.77389238
568375.568894494 6529697.88968659
568353.705922554 6529712.05962336
568241.127043939 6529870.8602933
568166.530409909 6529791.55073252
568132.21265524 6529749.87286524
568099.035426407 6529725.1707814
568057.964961709 6529832.4201313
568015.321425402 6529834.77348522
568015.12161184 6529834.775149
568014.322357594 6529834.78180414
568023.471952736 6529877.66838876
568078.628617367 6529914.17707056
568096.186902267 6529982.97112733
568122.237533436 6529991.74641149
568119.098875587 6529974.78726403
568132.952677617 6529958.68575394
568200.156439775 6529990.09844045
568189.898954974 6530078.10767866
568270.923243152 6530089.42259277
568330.992087147 6530103.90940572
568307.913160811 6530212.00810973
568375.699949621 6530193.45921583
568424.029631714 6530238.0178169
568273.444542798 6530392.13935549
568162.015518828 6530329.12261862
568058.662254881 6530276.02997593
568036.015971624 6530436.08007668
568009.931968521 6530435.29813477
567977.752686645 6530638.39042201
    Pen (1,2,0)
    Brush (1,0,16777215)
Region 1
  161
568460.939430439 6529631.23592763
568454.189047566 6529636.48763774
568403.760155251 6529675.77389238
568450.30730693 6529722.24567098
568475.896628668 6529747.61041498
568516.131358203 6529791.93666504
568550.991983369 6529826.81589263
568605.996216559 6529881.01049505
568669.806390925 6529936.83029547
568718.321740941 6529979.68880318
568719.629681732 6529980.77695914
568770.328836404 6530021.91875281
569004.804016955 6530247.16932875
569248.30085763 6530475.94167021
569281.05354112 6530497.64987774
569375.452560435 6530603.27160067
569447.302668724 6530700.68837984
569502.493364874 6530789.25168735
569513.73531335 6530807.44223696
569524.450224879 6530834.32965146
569553.536174259 6530907.62377126
569615.148073732 6531095.34774885
569645.790022783 6531187.51258302
569662.066916896 6531318.36368543
569674.6289525 6531447.04763972
569690.859209401 6531584.29362432
569723.507484044 6531725.39943695
569759.346885063 6531889.75855552
569828.869065088 6532055.53571464
569913.785323029 6532198.20455839
570008.9887204 6532328.39845251
570019.788724239 6532305.52820172
570061.147826544 6532256.92547579
570079.540891108 6532186.03345153
570072.659937269 6532139.63092599
570061.955854892 6532102.05263967
570032.45436737 6532038.8531921
570010.882908212 6532004.06308139
569968.185395697 6531939.9744007
569937.25185921 6531896.76960518
569959.562099487 6531828.34281829
569991.449141206 6531794.1066369
570016.024705362 6531745.74361771
570041.08228927 6531707.2680297
570049.556131493 6531681.020099
570115.575419573 6531678.17225967
570142.221217664 6531746.39115055
570180.019335127 6531738.08326849
570182.017472308 6531738.06662732
570203.963690022 6531733.88730801
570244.759844678 6531725.65436891
570280.750482152 6531716.26248785
570304.686513345 6531711.06745897
570307.692041958 6531712.04156347
570315.584715498 6531699.98619939
570379.416904557 6531686.46580853
570393.378895252 6531683.35211847
570374.846345386 6531617.56350181
570363.581934326 6531584.68583616
570345.11597128 6531526.88975566
570324.05230551 6531517.07382677
570293.905472727 6531496.34305362
570292.89808145 6531495.35230794
570272.741933407 6531474.53832775
570262.634729609 6531460.63460543
570254.524830437 6531446.61433522
570246.366658884 6531426.79948036
570234.827599366 6531360.95263115
570232.754557224 6531351.97767593
570236.69257026 6531344.95092928
570250.546359834 6531328.84937935
570268.35480747 6531307.71921532
570267.164313047 6531284.74901238
570280.926549632 6531257.65773421
570301.766323928 6531240.59877984
570316.676607584 6531231.38246617
570318.666420944 6531230.36675846
570330.480456993 6531209.2865192
570338.306543119 6531189.23862938
570337.199276767 6531176.25908992
570321.139280914 6531167.40062675
570293.165374512 6531167.63360784
570075.46840444 6531181.43630566
570032.550089698 6531186.78942054
570016.474248217 6531188.02235398
570004.176590716 6531175.03609817
570069.250183807 6531130.63209959
570106.010163997 6531093.65767999
570142.157350997 6531067.07937147
570166.62126699 6531041.2977603
570159.049224102 6531019.87941337
570161.78009873 6530987.88433875
570155.668339938 6530973.84743211
570145.570297025 6530961.04268744
570130.467759856 6530947.18057353
570107.346879556 6530930.28792027
570105.341253345 6530929.40540218
570085.309959571 6530923.57741898
570053.373078603 6530927.83994222
570035.514697093 6530942.97570212
570033.499915976 6530940.99421136
570006.283726279 6530912.24595434
569998.224602276 6530904.31999138
569981.073996259 6530884.4801224
570001.912935697 6530867.32127034
570004.892661578 6530865.19827026
570025.674173881 6530841.14586334
570039.462210891 6530817.1517006
570062.797324731 6530739.82412289
570081.122948471 6530660.83974008
570082.796497571 6530621.85953465
570083.61246526 6530599.87176805
570084.436755631 6530578.8830675
570098.024210128 6530530.81142521
570106.782780944 6530502.7627006
570105.70048601 6530492.78036483
570103.527573453 6530471.81662789
570103.510927969 6530469.81849664
570089.174428804 6530427.97423071
570084.960935932 6530401.93190174
570143.590479481 6530363.57639496
570145.580291442 6530362.56068793
570184.30255724 6530333.26327778
570123.867473593 6530274.81765763
570062.549846901 6530230.36727507
570036.457580753 6530216.59669667
569997.38572904 6530215.92296903
569924.545404779 6530215.53047667
569845.560835431 6530209.19434319
569789.504878448 6530196.67244179
569721.260378522 6530160.27281508
569599.940528596 6530097.3385716
569477.371878791 6530028.41991508
569397.122824252 6529978.23228477
569333.631471514 6529924.70786509
569293.269377501 6529865.09593378
569245.747294245 6529809.54016963
569212.253804101 6529746.8736382
569175.688220008 6529675.24048526
569140.321432714 6529627.57657284
569065.88286468 6529567.24930052
568986.498902236 6529512.95801658
568900.97986526 6529453.82206561
568875.045004488 6529434.95458326
568782.689839589 6529382.7695835
568713.163375666 6529324.39966965
568658.681213951 6529260.90880449
568618.252558339 6529205.29398066
568586.251497547 6529237.83249233
568547.018828484 6529277.82481519
568534.030915137 6529289.92257779
568522.133653211 6529301.01212412
568507.255002336 6529314.02485206
568532.406411463 6529334.79721696
568537.435861264 6529338.85178348
568552.871212385 6529392.67647808
568482.769673932 6529481.18403205
568510.818379369 6529501.93227349
568485.000753109 6529521.13081337
568465.802455292 6529615.30919941
568460.939430439 6529631.23592763
    Pen (1,2,0)
    Brush (1,0,16777215)
Region 1
  403
568307.464711059 6531837.6046305
568317.771601097 6531875.48596191
568368.339497737 6532056.80768309
568384.583336237 6532099.73517696
568393.69145317 6532113.6472364
568425.894652692 6532141.35488649
568444.052639698 6532162.18553952
568457.223603814 6532184.05685562
568475.539696405 6532223.869776
568492.015756783 6532282.68160378
568530.571195087 6532353.29921156
568565.879739258 6532405.95940932
568605.625697777 6532487.5576072
568618.830786502 6532513.52510228
568542.683826923 6532607.97807368
568516.033485819 6532647.16630571
568511.21288638 6532668.18830899
568466.546007919 6532703.53001903
568441.960370757 6532750.69414969
568515.849392502 6532864.97956727
568526.08473495 6532894.26895
568541.44191026 6532938.70255888
568584.485118308 6532948.33550435
568603.758639728 6532995.13443113
568605.107257979 6533025.09729818
568622.374420915 6533046.93451944
568626.65352738 6533104.84881109
568652.354285985 6533179.57005082
568673.759146566 6533230.34778479
568666.265873673 6533290.35838676
568659.554480558 6533324.28500969
568674.890863077 6533366.22096373
568701.266113967 6533413.95990583
568710.35760221 6533425.8738434
568733.427750282 6533436.67224346
568777.777945946 6533483.26237227
568802.005275552 6533513.03473806
568819.663515318 6533593.8177927
568859.501500048 6533578.4990029
568884.403360578 6533569.29940906
568907.332045275 6533563.11365672
568944.289320784 6533561.80677059
568980.988623086 6533529.5287844
569002.793410309 6533508.36533448
569025.697127897 6533499.18237704
569056.743198244 6533507.91608143
569072.711677005 6533505.78483361
569091.627435263 6533497.63422079
569124.563462461 6533493.36340452
569141.506045469 6533488.2266332
569150.422779856 6533479.1601477
569156.309016273 6533466.12235027
569169.122123768 6533457.0234183
569180.028675984 6533446.94122584
569190.070184722 6533440.96269841
569196.954658363 6533427.81667467
569207.802956629 6533410.74100861
569222.697466335 6533399.62646979
569245.751850901 6533396.53698933
569272.750000484 6533411.09939093
569294.846882001 6533425.00321146
569312.905041464 6533433.84506561
569331.920661174 6533437.68326148
569350.986213281 6533447.51586322
569374.122944725 6533466.30679507
569393.055302361 6533472.14395767
569408.149583255 6533473.01739669
569444.823903263 6533437.74219437
569473.431552178 6533405.63149215
569486.293839326 6533378.44776841
569496.942400595 6533337.39447664
569512.827695085 6533313.28290375
569534.624146061 6533291.12037876
569574.378848313 6533277.8005352
569617.197377331 6533260.4586282
569650.999308853 6533240.19439712
569670.764326611 6533214.05224022
569694.53394528 6533188.87587079
569712.260041824 6533157.85492317
569722.157529655 6533146.58216636
569730.042729586 6533133.62763491
569756.65142889 6533089.44402291
569794.191636194 6533038.17541795
569812.94925487 6533011.04251445
569844.761358513 6532991.79398821
569895.414265407 6532967.39287235
569924.403967443 6532957.16007969
569968.121677566 6532927.82103388
569984.972699712 6532911.69451093
569999.818091786 6532894.68546786
570015.819053915 6532884.46093048
570042.718162016 6532887.1344091
570072.765986726 6532895.97631185
570110.880441154 6532913.64335083
570118.806382168 6532917.57388939
570123.917450506 6532919.42968347
570147.962536127 6532927.32243988
570196.642296336 6532893.94551457
570226.363867738 6532863.6239724
570259.991828941 6532822.47922057
570273.945511206 6532818.36646402
570306.923129237 6532819.09095394
570336.92850745 6532822.83760683
570368.998608619 6532834.5601569
570389.046583683 6532842.38628409
570411.059406229 6532846.19950029
570431.040797743 6532846.03308786
570454.120106628 6532857.93042869
570513.480533956 6532907.29297397
570571.742851566 6532944.77493683
570618.865589287 6532964.36521197
570682.972513594 6532983.8140325
570723.068473874 6532999.46628048
570745.239443157 6533022.26177576
570761.182110103 6533017.03339767
570789.490660189 6533056.96293
570822.559010396 6533068.57724533
570842.615316283 6533077.40243581
570876.342310375 6533048.14656405
570917.128546017 6533026.72507892
570944.029350235 6533017.60871102
570965.967266974 6533012.43031117
570994.032777957 6533023.18706617
571018.933752695 6533025.87716843
571048.948319404 6533018.73313825
571077.887215069 6533014.39564985
571094.871400519 6533014.25419122
571136.083800852 6533043.9849606
571168.237153659 6533065.6981721
571198.309131259 6533077.4373491
571213.3451203 6533083.30693742
571246.389337094 6533092.02394707
571261.525211492 6533109.8823472
571252.658439127 6533124.94325348
571271.724003448 6533134.7758275
571297.033700387 6533174.53050583
571292.071624304 6533190.55802802
571292.171509519 6533202.54684109
571301.362098559 6533214.36002432
571312.411798851 6533221.46177872
571333.392267143 6533221.28703258
571347.245211366 6533217.0751892
571362.247928784 6533206.95886028
571379.123907205 6533193.82951748
571390.971219676 6533188.73515525
571420.128224694 6533198.58358958
571452.17254428 6533207.2090102
571472.095655078 6533212.03875427
571487.239878337 6533218.90657625
571500.420070574 6533241.87686475
571504.507913843 6533252.83332526
571523.614289383 6533255.57168354
571539.482853635 6533253.44123768
571547.40798888 6533245.28221705
571575.44937182 6533253.14166673
571600.526009054 6533264.92244486
571621.631339114 6533279.73371212
571630.814422427 6533302.6373799
571631.921705307 6533315.61694089
571634.186215554 6533347.57047067
571639.38966758 6533372.50556132
571661.544014786 6533393.3029157
571681.608657398 6533403.12716557
571695.603962697 6533404.00973261
571727.556724694 6533401.64540155
571758.679397339 6533419.57047104
571786.927226442 6533452.20680448
571812.253597163 6533493.95962218
571838.304339721 6533502.7348734
571897.366020213 6533516.23085099
571929.6192934 6533549.93287307
571962.92907684 6533590.52014387
572018.203425109 6533629.12601528
572046.427126146 6533658.86505241
572072.353007598 6533652.65427812
572063.061694706 6533616.76271962
572084.891400408 6533598.59641425
572134.237095224 6533645.14485102
572344.316680677 6533556.47000389
572361.503217395 6533520.65763681
572380.749506588 6533480.23208081
572444.839067902 6533425.64489448
572472.913789047 6533401.53165332
572554.662797571 6533259.97232822
572603.067780514 6533193.62605723
572675.326321199 6533232.09041342
572738.275283956 6533112.56879819
572714.096974621 6533088.69099785
572775.407429268 6533012.34576492
572689.604049504 6532907.15197932
572699.286720341 6532870.10325088
572699.977764213 6532833.12942419
572635.496180458 6532780.71229816
572557.219118803 6532727.41095116
572497.533019244 6532758.88137849
572476.983848638 6532726.88034254
572475.262120998 6532724.09710104
572549.784413244 6532674.51862619
572559.758539528 6532552.5408472
572546.554191048 6532526.67328297
572527.347102537 6532499.8565852
572525.990063844 6532456.90500954
572513.559182767 6532403.95439971
572498.132760303 6532351.22857215
572461.983124629 6532329.54869174
572403.912252803 6532303.0557303
572356.573889375 6532269.57932441
572312.21443236 6532221.89036554
572353.667524262 6532160.59773936
572305.345926963 6532117.03824842
572249.006808237 6532070.54813319
572258.70612378 6532047.48720229
572256.483232113 6532008.53940003
572235.119853815 6531962.75708196
572232.838679273 6531928.80544918
572246.393582707 6531888.82700102
572276.398122298 6531880.48406323
572313.063144477 6531844.10982825
572325.011177956 6531839.11453445
572361.993369467 6531840.80474751
572385.496507543 6531783.65820177
572327.334083313 6531758.16515111
572289.202971092 6531750.48969096
572243.370695088 6531753.86887751
572171.613402189 6531775.54837826
572068.98403923 6531809.37475238
572020.070463867 6531814.67795614
571959.06067947 6531807.1930587
571847.814437374 6531766.15597927
571705.314038941 6531703.39823088
571518.113654908 6531648.00674738
571417.041255949 6531628.86589161
571344.034340444 6531620.48176098
571297.152224091 6531617.77493045
571235.027665517 6531608.40093061
571199.943736627 6531594.70524648
571168.739551003 6531566.98934448
571132.523377507 6531537.31691608
571084.293414368 6531504.74714363
571023.000653382 6531463.29394871
570936.514778726 6531396.07305614
570875.263646264 6531359.61519131
570844.167679277 6531344.88715125
570757.065628732 6531323.63162735
570704.955938742 6531305.08206189
570648.758422341 6531275.57604978
570609.47931448 6531238.03595668
570586.233573472 6531206.1573127
570576.026490242 6531180.26480075
570569.790710333 6531151.34180695
570568.483685791 6531114.38467978
570575.052681223 6531063.37406022
570586.634494418 6531014.41987629
570600.162006369 6530959.15493577
570599.721710273 6530906.30434308
570593.552545221 6530873.38425923
570568.209601921 6530841.62300529
570536.88060584 6530798.9211204
570464.49828181 6530745.57067032
570425.210043014 6530706.93161757
570411.048312247 6530686.06772769
570376.648049007 6530634.49912267
570336.076936996 6530561.80025082
570325.865672142 6530547.39783853
570267.224793957 6530464.45846274
570184.30255724 6530333.26327778
570145.580291442 6530362.56068793
570143.590479481 6530363.57639496
570084.960935932 6530401.93190174
570089.174428804 6530427.97423071
570103.510927969 6530469.81849664
570103.527573453 6530471.81662789
570105.70048601 6530492.78036483
570106.782780944 6530502.7627006
570098.024210128 6530530.81142521
570084.436755631 6530578.8830675
570083.61246526 6530599.87176805
570082.796497571 6530621.85953465
570081.122948471 6530660.83974008
570062.797324731 6530739.82412289
570039.462210891 6530817.1517006
570025.674173881 6530841.14586334
570004.892661578 6530865.19827026
570001.912935697 6530867.32127034
569981.073996259 6530884.4801224
569998.224602276 6530904.31999138
570006.283726279 6530912.24595434
570033.499915976 6530940.99421136
570035.514697093 6530942.97570212
570053.373078603 6530927.83994222
570085.309959571 6530923.57741898
570105.341253345 6530929.40540218
570107.346879556 6530930.28792027
570130.467759856 6530947.18057353
570145.570297025 6530961.04268744
570155.668339938 6530973.84743211
570161.78009873 6530987.88433875
570159.049224102 6531019.87941337
570166.62126699 6531041.2977603
570142.157350997 6531067.07937147
570106.010163997 6531093.65767999
570069.250183807 6531130.63209959
570004.176590716 6531175.03609817
570016.474248217 6531188.02235398
570032.550089698 6531186.78942054
570075.46840444 6531181.43630566
570293.165374512 6531167.63360784
570321.139280914 6531167.40062675
570337.199276767 6531176.25908992
570338.306543119 6531189.23862938
570330.480456993 6531209.2865192
570318.666420944 6531230.36675846
570316.676607584 6531231.38246617
570301.766323928 6531240.59877984
570280.926549632 6531257.65773421
570267.164313047 6531284.74901238
570268.35480747 6531307.71921532
570250.546359834 6531328.84937935
570236.69257026 6531344.95092928
570232.754557224 6531351.97767593
570234.827599366 6531360.95263115
570246.366658884 6531426.79948036
570254.524830437 6531446.61433522
570262.634729609 6531460.63460543
570272.741933407 6531474.53832775
570292.89808145 6531495.35230794
570293.905472727 6531496.34305362
570324.05230551 6531517.07382677
570345.11597128 6531526.88975566
570363.581934326 6531584.68583616
570374.846345386 6531617.56350181
570393.378895252 6531683.35211847
570379.416904557 6531686.46580853
570315.584715498 6531699.98619939
570307.692041958 6531712.04156347
570304.686513345 6531711.06745897
570280.750482152 6531716.26248785
570244.759844678 6531725.65436891
570203.963690022 6531733.88730801
570182.017472308 6531738.06662732
570180.019335127 6531738.08326849
570142.221217664 6531746.39115055
570115.575419573 6531678.17225967
570049.556131493 6531681.020099
570041.08228927 6531707.2680297
570016.024705362 6531745.74361771
569991.449141206 6531794.1066369
569959.562099487 6531828.34281829
569937.25185921 6531896.76960518
569968.185395697 6531939.9744007
570010.882908212 6532004.06308139
570032.45436737 6532038.8531921
570061.955854892 6532102.05263967
570072.659937269 6532139.63092599
570079.540891108 6532186.03345153
570061.147826544 6532256.92547579
570019.788724239 6532305.52820172
570008.9887204 6532328.39845251
569996.416262585 6532330.40151649
569982.589160264 6532325.72081616
569966.584115967 6532311.46654577
569946.521136816 6532313.83173198
569940.347606928 6532352.34989193
569926.88503296 6532391.42832466
569920.117994816 6532394.68191715
569909.705204567 6532392.07096742
569905.350949323 6532385.11327577
569903.760797585 6532374.13601939
569916.407471723 6532333.06610981
569904.924148071 6532285.90259928
569877.458144353 6532263.15120465
569857.081260088 6532275.81010671
569815.407447257 6532322.61700118
569805.964561026 6532328.49063162
569794.56019277 6532326.78716172
569780.942929797 6532311.31404063
569769.987405054 6532279.53283258
569751.596325737 6532242.71795375
569746.99232379 6532229.76752547
569705.988882061 6532225.11331878
569642.781180803 6532205.65698336
569583.305783012 6532202.45548227
569520.753366271 6532165.70863049
569451.017017395 6532070.17249139
569395.081935453 6531988.20958639
569331.507956173 6531960.76320563
569236.581312598 6531995.72416907
569159.143405298 6532019.14933806
569081.170266739 6532014.30341296
569003.471930232 6531994.46815667
568938.297832787 6531954.84562613
568893.409828237 6531915.65364635
568876.533935495 6531904.80368397
568777.142999337 6531967.57776372
568766.178207405 6531970.66647792
568735.306933379 6531982.91318065
568700.38030097 6531988.099788
568677.394229374 6531987.3919753
568666.40447264 6531987.48348904
568647.398033395 6531984.74426505
568626.350185306 6531976.82653366
568459.864029471 6531901.27942456
568307.464711059 6531837.6046305
    Pen (1,2,0)
    Brush (1,0,16777215)
Region 1
  79
567928.228384968 6527931.15025902
568027.435470287 6527966.29295558
568089.61050153 6527993.75092678
568091.616953007 6527994.73335133
568123.711856112 6528009.45308026
568134.74234699 6528014.25697692
568167.837148619 6528029.06829199
568335.413367895 6528103.60692001
568386.473825156 6528128.16003975
568406.521702634 6528135.986155
568425.503944778 6528135.82808001
568450.463936578 6528133.62195875
568554.275200212 6528121.76699845
568687.051867829 6528108.77159456
568707.973157425 6528101.50352314
568738.902623301 6528084.26068873
568785.542425893 6528057.89482407
568808.449409217 6528037.1219191
568822.233228553 6528024.61788068
568825.409527178 6527998.11440501
568833.431455857 6527929.60699276
568839.092981106 6527889.59452804
568869.415374224 6527691.51370717
568880.79667083 6527618.48223532
568880.770873595 6527615.38513878
568895.050334912 6527530.43985634
568897.906060469 6527513.43081916
568832.833700172 6527497.98661594
568794.794342662 6527489.31121058
568780.791624316 6527487.52947167
568694.704788391 6527468.16382491
568651.645144689 6527456.53282639
568610.517059834 6527436.89268088
568343.334533219 6527279.2564957
568054.290099224 6527111.91093118
567999.07445241 6527080.29858861
567992.047717736 6527076.36057394
567984.013597784 6527071.43181592
567980.999762709 6527069.45864879
567975.979473232 6527066.50305568
567973.973021123 6527065.52063078
567963.940760626 6527060.60850621
567960.96020552 6527062.63158888
567957.996292131 6527066.65279731
567956.131350904 6527070.66485487
567954.091559119 6527077.67576489
567954.140652191 6527083.57023592
567948.088844512 6527076.72661581
567944.058466522 6527072.66373384
567937.040876719 6527069.82468421
567930.022454864 6527066.88572825
567921.014222647 6527064.96247303
567899.034779117 6527065.14548965
567710.24460202 6527082.70359171
567721.6248694 6527237.47432721
567698.696281092 6527243.66003716
567678.656662627 6527248.82255934
567656.996905164 6527251.40082741
567699.778387422 6527457.56526471
567707.836472078 6527501.36008332
567743.427832318 6527575.9986669
567744.451860406 6527578.98753783
567749.563680222 6527592.93282932
567749.663528548 6527604.92158841
567751.836395234 6527625.88527948
567751.078629321 6527654.86643363
567753.293099582 6527680.82544203
567760.444655622 6527699.74941359
567768.60359871 6527719.66412992
567778.752353631 6527738.56314551
567780.809563019 6527745.63985776
567785.953834695 6527763.48149803
567791.132221486 6527785.41929843
567793.387522213 6527804.28412719
567794.478890602 6527827.35500518
567796.693361997 6527853.31401685
567794.037370988 6527882.31098163
567862.098631178 6527908.72084577
567928.228384968 6527931.15025902
    Pen (1,2,0)
    Brush (1,0,16777215)
Region 1
  161
567105.33169236 6526370.46352801
567216.319058104 6526452.46735364
567208.574607725 6526458.32679942
567224.593762964 6526462.28986026
567229.597408915 6526463.24733043
567236.615825735 6526466.18628851
567247.71370619 6526479.08259694
567263.88179551 6526500.92887499
567264.989919539 6526502.01869335
567279.117382842 6526530.7759714
567280.033182171 6526532.76660969
567297.33352583 6526558.59998786
567328.703924984 6526606.29711426
567364.162111985 6526664.95065571
567365.169497675 6526665.94139973
567372.560855074 6526677.66961267
567401.627585399 6526724.68653062
567410.718186614 6526736.50050858
567427.786334077 6526746.44962518
567438.833464157 6526753.25165281
567549.263168871 6526816.27661287
567551.269620244 6526817.2590382
567676.777677422 6526891.24880741
567739.043411766 6526929.59658353
567740.050797964 6526930.58732749
567762.339053509 6526943.49037199
567911.631496629 6527030.07097524
567945.866050225 6527049.76855612
567946.873436682 6527050.75930002
567958.921302062 6527057.75281876
567963.940760626 6527060.60850621
567973.973021123 6527065.52063078
567975.979473232 6527066.50305568
567980.999762709 6527069.45864879
567984.013597784 6527071.43181592
567992.047717736 6527076.36057394
567999.07445241 6527080.29858861
568054.290099224 6527111.91093118
568343.334533219 6527279.2564957
568610.517059834 6527436.89268088
568651.645144689 6527456.53282639
568694.704788391 6527468.16382491
568780.791624316 6527487.52947167
568794.794342662 6527489.31121058
568832.833700172 6527497.98661594
568897.906060469 6527513.43081916
568919.927095351 6527518.2430918
568929.693056904 6527491.18518007
568942.447890593 6527463.1032448
568961.130492773 6527438.96847365
568986.081359435 6527423.6737801
569007.953432707 6527410.60281817
569084.590984398 6527375.09484727
569174.156454129 6527332.28545173
569237.821966924 6527298.78385786
569241.800749275 6527296.65254329
569382.128757161 6527230.64014902
569418.94434776 6527212.34915008
569429.909091485 6527209.26043389
569462.795000102 6527198.99522161
569464.784807008 6527197.97951716
569496.688294928 6527189.72075101
569518.609459225 6527182.54425408
569520.499359599 6527181.52938162
569539.431691391 6527163.38731956
569559.213246866 6527139.24338987
569554.967320104 6527109.30477883
569551.812003181 6527090.34754185
569560.204377978 6527018.34011364
569565.058220851 6527001.31443816
569615.268983354 6526911.87356488
569633.976567155 6526878.74639168
569645.766433722 6526854.76893736
569653.484271327 6526833.72288116
569658.35479451 6526806.70574603
569660.236447269 6526780.71263678
569665.922866156 6526755.68697169
569676.696189518 6526729.61980777
569689.459318201 6526702.53693961
569698.259479564 6526679.48360658
569705.044867541 6526654.44878998
569707.784064391 6526623.45288059
569707.576003595 6526598.47631116
569705.453039085 6526583.5070115
569708.317072206 6526567.49704478
569708.601811026 6526565.69623557
569532.95153611 6526517.40238723
569478.521810612 6526484.18496024
569428.546144479 6526481.90352711
569317.35049533 6526434.8712828
569234.390828737 6526407.08694454
569178.367480259 6526410.45100864
569135.516794966 6526411.9069273
569055.927321906 6526380.89728966
568941.341539504 6526334.69256106
568847.016696079 6526309.90033663
568771.845493098 6526305.53070828
568722.127948302 6526298.25144243
568653.121961821 6526254.36476166
568570.372173527 6526215.78802117
568523.310548869 6526191.5013934
568485.47692564 6526171.53409449
568464.592385326 6526159.21887248
568459.572935343 6526156.36319197
568439.832351265 6526137.44417477
568419.643046771 6526112.63401834
568415.488687887 6526093.6851157
568416.346289469 6526076.69273778
568411.251116248 6526064.74559115
568368.099995248 6526042.12491979
568314.883350177 6526010.59588755
568302.270082535 6526031.68268822
568301.087848706 6526033.69079648
568298.181411215 6526032.61595585
568217.898469372 6526002.31145215
568234.766884828 6525988.28305059
568225.676292203 6525976.46909009
568223.094854515 6525906.4514765
568202.146975471 6525910.5225359
568186.953829264 6525885.77068834
568100.150977407 6525900.38147546
568112.673115828 6525964.32151732
568107.844219006 6525984.34435847
568083.891658833 6525987.54121942
568016.179176284 6526014.98173276
568004.158794857 6526011.28513317
567980.312796941 6526015.28040993
567958.241870363 6526004.47375954
567938.069140533 6525993.65128918
567908.089708761 6525993.0017028
567818.132275965 6525988.75509683
567722.080607136 6525972.56965295
567721.806024556 6525939.60060493
567715.611939911 6525915.67302896
567713.330075386 6525881.62165177
567687.463394398 6525894.92565346
567673.509771363 6525899.0383648
567656.375009298 6525893.08633788
567605.648257757 6525908.59559968
567579.764101919 6525919.8015692
567423.260401917 6525963.06820627
567398.366987727 6525973.26679191
567384.488246694 6525986.37105901
567364.623437172 6526000.52429956
567340.887173824 6526029.69674558
567320.065670104 6526060.94309846
567298.318381876 6526088.99993948
567293.497015236 6526097.93235329
567274.791018119 6526131.2592686
567267.971458787 6526152.19789762
567258.255380331 6526185.25013508
567252.493959556 6526213.27378817
567251.902652589 6526250.24657788
567253.009818827 6526275.21564797
567251.069931023 6526282.22572087
567250.104147266 6526286.23028848
567233.219885924 6526298.36044984
567170.53671837 6526329.85544261
567148.665450739 6526343.02625759
567117.87747906 6526365.26349868
567105.33169236 6526370.46352801
    Pen (1,2,0)
    Brush (1,0,16777215)
Region 1
  170
566293.360187311 6527297.32445687
566323.420132948 6527343.63375628
566369.271834319 6527414.59006357
566414.852939758 6527489.0455895
566468.461521159 6527567.63064088
566523.201458844 6527662.09248283
566566.760392109 6527721.67777856
566603.86713666 6527762.33327514
566654.18658547 6527793.88657274
566673.465166296 6527805.31600256
566692.442363644 6527816.54811494
566735.626779281 6527855.15474439
566874.379838906 6527959.90757466
566959.171885672 6528027.74211074
567031.290839422 6528085.49100659
567137.940697922 6528174.52499443
567192.289660102 6528222.03086034
567197.337410313 6528228.2833698
567254.872447502 6528298.4430271
567322.567060587 6528388.8004967
567337.719467688 6528408.65699634
567396.348440221 6528490.19766749
567423.55538213 6528517.84695056
567495.816016045 6528556.61113384
567545.183590656 6528485.86110399
567533.119905176 6528476.96935229
567522.047798133 6528467.17012445
567514.978614517 6528458.13687334
567510.915783672 6528450.17763673
567509.85847348 6528443.19250825
567510.790976193 6528435.19167877
567514.728999465 6528428.16495741
567564.090743501 6528356.71558851
567565.074001105 6528354.80904865
567590.783475551 6528322.62272259
567597.70205669 6528313.572918
567609.574367806 6528299.48620127
567620.505856184 6528292.40124953
567639.463218913 6528277.25640633
567643.242198617 6528275.12676143
567673.222575475 6528263.88666716
567697.108645837 6528252.6973166
567710.047419147 6528246.69469695
567745.879851847 6528230.31029564
567747.870496299 6528229.39450074
567773.679812046 6528209.19693812
567802.4114399 6528179.98284563
567829.229030695 6528148.88633792
567840.076476867 6528131.71084215
567843.781401 6528120.68953043
567917.529316957 6528086.10493808
567922.607857344 6528096.05397975
567931.757607707 6528102.97172303
567939.666874238 6528104.90413082
567986.739545236 6528106.51043597
568008.710678944 6528105.32835209
568031.589275324 6528105.13783678
568063.62593401 6528112.86412307
568081.683999109 6528121.7059453
568093.739351305 6528129.59862072
568107.801155418 6528138.47372076
568125.842579257 6528145.3174153
568126.825002609 6528143.31096841
568167.837148619 6528029.06829199
568134.74234699 6528014.25697692
568123.711856112 6528009.45308026
568091.616953007 6527994.73335133
568089.61050153 6527993.75092678
568027.435470287 6527966.29295558
567928.228384968 6527931.15025902
567862.098631178 6527908.72084577
567794.037370988 6527882.31098163
567796.693361997 6527853.31401685
567794.478890602 6527827.35500518
567793.387522213 6527804.28412719
567791.132221486 6527785.41929843
567785.953834695 6527763.48149803
567780.809563019 6527745.63985776
567778.752353631 6527738.56314551
567768.60359871 6527719.66412992
567760.444655622 6527699.74941359
567753.293099582 6527680.82544203
567751.078629321 6527654.86643363
567751.836395234 6527625.88527948
567749.663528548 6527604.92158841
567749.563680222 6527592.93282932
567744.451860406 6527578.98753783
567743.427832318 6527575.9986669
567707.836472078 6527501.36008332
567699.778387422 6527457.56526471
567656.996905164 6527251.40082741
567678.656662627 6527248.82255934
567698.696281092 6527243.66003716
567721.6248694 6527237.47432721
567710.24460202 6527082.70359171
567899.034779117 6527065.14548965
567921.014222647 6527064.96247303
567930.022454864 6527066.88572825
567937.040876719 6527069.82468421
567944.058466522 6527072.66373384
567948.088844512 6527076.72661581
567954.140652191 6527083.57023592
567954.091559119 6527077.67576489
567956.131350904 6527070.66485487
567957.996292131 6527066.65279731
567960.96020552 6527062.63158888
567963.940760626 6527060.60850621
567958.921302062 6527057.75281876
567946.873436682 6527050.75930002
567945.866050225 6527049.76855612
567911.631496629 6527030.07097524
567762.339053509 6526943.49037199
567740.050797964 6526930.58732749
567739.043411766 6526929.59658353
567676.777677422 6526891.24880741
567551.269620244 6526817.2590382
567549.263168871 6526816.27661287
567438.833464157 6526753.25165281
567427.786334077 6526746.44962518
567410.718186614 6526736.50050858
567401.627585399 6526724.68653062
567372.560855074 6526677.66961267
567365.169497675 6526665.94139973
567364.162111985 6526664.95065571
567328.703924984 6526606.29711426
567297.33352583 6526558.59998786
567280.033182171 6526532.76660969
567279.117382842 6526530.7759714
567264.989919539 6526502.01869335
567263.88179551 6526500.92887499
567247.71370619 6526479.08259694
567236.615825735 6526466.18628851
567229.597408915 6526463.24733043
567224.593762964 6526462.28986026
567208.574607725 6526458.32679942
567216.319058104 6526452.46735364
567105.33169236 6526370.46352801
567086.016391649 6526378.61740281
567071.087824824 6526385.63570811
567051.363680768 6526404.68352137
567022.541322624 6526434.99736161
566987.058376445 6526493.34234556
566947.635742612 6526558.51422862
566934.401357891 6526577.00844254
566925.905909572 6526588.66910413
566895.242794608 6526613.90269929
566947.594317023 6526673.51464232
566967.799433164 6526700.22306059
566959.157288441 6526742.25855363
566949.615918536 6526796.29111781
566945.977419694 6526839.28408517
566944.936688163 6526846.28667398
566884.867364611 6526939.70608487
566867.299519871 6527109.7048077
566700.730113412 6527144.06300447
566692.737588076 6527144.1295487
566682.746931405 6527144.21272891
566611.913106612 6527156.792061
566556.148463293 6527179.23724972
566520.172324286 6527142.3690593
566510.799480383 6527132.65559948
566478.910771821 6527166.69176074
566471.186280913 6527174.94895586
566463.16789397 6527183.90799037
566435.838278663 6527213.51001271
566430.490745798 6527219.24958771
566409.793304159 6527241.40281488
566366.692044035 6527224.77641
566332.107515665 6527259.03484031
566293.360187311 6527297.32445687
    Pen (1,2,0)
    Brush (1,0,16777215)
Region 1
  493
567495.816016045 6528556.61113384
567507.859732817 6528563.10513293
567601.18065284 6528611.28563591
567710.611459912 6528674.31899531
567763.770022347 6528698.85470268
567798.828892058 6528709.55324992
567839.898805441 6528722.20001156
567990.183209015 6528771.9044482
568132.682996011 6528846.65198205
568249.240341536 6528925.61206176
568404.045139598 6529038.22418164
568526.630207196 6529121.13059433
568618.252558339 6529205.29398066
568658.681213951 6529260.90880449
568713.163375666 6529324.39966965
568782.689839589 6529382.7695835
568875.045004488 6529434.95458326
568900.97986526 6529453.82206561
568986.498902236 6529512.95801658
569065.88286468 6529567.24930052
569140.321432714 6529627.57657284
569175.688220008 6529675.24048526
569212.253804101 6529746.8736382
569245.747294245 6529809.54016963
569293.269377501 6529865.09593378
569333.631471514 6529924.70786509
569397.122824252 6529978.23228477
569477.371878791 6530028.41991508
569599.940528596 6530097.3385716
569721.260378522 6530160.27281508
569789.504878448 6530196.67244179
569845.560835431 6530209.19434319
569924.545404779 6530215.53047667
569997.38572904 6530215.92296903
570036.457580753 6530216.59669667
570062.549846901 6530230.36727507
570123.867473593 6530274.81765763
570184.30255724 6530333.26327778
570267.224793957 6530464.45846274
570325.865672142 6530547.39783853
570336.076936996 6530561.80025082
570376.648049007 6530634.49912267
570411.048312247 6530686.06772769
570425.210043014 6530706.93161757
570464.49828181 6530745.57067032
570536.88060584 6530798.9211204
570568.209601921 6530841.62300529
570593.552545221 6530873.38425923
570599.721710273 6530906.30434308
570600.162006369 6530959.15493577
570586.634494418 6531014.41987629
570575.052681223 6531063.37406022
570568.483685791 6531114.38467978
570569.790710333 6531151.34180695
570576.026490242 6531180.26480075
570586.233573472 6531206.1573127
570609.47931448 6531238.03595668
570648.758422341 6531275.57604978
570704.955938742 6531305.08206189
570757.065628732 6531323.63162735
570844.167679277 6531344.88715125
570875.263646264 6531359.61519131
570936.514778726 6531396.07305614
571023.000653382 6531463.29394871
571084.293414368 6531504.74714363
571132.523377507 6531537.31691608
571168.739551003 6531566.98934448
571199.943736627 6531594.70524648
571235.027665517 6531608.40093061
571297.152224091 6531617.77493045
571344.034340444 6531620.48176098
571417.041255949 6531628.86589161
571518.113654908 6531648.00674738
571533.46529502 6531571.84463084
571544.164540162 6531536.88566882
571552.981351659 6531515.83037603
571498.740318683 6531481.312414
571471.382571019 6531435.5800371
571457.03766556 6531404.72631025
571443.808403598 6531363.87193367
571435.599435643 6531337.96277892
571431.403388783 6531314.01847121
571435.241507321 6531295.00292329
571446.005679301 6531267.83668684
571458.769651865 6531240.85362084
571469.509683296 6531210.79009272
571483.263566389 6531182.69973284
571493.037824369 6531156.64079246
571500.729873613 6531120.50792628
571502.370911149 6531077.63134038
571508.857437742 6531028.71958237
571507.624484894 6530988.6645174
571501.305442162 6530949.7508669
571711.125518462 6530949.90152553
571805.06370706 6530952.21637578
571798.087039175 6530834.37650145
571837.958184427 6530823.05389744
571841.163510229 6530836.01595885
571880.043896636 6530837.69036715
571935.434105741 6530650.3906608
572066.486781448 6530670.28085458
572074.247069558 6530642.34033577
572004.935970758 6530597.85668575
572028.314232889 6530525.72420777
572233.439413813 6530561.98266435
572231.791025184 6530484.06384352
572249.224813635 6530417.97569393
572280.395803143 6530321.79906022
572283.134940246 6530290.80305384
572272.836254233 6530253.92084403
572278.547619133 6530219.902675
572293.458705972 6530210.78624829
572298.254260118 6530174.77743885
572281.320160692 6530073.00673207
572247.976335992 6530028.3234178
572260.838505902 6530013.12933706
572224.597378153 6529980.45977808
572209.428230809 6529958.60517126
572186.675401133 6529865.97507834
572071.251021218 6529563.29954164
571987.270588054 6529317.11297409
571880.587055799 6529224.08301899
571861.438308291 6529204.25984136
571808.904143263 6529146.74766046
571704.984763654 6529025.71892695
571695.951563574 6529008.80889213
571686.7851605 6528987.90343068
571684.687138248 6528975.93129781
571682.505857739 6528965.95812672
571686.385600758 6528939.94832332
571737.621012376 6528961.50248891
571876.949469107 6528667.595632
571968.380864237 6528476.99857508
571983.017197159 6528458.89224496
572095.620275371 6528410.99495551
572172.589840298 6528535.2455034
572247.369823042 6528636.53422035
572297.506259774 6528658.09751417
572333.306127097 6528649.80621713
572403.190798663 6528631.23963941
572438.899099876 6528599.96902191
572454.909127753 6528602.83305282
572445.151650117 6528510.99401932
572548.013798242 6528505.14145615
572552.917552723 6528494.11013269
572680.781317521 6528491.04668321
572821.890971622 6528638.74209928
573025.076008269 6528562.11435369
573082.15594978 6528685.53144495
573147.745462454 6528655.1109137
573329.599590147 6528536.59728337
573262.054416331 6528464.2232295
573359.271828228 6528380.48518419
573330.84923886 6528326.86866178
573308.90143293 6528330.84822075
573286.265105573 6528372.10120852
573208.87165482 6528316.89439808
573226.287866658 6528248.70829054
573228.735577762 6528194.73467555
573200.670164022 6528171.9884152
573162.763954782 6528179.29815023
573124.573847436 6528152.53978997
573103.370350258 6528137.92925811
573132.941860075 6528077.63496421
573111.853256492 6528064.82191683
573190.787750797 6527945.2674114
573225.871592462 6527958.96299378
573265.009975137 6527979.61873162
573299.344514693 6527903.39853403
573154.430119755 6527670.80861192
573050.660565924 6527675.66965692
572995.753616432 6527681.12275406
572932.779218716 6527677.65085846
572881.702024106 6527663.08937915
572843.712619061 6527540.51247461
572836.06979954 6527462.64375805
572814.906327688 6527320.94316875
572806.70568078 6527296.03316163
572772.113096014 6527221.38637396
572716.032276079 6527205.8674485
572627.215489692 6527098.70101164
572646.680627833 6527036.59261534
572657.545461165 6527021.51511014
572642.476250425 6526999.65972752
572574.589813012 6527018.20966573
572538.798317072 6527039.48962462
572483.958828251 6527053.03511663
572450.048078018 6527060.21163269
572377.765705595 6527138.74615164
572289.873000407 6527142.47574669
572273.696499652 6527119.63045041
572268.218344678 6527061.72638377
572278.467154993 6526972.71819083
572267.211056418 6526940.83971373
572234.017166475 6526914.1396543
572168.719926231 6526979.62723774
572040.798048771 6526987.68680997
572014.71414345 6526986.90496573
572020.283739687 6527163.70506689
572025.761882296 6527221.60913696
572005.030426925 6527251.65590954
571911.818570792 6527216.56352061
571822.319120245 6527147.36977378
571794.003185421 6527106.54129409
571751.693534735 6527184.9260095
571727.307939702 6527256.06757473
571703.63005944 6527292.23359654
571806.741827223 6527316.35298538
571769.409872816 6527500.50443085
571737.323242634 6527498.77344935
571629.673962638 6527529.64416261
571619.575100361 6527516.73955673
571569.771690447 6527535.138812
571527.895038237 6527545.57888528
571518.70284518 6527521.57634974
571466.776444013 6527525.00629016
571443.215104101 6527563.16960747
571383.146331681 6527560.67257101
571337.847132607 6527520.08545098
571321.479177297 6527486.25127145
571285.34638748 6527454.57999482
571222.955718535 6527401.24642871
571169.530001998 6527344.64096253
571110.859865326 6527378.10104809
571059.93339004 6527369.63296353
571017.921874157 6527375.87778536
571002.81104959 6527361.01665943
571015.748972914 6527342.92450163
570989.581824989 6527332.15200148
570969.558913402 6527327.32311911
570949.402801426 6527318.49881486
570947.895784119 6527365.47060906
570924.900648491 6527363.66388144
570903.870348448 6527357.84425617
570882.773460906 6527344.03212294
570824.061979506 6527240.61135144
570807.735660663 6527211.77249223
570769.546475533 6527185.11400363
570748.348880365 6527159.21320467
570738.209247211 6527141.41318753
570730.924505336 6527094.51463251
570691.328393025 6527030.8999594
570674.352621113 6527032.04048921
570621.319250092 6526902.59499933
570598.465619261 6526917.77234108
570579.558305954 6526926.9220178
570363.269019677 6527001.66020582
570262.081714259 6526836.74693935
570182.298385161 6526734.50083247
570126.991143866 6526691.89888779
570118.865466206 6526675.9804512
570111.472523599 6526628.08368228
570157.579281291 6526645.68403805
570216.533216941 6526646.29205372
570249.493176282 6526644.91848234
570305.598900817 6526663.43468364
570377.697976039 6526682.81680402
570405.405433566 6526650.61379198
570373.135754139 6526614.913813
570321.259637148 6526504.44222987
570307.872303434 6526456.59539505
570309.803847517 6526448.58625041
570373.585799859 6526429.07148969
570386.532015205 6526423.96799761
570392.426522009 6526411.92931636
570450.297611413 6526282.55926487
570503.764283452 6526236.15385485
570541.77867202 6526229.84242821
570579.718123444 6526226.52902045
570551.561229542 6526204.78264753
570536.233995882 6526175.93548841
570576.163277512 6526159.61679195
570625.067456867 6526153.21465739
570636.798199539 6526122.14385855
570645.656626943 6526094.09438059
570610.831143746 6526003.46346244
570605.544512992 6525968.53788524
570567.280437559 6525944.8774414
570487.222507243 6525797.67278817
570336.796740592 6525850.88057693
570316.989453976 6525859.93782836
570265.163803307 6525887.44596328
570232.327877405 6525903.70556633
570213.570390398 6525930.83835548
570207.650883914 6525951.86942523
570193.763901798 6525951.98509193
570177.787209269 6525953.11729563
570107.877735295 6525956.6969738
569987.9651515 6525954.69833443
569989.238031395 6525987.55916456
569965.352056953 6525998.74855873
569971.122215113 6526091.71966247
569928.67883189 6526034.12353064
569898.881700705 6526055.3534745
569881.639584759 6526036.5135799
569891.313996388 6525986.47641845
569872.240241678 6525975.64483364
569849.136943208 6525960.85028374
569838.022406775 6525945.95588083
569825.467676558 6525890.10907751
569722.65609897 6525770.07046316
569695.639777861 6525765.2998194
569658.657791328 6525763.60957132
569611.626877518 6525766.99867444
569576.79285797 6525771.28532306
569551.842074754 6525774.59043809
569500.847403109 6525769.91958532
569485.903419446 6525667.13351264
569473.823155956 6525644.25410342
569447.789257784 6525637.47701082
569435.692311079 6525624.58905424
569430.414000622 6525602.65212598
569417.184876475 6525561.79792266
569405.096253096 6525549.90902866
569328.035241007 6525534.56473713
569273.036839181 6525529.02800558
569270.039649953 6525529.05296771
569221.077237224 6525528.46161952
569211.053318463 6525524.54857847
569157.103912621 6525524.99789322
569153.540401831 6525576.98239651
569153.68187501 6525593.96644988
569160.783502387 6525606.89601126
569173.846220978 6525615.77940105
569201.945651337 6525630.63225944
569222.050080414 6525645.25196417
569231.133191236 6525656.16676047
569242.248548948 6525671.16106982
569252.447231918 6525696.05441428
569258.682992321 6525712.98771324
569165.053951734 6525759.72754086
569146.871086052 6525735.8998216
569137.563240067 6525709.99992534
569133.41723547 6525680.06051441
569133.101834214 6525642.19606402
569053.925355359 6525612.78162271
569034.618603549 6525573.97629655
568982.908653889 6525603.38175927
568933.096966826 6525620.78183575
568895.165853896 6525625.09425994
568855.161719201 6525620.43176621
568859.565734636 6525669.35252112
568841.699100559 6525683.48915575
568832.082943424 6525728.53014982
568792.078805378 6525723.86765335
568793.285909389 6525748.83588368
568807.405941389 6525764.70439176
568816.572265573 6525785.60981195
568803.834091882 6525815.68983849
568783.061802588 6525840.84111741
568774.244154175 6525861.79639816
568772.429102883 6525883.79240545
568775.626843919 6525907.84484213
568736.6633711 6525908.1693329
568733.083670543 6525838.25994543
568710.089402686 6525836.55309342
568708.498200003 6525885.42387089
568686.610342414 6525896.59659944
568648.796203609 6525795.00011438
568629.880572712 6525803.15069465
568622.937058408 6525809.20330833
568622.096103178 6525828.19380774
568624.285623882 6525851.15559519
568573.524834968 6525862.5687746
568573.666299358 6525879.55283022
568581.72532888 6525899.46834327
568583.165428725 6525952.41031637
568590.517527254 6525995.41165499
568589.750583175 6526035.28338902
568594.379316445 6526099.18925984
568605.735160007 6526143.05647872
568565.7975798 6526146.38647036
568526.859063006 6526149.70814071
568499.02679492 6526154.93558194
568478.004801939 6526162.10457094
568464.592385326 6526159.21887248
568485.47692564 6526171.53409449
568523.310548869 6526191.5013934
568570.372173527 6526215.78802117
568653.121961821 6526254.36476166
568722.127948302 6526298.25144243
568771.845493098 6526305.53070828
568847.016696079 6526309.90033663
568941.341539504 6526334.69256106
569055.927321906 6526380.89728966
569135.516794966 6526411.9069273
569178.367480259 6526410.45100864
569234.390828737 6526407.08694454
569317.35049533 6526434.8712828
569428.546144479 6526481.90352711
569478.521810612 6526484.18496024
569532.95153611 6526517.40238723
569708.601811026 6526565.69623557
569708.317072206 6526567.49704478
569705.453039085 6526583.5070115
569707.576003595 6526598.47631116
569707.784064391 6526623.45288059
569705.044867541 6526654.44878998
569698.259479564 6526679.48360658
569689.459318201 6526702.53693961
569676.696189518 6526729.61980777
569665.922866156 6526755.68697169
569660.236447269 6526780.71263678
569658.35479451 6526806.70574603
569653.484271327 6526833.72288116
569645.766433722 6526854.76893736
569633.976567155 6526878.74639168
569615.268983354 6526911.87356488
569565.058220851 6527001.31443816
569560.204377978 6527018.34011364
569551.812003181 6527090.34754185
569554.967320104 6527109.30477883
569559.213246866 6527139.24338987
569539.431691391 6527163.38731956
569520.499359599 6527181.52938162
569518.609459225 6527182.54425408
569496.688294928 6527189.72075101
569464.784807008 6527197.97951716
569462.795000102 6527198.99522161
569429.909091485 6527209.26043389
569418.94434776 6527212.34915008
569382.128757161 6527230.64014902
569241.800749275 6527296.65254329
569237.821966924 6527298.78385786
569174.156454129 6527332.28545173
569084.590984398 6527375.09484727
569007.953432707 6527410.60281817
568986.081359435 6527423.6737801
568961.130492773 6527438.96847365
568942.447890593 6527463.1032448
568929.693056904 6527491.18518007
568919.927095351 6527518.2430918
568897.906060469 6527513.43081916
568895.050334912 6527530.43985634
568880.770873595 6527615.38513878
568880.79667083 6527618.48223532
568869.415374224 6527691.51370717
568839.092981106 6527889.59452804
568833.431455857 6527929.60699276
568825.409527178 6527998.11440501
568822.233228553 6528024.61788068
568808.449409217 6528037.1219191
568785.542425893 6528057.89482407
568738.902623301 6528084.26068873
568707.973157425 6528101.50352314
568687.051867829 6528108.77159456
568554.275200212 6528121.76699845
568450.463936578 6528133.62195875
568425.503944778 6528135.82808001
568406.521702634 6528135.986155
568386.473825156 6528128.16003975
568335.413367895 6528103.60692001
568167.837148619 6528029.06829199
568126.825002609 6528143.31096841
568125.842579257 6528145.3174153
568107.801155418 6528138.47372076
568093.739351305 6528129.59862072
568081.683999109 6528121.7059453
568063.62593401 6528112.86412307
568031.589275324 6528105.13783678
568008.710678944 6528105.32835209
567986.739545236 6528106.51043597
567939.666874238 6528104.90413082
567931.757607707 6528102.97172303
567922.607857344 6528096.05397975
567917.529316957 6528086.10493808
567843.781401 6528120.68953043
567840.076476867 6528131.71084215
567829.229030695 6528148.88633792
567802.4114399 6528179.98284563
567773.679812046 6528209.19693812
567747.870496299 6528229.39450074
567745.879851847 6528230.31029564
567710.047419147 6528246.69469695
567697.108645837 6528252.6973166
567673.222575475 6528263.88666716
567643.242198617 6528275.12676143
567639.463218913 6528277.25640633
567620.505856184 6528292.40124953
567609.574367806 6528299.48620127
567597.70205669 6528313.572918
567590.783475551 6528322.62272259
567565.074001105 6528354.80904865
567564.090743501 6528356.71558851
567514.728999465 6528428.16495741
567510.790976193 6528435.19167877
567509.85847348 6528443.19250825
567510.915783672 6528450.17763673
567514.978614517 6528458.13687334
567522.047798133 6528467.17012445
567533.119905176 6528476.96935229
567545.183590656 6528485.86110399
567495.816016045 6528556.61113384
    Pen (1,2,0)
    Brush (1,0,16777215)
Region 1
  20
528615.83851188 6501988.13234897
529711.380883311 6503457.33883421
529639.848681268 6503831.00297265
528727.182591773 6504400.17965212
529033.058470579 6505091.72970765
530100.221280309 6504839.38989356
530698.079626573 6503850.79697839
531814.071626824 6504112.69661504
532200.62823599 6504136.46476381
532419.198183484 6503903.35501724
533019.049536319 6504033.35734827
533211.760417415 6503778.3816379
533077.277729897 6503405.22841855
532354.303387854 6501587.43726715
532241.281367818 6501212.10627857
531580.314963292 6500280.21662565
529341.596109605 6499739.08583751
529278.53382823 6500097.69355924
528960.658910638 6501870.87223727
528615.83851188 6501988.13234897
    Pen (1,2,0)
    Brush (1,0,16777215)
Region 1
  29
542907.156450295 6560169.01529401
543388.021094452 6561943.52756409
544134.284015515 6561750.48052538
544633.067795827 6562327.64721577
544910.661914417 6562595.31343187
545957.377716347 6562475.00525295
547724.111294713 6563078.00178828
548289.554219192 6563572.58329306
548596.089855103 6564208.20130361
549585.738497552 6563761.63926492
550260.332123695 6564045.08834861
551894.429606172 6563549.50210532
552241.572099726 6563433.60948565
551942.915880462 6562448.41944128
551110.19079503 6561364.85767618
550757.14039562 6561203.03166057
549258.334034885 6561326.70152066
548181.719223454 6560891.72484595
547969.632678778 6560175.39016161
547969.120665264 6560173.89567535
547963.155537892 6560153.4624468
548405.47354068 6559516.01668598
548320.31542604 6558779.94315746
546214.007878757 6557184.00982194
545023.805348981 6558071.66572997
544262.284796731 6557919.62969571
544194.157912252 6558305.87196885
543996.922609815 6559062.37761255
542907.156450295 6560169.01529401
    Pen (1,2,0)
    Brush (1,0,16777215)
Region 1
  35
603462.076847793 6529205.30485879
603569.533463973 6530370.90149078
604258.960027773 6530672.57348108
604642.7142547 6530599.22570044
605281.769408655 6528807.22195756
604788.914307124 6527769.34128018
605157.833594659 6526686.28900686
605801.576338805 6526268.16284172
606549.399902889 6526253.01719911
608737.726069654 6524152.52805787
609064.771049962 6524359.11353441
609214.739539665 6525494.1772813
609497.999924885 6525757.7797887
610262.783605913 6524257.77908796
611145.305598568 6524029.2933401
611179.115338896 6523675.5168049
610449.310309391 6521914.05263392
609657.801452352 6521089.59244647
608305.802648871 6520363.33513012
608240.780603176 6519983.31042815
607862.487291164 6519884.9604382
606994.570979984 6520402.46834362
605466.617199463 6520380.17445779
604172.277087833 6521244.85295638
602240.632437327 6521408.77338826
601506.398003899 6521148.64296387
601145.04429102 6521236.08994776
600116.644468306 6522229.32862217
600051.563774187 6522607.64393498
601398.323515554 6524429.29741166
601257.431146083 6525180.82553326
602622.027088177 6525656.9970349
603270.363636015 6527031.88427838
603130.222691591 6528542.75269864
603462.076847793 6529205.30485879
    Pen (1,2,0)
    Brush (1,0,16777215)
Region 1
  30
549584.1446682 6541269.4566477
550600.761368206 6541664.65524718
550519.849729587 6542735.91411272
551029.67597161 6544124.78484558
552243.558872179 6544944.1799239
552583.475512893 6545101.2158924
554072.759849127 6545048.06099708
554468.625284055 6544388.12674342
556468.704916934 6543270.42315472
557495.648378297 6544377.42661927
557816.342317098 6545045.7864196
558423.671337536 6545315.59798676
558211.091784792 6543867.90136979
558655.587334401 6542844.7707913
558902.010097335 6542560.76022478
558575.79029723 6542380.83119399
558217.850067411 6542279.19954203
558590.050382848 6540505.11375472
558207.788006798 6540422.26884165
557278.402654237 6539175.97589777
556212.730751808 6538781.38951094
555895.714750665 6538962.87446658
554719.331880219 6539804.15159225
552815.759033476 6538794.66590504
552863.403506443 6539153.16236914
552350.98065109 6540106.21410484
550982.012676811 6540437.03023855
550438.660198579 6540098.34387684
550123.073751338 6540307.59236302
549584.1446682 6541269.4566477
    Pen (1,2,0)
    Brush (1,0,16777215)
Region 1
  12
570552.530522161 6512649.62084871
570864.570720251 6512435.50704009
572293.645429714 6512918.86478371
573540.081393295 6512107.38213925
573799.57485561 6511426.61626053
574117.48120818 6511221.14523604
573921.080046796 6510888.57605016
573177.309067344 6510034.23188441
572107.765848389 6509844.119791
571962.554583343 6510906.59539488
570725.641643742 6511565.93026935
570552.530522161 6512649.62084871
    Pen (1,2,0)
    Brush (1,0,16777215)
Region 1
  23
582384.986723429 6496829.87211828
583025.652662038 6497732.71965907
583727.367913354 6497917.09531645
584066.088692919 6500100.02879123
584881.375438975 6500807.99185743
585255.904935194 6500827.34645818
587160.517815024 6501797.57723549
587893.498045293 6501693.34603207
589032.085142252 6500770.85022263
589779.099107756 6499917.86387847
589661.79992236 6499163.11296459
590265.003145053 6498257.77521874
589603.114053453 6496165.06456835
588533.694564302 6496096.66164309
587556.378974286 6495631.34134305
586629.717054862 6496040.11984116
586254.817407793 6496107.99149058
584355.286827603 6497171.61324208
584307.602429825 6496425.67475808
583858.052367123 6495832.65719853
582379.460024845 6495556.05179414
582311.533665343 6495881.12960149
582384.986723429 6496829.87211828
    Pen (1,2,0)
    Brush (1,0,16777215)
Region 1
  27
556886.464440639 6561501.5578093
557686.509633958 6563027.42016315
558432.620256022 6562923.99366594
560020.655656945 6563808.03039355
560339.577576272 6564010.70509601
562371.49134226 6563341.53655336
563094.91663703 6563561.32537338
563449.334328673 6563695.06056303
563716.410120823 6562603.94571909
562557.886974186 6561668.98047545
562575.698970932 6560185.27301183
562253.184416468 6560390.78835215
561641.05494337 6560373.40320656
560696.681862014 6559309.76154297
560348.778198321 6558230.66401523
560623.904639064 6556774.39447346
560335.870971538 6556561.1728635
559679.00959272 6556715.11486989
558711.532605531 6556295.72532354
558441.948493293 6556558.2499081
557760.570115514 6556839.68798242
557026.423693303 6556711.60924281
556574.853540501 6557677.35818372
556645.386815007 6558816.31498512
556274.839749659 6559889.00089362
557009.399660032 6560774.34294411
556886.464440639 6561501.5578093
    Pen (1,2,0)
    Brush (1,0,16777215)
Region 1
  24
567407.703977655 6549523.97321566
567926.254151221 6550446.07075501
568984.625691383 6550658.2680374
570237.247282262 6551519.49588296
570615.237645564 6552180.08574774
571746.682817522 6552240.49920552
572158.14476211 6551702.42254
572742.853935851 6552098.51102698
572916.970813149 6552777.38495301
573606.642532742 6552903.9253924
573936.594929333 6553051.54832345
574664.763109942 6553145.59447758
574936.232609181 6552438.5276732
573688.854371723 6551787.18391672
574450.029642653 6550519.40803485
574376.009323448 6550161.92834218
574311.645321285 6549464.65624857
574766.189990151 6548893.14961514
574422.49768654 6548739.24692408
572726.153154728 6547362.66275861
571630.58522888 6547290.75940802
571091.562520702 6546765.5995675
569523.308823881 6548792.95549878
567407.703977655 6549523.97321566
    Pen (1,2,0)
    Brush (1,0,16777215)
Region 1
  23
608401.446355404 6508721.83362699
608441.146257876 6510256.35210801
608884.872580685 6510879.89236967
610360.549967401 6511103.55040754
611054.386315079 6510786.1240036
611598.723960918 6512544.92527533
611876.019702454 6512812.47025057
612583.65351084 6512687.35859343
612956.445497756 6512785.15315725
614143.619539361 6511914.38193274
614305.053900607 6511564.93756862
614297.790350439 6511186.13094589
614961.943277986 6510831.98362796
615122.031090873 6509724.11749928
614484.06868324 6509374.76381804
612988.51260776 6509533.84021644
612720.891807857 6508045.18960172
612390.725874006 6507859.21624616
610781.723943795 6508538.68141144
610073.141294022 6507749.10495787
608624.841594971 6507955.6393006
608470.163569206 6508181.13468666
608401.446355404 6508721.83362699
    Pen (1,2,0)
    Brush (1,0,16777215)
Region 1
  18
550607.45165767 6508124.80041896
551062.064279958 6509112.24177144
552688.601072466 6510563.71377135
553432.635742969 6510610.87599393
553428.742859032 6510983.77953326
553655.356389115 6511201.70011442
554533.993030853 6510614.60006128
554835.840977988 6509595.28542349
555199.745304913 6509490.34699912
555617.411023471 6508882.00522146
555068.367759803 6508373.92738559
554927.061135933 6507288.96355305
553587.551837712 6506051.71492687
552692.939540832 6505426.01937782
552311.869827076 6505473.05107687
551944.765223529 6506911.3347296
550987.442547549 6507491.29550104
550607.45165767 6508124.80041896
    Pen (1,2,0)
    Brush (1,0,16777215)
Region 1
  274
568556.2631992 6537692.38711088
568823.886166634 6537950.53516623
570757.818048606 6537949.41627057
570931.086430575 6538299.17179704
571904.910432017 6538234.30910732
571905.509876362 6538234.30411408
571907.107562017 6538234.19089145
571907.607098971 6538234.18673042
571950.245907231 6538231.2337871
572117.879169764 6537221.40315941
572163.20942191 6536870.0270773
572314.917326201 6536155.27656638
572959.016312563 6535753.95172863
573188.699529642 6535044.34729324
572939.753921269 6534341.82810209
572072.353007598 6533652.65427812
572046.427126146 6533658.86505241
572018.203425109 6533629.12601528
571962.92907684 6533590.52014387
571929.6192934 6533549.93287307
571897.366020213 6533516.23085099
571838.304339721 6533502.7348734
571812.253597163 6533493.95962218
571786.927226442 6533452.20680448
571758.679397339 6533419.57047104
571727.556724694 6533401.64540155
571695.603962697 6533404.00973261
571681.608657398 6533403.12716557
571661.544014786 6533393.3029157
571639.38966758 6533372.50556132
571634.186215554 6533347.57047067
571631.921705307 6533315.61694089
571630.814422427 6533302.6373799
571621.631339114 6533279.73371212
571600.526009054 6533264.92244486
571575.44937182 6533253.14166673
571547.40798888 6533245.28221705
571539.482853635 6533253.44123768
571523.614289383 6533255.57168354
571504.507913843 6533252.83332526
571500.420070574 6533241.87686475
571487.239878337 6533218.90657625
571472.095655078 6533212.03875427
571452.17254428 6533207.2090102
571420.128224694 6533198.58358958
571390.971219676 6533188.73515525
571379.123907205 6533193.82951748
571362.247928784 6533206.95886028
571347.245211366 6533217.0751892
571333.392267143 6533221.28703258
571312.411798851 6533221.46177872
571301.362098559 6533214.36002432
571292.171509519 6533202.54684109
571292.071624304 6533190.55802802
571297.033700387 6533174.53050583
571271.724003448 6533134.7758275
571252.658439127 6533124.94325348
571261.525211492 6533109.8823472
571246.389337094 6533092.02394707
571213.3451203 6533083.30693742
571198.309131259 6533077.4373491
571168.237153659 6533065.6981721
571136.083800852 6533043.9849606
571094.871400519 6533014.25419122
571077.887215069 6533014.39564985
571048.948319404 6533018.73313825
571018.933752695 6533025.87716843
570994.032777957 6533023.18706617
570965.967266974 6533012.43031117
570944.029350235 6533017.60871102
570917.128546017 6533026.72507892
570876.342310375 6533048.14656405
570842.615316283 6533077.40243581
570822.559010396 6533068.57724533
570789.490660189 6533056.96293
570761.182110103 6533017.03339767
570745.239443157 6533022.26177576
570723.068473874 6532999.46628048
570682.972513594 6532983.8140325
570618.865589287 6532964.36521197
570571.742851566 6532944.77493683
570513.480533956 6532907.29297397
570454.120106628 6532857.93042869
570431.040797743 6532846.03308786
570411.059406229 6532846.19950029
570389.046583683 6532842.38628409
570368.998608619 6532834.5601569
570336.92850745 6532822.83760683
570306.923129237 6532819.09095394
570273.945511206 6532818.36646402
570259.991828941 6532822.47922057
570226.363867738 6532863.6239724
570196.642296336 6532893.94551457
570147.962536127 6532927.32243988
570123.917450506 6532919.42968347
570118.806382168 6532917.57388939
570110.880441154 6532913.64335083
570072.765986726 6532895.97631185
570042.718162016 6532887.1344091
570015.819053915 6532884.46093048
569999.818091786 6532894.68546786
569984.972699712 6532911.69451093
569968.121677566 6532927.82103388
569924.403967443 6532957.16007969
569895.414265407 6532967.39287235
569844.761358513 6532991.79398821
569812.94925487 6533011.04251445
569794.191636194 6533038.17541795
569756.65142889 6533089.44402291
569730.042729586 6533133.62763491
569722.157529655 6533146.58216636
569712.260041824 6533157.85492317
569694.53394528 6533188.87587079
569670.764326611 6533214.05224022
569650.999308853 6533240.19439712
569617.197377331 6533260.4586282
569574.378848313 6533277.8005352
569534.624146061 6533291.12037876
569512.827695085 6533313.28290375
569496.942400595 6533337.39447664
569486.293839326 6533378.44776841
569473.431552178 6533405.63149215
569444.823903263 6533437.74219437
569408.149583255 6533473.01739669
569393.055302361 6533472.14395767
569374.122944725 6533466.30679507
569350.986213281 6533447.51586322
569331.920661174 6533437.68326148
569312.905041464 6533433.84506561
569294.846882001 6533425.00321146
569272.750000484 6533411.09939093
569245.751850901 6533396.53698933
569222.697466335 6533399.62646979
569207.802956629 6533410.74100861
569196.954658363 6533427.81667467
569190.070184722 6533440.96269841
569180.028675984 6533446.94122584
569169.122123768 6533457.0234183
569156.309016273 6533466.12235027
569150.422779856 6533479.1601477
569141.506045469 6533488.2266332
569124.563462461 6533493.36340452
569091.627435263 6533497.63422079
569072.711677005 6533505.78483361
569056.743198244 6533507.91608143
569053.97492806 6533511.43611301
569013.241807634 6533563.23086357
568982.545248175 6533596.45800244
568983.58592698 6533601.44502173
568988.86421662 6533635.37172846
568981.995550517 6533650.41598135
568968.141713929 6533666.51753819
568948.568070704 6533715.63824955
568938.851982674 6533748.6906824
568940.200563409 6533790.64321347
568888.282189315 6533795.07209266
568838.278739818 6533789.49365243
568809.214161232 6533778.74516597
568782.197653176 6533773.97444759
568776.261481609 6533781.01783824
568756.796007657 6533843.12643191
568735.655657479 6533848.09832585
568724.268553854 6533896.4514731
568730.636611598 6533941.25970868
568710.421705691 6534033.34866788
568688.033904534 6534104.47384094
568667.645074081 6534175.68228539
568666.070493286 6534226.55149231
568673.380203233 6534264.45784914
568658.427376673 6534280.56855919
568650.684502573 6534298.617508
568646.862968802 6534319.63121712
568657.511069481 6534398.47441847
568665.803208252 6534434.37432445
568701.185932673 6534483.93666517
568710.561191244 6534529.91884498
568732.840327741 6534565.70228653
568773.294140615 6534624.31455847
568805.896854471 6534699.97755065
568822.372965786 6534758.78948807
568822.647626509 6534791.75881395
568821.839999654 6534814.74577281
568829.091532918 6534845.65874931
568840.414265159 6534885.53009179
568859.762864121 6534929.33116711
568890.147053168 6534966.54593571
568899.425864762 6535000.93902626
568891.641363635 6535037.97205537
568865.848626298 6535060.16792775
568833.95322812 6535081.41547588
568811.340847387 6535113.57627392
568806.687591998 6535154.67971009
568809.176021961 6535201.51869637
568829.23234426 6535222.33364732
568830.635206381 6535222.82153619
568865.282159969 6535232.02487049
568892.406921183 6535249.78353905
568904.653816655 6535280.65492774
568905.885952814 6535308.62061433
568892.181955594 6535342.70552107
568869.51875166 6535392.75137443
568850.029269416 6535439.973207
568844.42605182 6535486.97949603
568841.911609896 6535544.95061902
568828.207608521 6535579.03553192
568926.68352377 6535634.26733759
568927.357115007 6535607.18500234
568930.038028343 6535569.1953139
569160.590363899 6535659.19644845
569221.109231191 6535607.73629067
569266.700283575 6535563.39442983
569317.186803747 6535507.02211053
569394.381887275 6535418.45486796
569459.546304964 6535444.88902095
569511.514686994 6535446.45453655
569579.401624163 6535439.89435973
569565.91407248 6535499.95513673
569553.5829357 6535566.90035962
569533.020283955 6535629.21817123
569502.680858793 6535705.30563619
569482.274713934 6535774.41631124
569461.044301827 6535864.51582086
569454.525272922 6535921.5211628
569454.824941913 6535957.48775555
569459.553755118 6536045.37281802
569471.251102617 6536130.20243049
569471.059490213 6536215.1310545
569466.829932196 6536319.07700093
569457.371952453 6536383.10082856
569444.908429967 6536446.15054665
569426.325608955 6536494.26410062
569374.648510526 6536539.65582683
569325.119424201 6536579.03481457
569281.351679698 6536602.37955469
569229.766155481 6536646.77137626
569209.136067061 6536689.00704772
569185.373891239 6536727.07240657
569156.225999437 6536694.34345002
569147.084514558 6536676.43502033
569115.055941017 6536657.7180392
569096.081862547 6536670.8648891
569064.194774001 6536681.12184462
569031.983056103 6536652.41496695
568953.447750857 6536580.13159529
568861.041969484 6536521.95170925
568812.612012786 6536477.39361067
568786.111524162 6536522.57566762
568760.518522713 6536568.74931107
568744.308406859 6536649.81479223
568730.558611418 6536678.40483512
568723.586719456 6536693.05036417
568696.127911639 6536755.12590878
568684.463656985 6536794.18957923
568693.788254756 6536834.07761644
568701.281178688 6536893.96375032
568701.639092106 6536936.92388356
568671.250479889 6537007.11688921
568624.83507857 6537072.44764381
568601.048791911 6537083.63627998
568585.263361493 6537119.73685059
568584.505669324 6537148.71828831
568603.862614876 6537193.51850833
568624.485012319 6537258.29104039
568644.233141233 6537362.03741254
568637.664960314 6537413.14829044
568658.894397559 6537430.85616089
568677.651781669 6537535.60993744
568656.854358717 6537557.76426032
568715.208469819 6537606.2363228
568703.569178542 6537648.29723966
568696.733812039 6537667.33787131
568660.867074768 6537667.63654238
568608.881935368 6537676.06257559
568556.2631992 6537692.38711088
    Pen (1,2,0)
    Brush (1,0,16777215)
Region 1
  31
530973.40945204 6532032.22094669
531307.723600669 6531370.41671221
532246.644707056 6530856.85912594
532987.272527015 6530901.36473326
533207.761535286 6530597.99543601
533929.820463223 6530776.73830619
534572.274979511 6529899.35978177
536304.171264411 6529201.06838965
537088.677034981 6528489.46393167
536952.868241404 6528125.11070066
537877.041197377 6527087.9249538
538036.682573166 6526327.55897377
537232.587423902 6525533.34118688
536142.864084124 6525283.72106635
535632.760918821 6523869.59731388
534877.113705802 6523856.89024916
534765.690286698 6524227.69212088
534153.14897425 6524700.2710865
533281.405112544 6523953.36982367
531984.790847685 6524598.38265002
530839.009585464 6524444.33907629
529592.27122677 6523622.41655945
528596.868024616 6524156.21995485
527859.037552107 6523955.12411419
527358.067067997 6524942.32377845
527845.490400789 6525477.70836204
527701.788792487 6526582.63907368
527813.824554725 6526947.89037569
528919.505345482 6527963.92136541
530587.221236869 6530969.85191389
530973.40945204 6532032.22094669
    Pen (1,2,0)
    Brush (1,0,16777215)
Region 1
  29
559636.946597406 6500021.76895051
560226.755096504 6500529.90343916
560421.641966904 6501269.22336769
561623.337363655 6502189.19321519
562310.925944124 6504385.61524295
563368.774672288 6504684.13494642
564252.648245716 6505399.03542904
564588.863118935 6505580.57249724
564971.069080199 6505645.92897386
565892.9942867 6504979.13431904
565447.089665086 6501199.80177336
565574.122908501 6500833.46795968
566037.058100878 6500215.35761705
567535.192909188 6499851.79048033
568192.562346053 6498910.64577095
567801.614201726 6497855.64399448
567904.536835551 6497485.51523371
567395.285301199 6497053.14632135
566635.327584736 6497156.789984
565614.669623525 6496644.65485405
565285.413010061 6496842.52330965
564936.199093883 6496995.39813846
563685.128722168 6497824.78773772
563211.113189383 6498828.04603407
562014.016400173 6499744.30820197
561355.159552785 6499379.02322042
560878.271359322 6499557.43850229
560876.379005062 6499558.15363517
559636.946597406 6500021.76895051
    Pen (1,2,0)
    Brush (1,0,16777215)
Region 1
  26
557738.905456407 6552881.69983053
558086.660132302 6553043.66703264
558522.982227429 6554062.67447136
558413.610917654 6555194.93228369
558711.532605531 6556295.72532354
559679.00959272 6556715.11486989
560335.870971538 6556561.1728635
560623.904639064 6556774.39447346
561669.79293872 6556447.15558938
562783.943853896 6555546.6288196
563071.071879473 6556586.66185803
563764.678270693 6556669.71185813
564113.96425836 6556535.51369907
564267.356415943 6556226.29522856
564413.525955306 6555913.63990828
564317.768593419 6555549.24444808
563503.664287966 6555022.37228306
562781.588443157 6552900.87612016
561460.037557859 6551596.78711914
561238.719329947 6551344.14418363
560173.740169177 6550698.2615222
559166.936223425 6551494.97562081
558534.276507911 6551279.32728324
557932.653445324 6551551.20862089
558066.155359127 6552837.01202843
557738.905456407 6552881.69983053
    Pen (1,2,0)
    Brush (1,0,16777215)
Region 1
  23
576714.517964955 6526121.46120909
577193.30171178 6527152.07272164
577010.10225219 6529817.69216896
578099.381013839 6530850.81137429
577752.174461972 6531928.57688686
577585.099119922 6532273.7726247
579009.459239542 6532284.48024642
580018.6182907 6533294.48894924
580381.415457462 6533319.64007722
580587.127873767 6532647.50315585
580747.859326457 6532332.43372587
580768.208654506 6531945.09814708
579921.649481843 6530712.22689043
580145.300722178 6529207.96122042
579115.328978004 6528733.06664252
578951.414072924 6528414.70997201
578950.19603471 6528412.42211633
578582.860627037 6527699.00507918
578696.863653278 6525410.5386356
578325.500210261 6524609.33317949
577981.849095411 6524483.50993832
577074.150438062 6525084.16151447
576714.517964955 6526121.46120909
    Pen (1,2,0)
    Brush (1,0,16777215)
Region 1
  16
585421.340453284 6516467.19484873
585680.330230691 6516684.74143919
585941.492144708 6518336.21727882
587501.422338223 6518970.13347928
587722.529264064 6519245.54609521
588008.480270469 6518203.96618054
589787.583826586 6518055.43157621
590068.631404455 6517827.18252732
589898.369401946 6517143.50239737
590597.355480806 6516365.14199422
590462.009450898 6515675.0764783
590512.346449441 6515325.6615689
588216.127377108 6515417.66680949
586843.491280234 6516167.37792295
585681.874678231 6516175.27402497
585421.340453284 6516467.19484873
    Pen (1,2,0)
    Brush (1,0,16777215)
Region 1
  18
531517.381053581 6533771.19331412
531552.348405769 6533770.90295787
531577.267460007 6533775.79162608
531687.364666463 6533774.87741057
531801.990849645 6533753.84296842
531917.007936043 6533767.87490212
532538.043035301 6533860.8327666
533097.076134086 6533369.2119874
533331.231374557 6531931.51188753
532987.272527015 6530901.36473326
532246.644707056 6530856.85912594
531307.723600669 6531370.41671221
530973.40945204 6532032.22094669
530779.746636303 6532281.41426574
530177.557763583 6532195.89259084
529937.364915329 6532400.51111771
531230.37991189 6533560.56090284
531517.381053581 6533771.19331412
    Pen (1,2,0)
    Brush (1,0,16777215)
Region 1
  17
601506.398003899 6521148.64296387
602240.632437327 6521408.77338826
604172.277087833 6521244.85295638
605466.617199463 6520380.17445779
606994.570979984 6520402.46834362
607862.487291164 6519884.9604382
608240.780603176 6519983.31042815
607355.958537117 6518728.80615609
607039.376092827 6518494.65849102
606680.350517496 6518561.80261248
604392.419321346 6516788.30009571
604768.610437955 6518201.81678724
603943.413261519 6518988.93505976
601364.163082449 6518462.27527279
600806.298132549 6519723.94155153
601638.352317868 6520451.24657928
601506.398003899 6521148.64296387
    Pen (1,2,0)
    Brush (1,0,16777215)
Region 1
  23
569347.165674491 6564040.61261725
569989.159094448 6565434.59708092
570844.648020558 6566214.21247263
570936.371202657 6567340.61075015
573177.657959347 6568869.43958695
573182.365676824 6569613.48060519
573188.717318399 6570003.60284412
573137.809018794 6570488.62398185
573307.023566252 6570794.75749012
574357.99338682 6569949.99109615
574707.443510658 6569990.94102822
575652.225140453 6567915.58509916
576239.467680371 6567476.44926964
576726.137448314 6566072.35652933
577112.504609882 6566059.24361324
575133.279906898 6563557.84522349
574491.026280367 6564457.15432193
573275.626411656 6563616.19651615
571882.71019482 6564085.22600208
571478.696167855 6562629.01092397
571109.490234668 6562603.11226979
570440.178401858 6563888.42305793
569347.165674491 6564040.61261725
    Pen (1,2,0)
    Brush (1,0,16777215)
Region 1
  18
595219.723444491 6512513.77171251
596529.559088234 6513218.00086982
596846.251163133 6513872.47884312
598326.022915298 6513749.21049988
599275.202933316 6514288.99852726
599607.144717861 6514460.37199859
599891.277049498 6514206.91736017
599768.538927852 6511581.64612499
598666.315703139 6510517.89961711
598198.634004655 6509106.85231193
597998.712691561 6509382.38207669
596897.782488921 6508867.94254705
596668.562926909 6509140.61959445
596331.425527613 6510141.75850662
595332.843870171 6510505.58923905
595021.669936554 6510332.34354211
594979.106645129 6512211.24907138
595219.723444491 6512513.77171251
    Pen (1,2,0)
    Brush (1,0,16777215)
Region 1
  30
534877.113705802 6523856.89024916
535632.760918821 6523869.59731388
536142.864084124 6525283.72106635
537232.587423902 6525533.34118688
538036.682573166 6526327.55897377
537877.041197377 6527087.9249538
536952.868241404 6528125.11070066
537088.677034981 6528489.46393167
537874.666433869 6529232.67896404
538082.809791868 6530294.62480984
539616.284496466 6529959.15781162
541127.41883174 6528161.14525553
542695.256390729 6526887.30413571
542832.824361929 6526573.23227253
542500.973511939 6526387.85571793
541549.539652806 6525814.47371247
540072.512647087 6525511.13022733
539932.800655097 6524773.13612043
540481.850091307 6522995.9208835
539764.004889103 6522746.013887
539725.496918165 6522367.86564288
539384.954798352 6522326.73565042
538242.812265506 6521875.63525906
537872.698776717 6521774.60350063
537146.614687186 6521880.15229733
536333.689231395 6521105.09283993
534995.116678822 6521822.69075188
535403.675844882 6522823.91726782
534735.976621008 6523524.55430215
534877.113705802 6523856.89024916
    Pen (1,2,0)
    Brush (1,0,16777215)
Region 1
  24
530015.05233127 6570617.50072636
530374.705956596 6570768.58514717
531109.470513798 6572137.34030895
533820.087777792 6572196.65586306
534448.117701777 6572540.14879295
534485.41607625 6572928.41655996
537069.115040382 6571482.13025716
538489.033349573 6570269.52805437
538732.324788143 6569980.5451102
538015.363231304 6568651.01314462
538322.675301129 6567181.08234387
537439.196778255 6566469.22374602
537116.143791583 6566285.86368344
533216.872698771 6565160.42863598
532707.174592922 6565674.03763337
532503.590274604 6565895.74521625
532883.711381934 6566826.60856451
531963.096246156 6567392.79051374
531396.657976698 6568761.75956364
530676.116419345 6568960.38403261
530397.930354869 6569210.48826967
530507.873933629 6569864.23032119
530138.471027283 6570307.53244893
530015.05233127 6570617.50072636
    Pen (1,2,0)
    Brush (1,0,16777215)
Region 1
  12
526559.783588873 6517886.22427694
527422.256595975 6518382.82690591
527753.267541341 6518430.83596625
529441.541933278 6518941.96554125
530760.374470719 6517675.52078569
531139.043634526 6517663.48536566
531734.029165447 6516941.57648623
531307.481020826 6515698.61356036
531034.987094496 6515706.77015594
530763.302739664 6515728.20828566
530394.040697731 6515766.14243604
526559.783588873 6517886.22427694
    Pen (1,2,0)
    Brush (1,0,16777215)
Region 1
  27
578701.643244664 6514599.92968648
579839.728725823 6516107.7107947
581757.692689721 6516280.75010091
582123.663148208 6516962.4988255
583616.251456102 6517129.59134733
584490.406957807 6517766.83421316
584630.894163232 6518127.34605582
585604.790082753 6518432.44560474
585941.492144708 6518336.21727882
585680.330230691 6516684.74143919
585421.340453284 6516467.19484873
585046.356643528 6516381.90138816
584426.231426848 6515930.57534926
584236.793744019 6514085.6726598
583661.761590473 6513578.21967627
583554.813617916 6512447.30459089
582450.475421656 6511463.88897115
582880.507463398 6510482.76103689
582446.726072861 6509013.57539173
581058.825196384 6509537.90062361
579931.038461622 6510546.82705415
579903.563803733 6511289.9030388
580354.447912699 6511898.70452319
579990.659614261 6512221.25774203
580044.082558476 6512589.08890526
579804.771864564 6513640.96354419
578701.643244664 6514599.92968648
    Pen (1,2,0)
    Brush (1,0,16777215)
Region 1
  23
537439.196778255 6566469.22374602
538322.675301129 6567181.08234387
538015.363231304 6568651.01314462
538732.324788143 6569980.5451102
539687.08323289 6567968.77933927
541757.794782634 6568551.57103635
541935.420858304 6566974.60744774
542971.125478716 6566058.55581402
542881.644532689 6565703.39662486
543402.537126403 6564145.36459262
544910.661914417 6562595.31343187
544633.067795827 6562327.64721577
544134.284015515 6561750.48052538
543388.021094452 6561943.52756409
542907.156450295 6560169.01529401
542552.366520276 6560290.3650071
541638.724102522 6561285.83061001
538848.162156328 6562281.00639672
538551.804755227 6562520.47040552
538427.807458309 6562880.79995216
538832.803421432 6563522.2953858
538786.621407142 6564661.52709994
537439.196778255 6566469.22374602
    Pen (1,2,0)
    Brush (1,0,16777215)
Region 1
  274
539077.512126659 6540587.4712297
539804.710375301 6540542.36092506
540325.639055128 6539998.59350661
541386.216013432 6539636.88027434
542248.321751874 6538536.85080019
542580.966112408 6538360.33440745
542873.143575476 6538123.50642088
542345.443103364 6537143.03917994
542433.673768586 6536422.6239885
545281.373677945 6536033.65949238
545471.404174811 6535708.55729633
545122.50217004 6535587.96478721
544457.46086721 6534371.64922308
544510.317155172 6532929.05633952
543136.748279684 6532500.65915217
542889.095080969 6532263.92516562
542559.506942918 6532170.74875701
542191.35994272 6532306.99448555
541418.475601242 6532432.51735958
540952.431685438 6533064.14839979
539443.063364518 6533475.65029626
539489.898892066 6533581.06938691
539499.048929054 6533600.07680937
539543.906877925 6533599.70393417
539623.682127005 6533568.96684263
539748.025754855 6533502.98945467
539872.618277418 6533466.98403866
539892.599543803 6533466.81794134
539892.757188165 6533485.8001982
539893.055882733 6533521.76658035
539873.655408669 6533591.8673118
539889.140014002 6533651.78662114
539889.429581532 6533686.65403463
539944.917389673 6533751.13658005
539955.198425442 6533786.02085461
539955.364368051 6533806.0021825
539925.72351198 6533846.11407737
539941.249609852 6533911.02873099
540002.146782545 6534025.32318487
540063.612897174 6534099.84732139
540067.750545735 6534104.80860463
540097.763951917 6534109.55479153
540164.030686351 6534268.86564776
540194.334506225 6534308.57917235
540189.754053399 6534358.57403853
540180.17827844 6534408.61043083
540190.625276572 6534463.47606176
540236.122505014 6534528.04169365
540286.365308551 6534562.49388612
540306.305940485 6534557.43235895
540309.953703944 6534515.43832499
540359.193337074 6534429.10331684
540385.193902665 6534431.88458706
540406.627267404 6534606.55521335
540419.007017854 6534677.59079192
540422.360019488 6534696.34667807
540515.921252303 6534737.53263946
540522.639048934 6534740.37429038
540542.620342389 6534740.20818885
540546.9111883 6534655.34586062
540561.831108548 6534635.23911073
540581.636983657 6534625.98232781
540581.422901193 6534600.20639618
540546.37183565 6534590.40649803
540541.00394506 6534545.58991189
540506.094276884 6534540.7845183
540455.211383285 6534441.29390258
540439.68607226 6534376.47912765
540459.335452138 6534336.35034955
540489.141425968 6534316.11985816
540509.122710501 6534315.95375532
540554.78590922 6534400.5007117
540579.762517144 6534400.29308234
540604.572339319 6534380.00420659
540592.922968143 6534180.37378931
540607.78446234 6534165.26320854
540752.216928073 6534124.0970967
540777.874294264 6534193.82330989
540857.840083313 6534198.05430523
540863.39170435 6534252.9606269
540748.649186873 6534283.98849029
540719.009177723 6534324.20032694
540719.341924323 6534364.26291175
540729.497695967 6534384.06129159
540729.871102811 6534429.01930659
540740.12761156 6534448.91676365
540785.068581769 6534458.53452574
540795.183695565 6534473.43747832
540790.395823362 6534498.45568171
540660.517448165 6534499.53536689
540616.306351801 6534589.82513793
540611.784669574 6534622.83421766
540691.442807976 6534614.07901967
540692.190447383 6534704.09497204
540952.030235671 6534711.92626704
540952.445143485 6534761.87963132
540997.444546307 6534766.50122492
540993.096154019 6534856.45964385
541038.402924131 6534886.05709191
541044.311055609 6534995.91298456
541071.385715881 6534995.68790793
541082.349705696 6534992.499439
541139.056259418 6534975.14261805
541188.976312597 6534970.73107332
541199.373583999 6535019.60232685
541215.728798748 6535184.32389891
541255.691405028 6535183.99167881
541326.165371061 6535248.34969198
541326.372004645 6535273.22647879
541281.788330178 6535318.65818374
541321.958405451 6535343.30265765
541341.898219219 6535338.14120784
541391.478048085 6535292.76787866
541406.464027213 6535292.64329466
541456.873718019 6535347.17674318
541452.002871361 6535362.20428889
541410.457057844 6535412.5065171
541409.491186929 6535416.51109417
541407.584387352 6535427.51748852
541422.694916151 6535442.37897666
541435.832223626 6535460.25429019
541518.644036577 6535566.47388115
541543.662193092 6535571.26159898
541548.575319502 6535561.32926302
541591.426368548 6535547.88428463
541593.549316052 6535550.86405731
541755.16816895 6535774.32708859
541841.043661065 6535888.5143498
541896.8218071 6535987.86480692
541962.343177604 6536057.35986845
541977.329168651 6536057.23528075
542027.224083677 6536061.81617749
542063.370778242 6536191.40399908
542070.832558668 6536476.09719929
542117.102270739 6536645.56655841
542127.715714643 6536720.41392982
542125.866217592 6536738.31393816
542114.016786693 6536875.39475277
542075.856270038 6537080.5360399
542065.807211649 6537085.61529166
541955.826806806 6537076.53819542
541908.406830093 6537081.22872736
541900.919640128 6537081.99037062
541901.002675081 6537091.98109724
541842.611664051 6537267.31633057
541807.751992152 6537292.58467571
541768.245990572 6537347.86590185
541733.926031563 6537438.07398238
541710.211719966 6537578.15100019
541685.899297641 6537658.28447726
541670.953971173 6537663.30451622
541625.789182732 6537638.80133977
541584.451306198 6537629.952879
541580.748113981 6537629.18435033
541531.375961021 6537699.53472809
541533.43221818 6537706.51162891
541546.503127905 6537716.39439076
541551.813986158 6537754.31764143
541487.431171001 6537809.80567438
541438.166673825 6537905.13371564
541349.080877586 6538005.78850093
541334.094860461 6538005.91307746
541318.942784187 6537986.05618904
541218.247232736 6537891.97474164
541192.938426286 6537852.21944181
541162.592769366 6537807.51030252
541077.505966246 6537788.2347633
541047.533938012 6537788.48391104
540997.829637807 6537818.8713474
540898.005900285 6537829.69256143
540896.434790575 6537833.00279019
540893.193494617 6537839.72398553
540938.425249944 6537884.3093886
540984.006825663 6537958.96606362
540989.167387427 6537978.80609553
540864.989631984 6538064.7654165
540819.447636136 6538115.10109546
540800.631395892 6538135.24034974
540775.697040614 6538140.54324017
540640.531459329 6538106.59689202
540625.462417715 6538096.73072824
540625.130324395 6538056.76780028
540631.00019636 6538041.73187521
540644.696563644 6538006.64805048
540654.314465607 6537961.70662082
540589.391115015 6537952.15494913
540558.370201241 6537946.4179512
540490.330097449 6537922.50453644
540417.744941106 6537868.65463729
540393.18310154 6537858.66755094
540356.313353904 6537858.47444687
540323.324744477 6537868.44032983
540334.612784295 6537964.36405326
540404.588207453 6537968.67820457
540410.472156378 6538063.54779889
540310.34093461 6538049.39296845
540315.792886762 6538104.30047033
540242.836025756 6538101.90946444
540190.86789243 6538100.34313912
540192.708291234 6538081.34414085
540195.448134438 6538050.34796111
540160.397741343 6538040.64787799
540135.421045908 6538040.85548317
540133.04648424 6538115.81088051
540131.546461752 6538175.77187961
540181.499858687 6538175.35666989
540256.355236143 6538165.7421929
540261.342273797 6538164.70159832
540331.234688445 6538159.0250239
540336.686642023 6538213.93253031
540269.832937932 6538224.57955813
540201.979334489 6538235.13497939
540202.26907254 6538270.00263638
540207.306752629 6538275.05638903
540280.105603897 6538270.45471638
540297.180534909 6538269.21373259
540342.138596067 6538268.84003897
540347.592210994 6538323.94736454
540327.693039892 6538334.00427676
540294.748699213 6538337.27553825
540212.883229858 6538344.94999957
540192.943377722 6538350.11145034
540178.513869041 6538405.18421722
540148.773993827 6538445.39710799
540139.032368707 6538475.45235169
540318.781625783 6538463.96686025
540325.017624831 6538492.9900719
540329.14590049 6538508.84212287
540279.274678383 6538519.14816304
540254.713901949 6538569.40935033
540082.575046418 6538895.56149498
540067.589017656 6538895.68605545
540002.458904968 6538861.25740595
539952.779147717 6538906.63175048
539943.660140879 6539011.61753265
539878.862091423 6539017.15182414
539883.591494979 6538997.12965983
539858.016262465 6538889.23498905
539857.701598959 6538887.43914759
539777.733775235 6538883.00817915
539643.167791688 6538909.20510523
539643.209298872 6538914.20047355
539615.318102471 6538936.41342816
539553.774313599 6538984.88379204
539429.015250517 6539000.90784537
539413.738677488 6538966.06481938
539357.835266793 6538851.6280458
539347.844581483 6538851.71108079
539313.250734238 6538896.96001424
539293.43538527 6538917.10755558
539233.98933406 6538977.5501789
539148.625892245 6539033.212489
539124.672851341 6539048.39870408
539115.864149485 6539058.46334036
539104.982306006 6539071.54263462
539094.991323191 6539083.61538222
539085.183256353 6539105.67803671
539077.339292874 6539123.62788258
539065.558820569 6539148.80427258
539037.349507215 6539240.95985437
539021.804351445 6539294.0436188
539007.07564422 6539325.13945628
538982.647072492 6539379.29619512
538971.948672481 6539414.45502431
538963.105338736 6539444.4028937
538958.483529993 6539489.40273792
538953.654200654 6539509.42573332
538957.94100548 6539544.36011132
538959.023082738 6539554.3425485
538952.502744516 6539611.34789119
538947.922438467 6539661.34311116
538941.252982049 6539688.37540358
538913.94766613 6540322.25903772
539077.512126659 6540587.4712297
    Pen (1,2,0)
    Brush (1,0,16777215)
Region 1
  23
539725.496918165 6522367.86564288
539764.004889103 6522746.013887
540481.850091307 6522995.9208835
539932.800655097 6524773.13612043
540072.512647087 6525511.13022733
541549.539652806 6525814.47371247
542500.973511939 6526387.85571793
542832.824361929 6526573.23227253
543922.516572562 6526218.07057944
544683.68147135 6526390.18439616
547151.471434793 6525241.34141431
547914.931921435 6525400.8464361
548231.331777753 6525169.61333953
547848.919994286 6525116.04387371
547220.154109339 6524693.54646154
546688.116713845 6523707.33626683
544797.005138578 6523687.39607765
543907.887086706 6522965.72951218
542875.602202304 6523327.60623522
542050.763611507 6522525.77430492
540921.183538124 6522348.43156686
539949.15648 6521736.75744251
539725.496918165 6522367.86564288
    Pen (1,2,0)
    Brush (1,0,16777215)
Region 1
  21
582866.585816449 6521618.9340053
585052.840036192 6523793.88605011
585388.987802394 6523678.97833184
586284.277053549 6524214.03603215
586624.01658092 6524110.48810824
586812.698711098 6523421.61008393
588828.215276441 6522687.91038632
589124.473623997 6522031.40634299
589138.218208096 6521271.95261256
587688.489635961 6521428.42806951
587722.529264064 6519245.54609521
587501.422338223 6518970.13347928
585941.492144708 6518336.21727882
585604.790082753 6518432.44560474
584630.894163232 6518127.34605582
584260.995362777 6518160.60625901
583659.640670787 6518570.17073426
583334.480043657 6519606.88145001
583547.814524202 6520304.09210049
582972.288521431 6521258.96510831
582866.585816449 6521618.9340053
    Pen (1,2,0)
    Brush (1,0,16777215)
Region 1
  194
552815.759033476 6538794.66590504
554719.331880219 6539804.15159225
555895.714750665 6538962.87446658
556212.730751808 6538781.38951094
556268.088507425 6537749.61186567
557631.386574802 6537265.8710294
558437.843354092 6535627.5578304
558448.870207486 6535295.85060788
558421.66982311 6535280.98995501
558361.25038409 6535356.42853658
558328.696897883 6535406.65661786
558279.700979492 6535390.07900032
558298.325700179 6535346.96085176
558272.240926895 6535334.08919489
558304.670495803 6535268.9749259
558274.548691932 6535251.24107313
558332.678801065 6535152.84128052
558293.423878551 6535130.18773568
558257.474097075 6535120.49553152
558231.647973493 6535138.69505158
558105.231795935 6535195.6992116
558079.38903612 6535211.90058299
558054.187739054 6535185.13349069
557947.803958291 6535128.06867089
557872.549367033 6535089.72846301
557814.436979264 6535070.22928295
557727.210299811 6535021.99728919
557677.889106249 6534990.33543608
557647.642688527 6534957.6156272
557636.362805607 6534922.839601
557621.968504483 6534874.00165486
557591.730403527 6534842.28091573
557543.442546794 6534802.71729974
557484.114218934 6534757.15083052
557451.887128477 6534726.5456958
557444.594387603 6534690.63743833
557446.218460796 6534645.66273197
557414.173418958 6534636.93719517
557377.207842143 6534637.24484725
557329.186830567 6534629.75132201
557296.100326753 6534615.93884875
557260.884347868 6534586.35772492
557203.703802135 6534558.75784883
557170.7178812 6534557.03409933
557160.801996673 6534566.10886149
557146.956332459 6534583.20942911
557136.016440929 6534589.29530104
557105.169968009 6534604.53908208
557063.283695252 6534625.86956563
557003.60566918 6534646.34898038
556945.643005283 6534644.83309075
556906.729162146 6534651.15176921
556874.86699124 6534664.40572362
556840.024073367 6534691.67241013
556811.259016859 6534704.90058853
556821.108408011 6534687.83328052
556820.94216596 6534667.85191241
556816.738084826 6534642.90846064
556806.406592635 6534602.02980248
556814.224595459 6534580.98285145
556829.094269844 6534566.87117754
556857.010194663 6534547.65524203
556899.562729131 6534510.33302197
557007.887764087 6534440.49102341
557032.756441846 6534427.29527088
557068.757182922 6534419.10247315
557095.548197373 6534408.78821961
557124.42977617 6534397.5573434
557150.398100941 6534396.44199945
557192.408061226 6534401.98728264
557223.487275901 6534414.71741126
557246.457561317 6534413.52710293
557282.374187522 6534407.23336062
557314.311160519 6534402.97101315
557350.319223757 6534407.66701903
557377.293942802 6534419.43216681
557408.539567175 6534440.15400523
557453.639008373 6534456.76399251
557449.135662609 6534395.85409284
557482.129892606 6534398.57690362
557525.098192113 6534399.21842722
557530.668818961 6534336.22641279
557529.328775812 6534307.26258418
557563.272351983 6534291.99302075
557555.820528443 6534260.98187187
557559.601662543 6534223.08310128
557695.325461251 6534203.96902691
557711.752682739 6534136.89011456
557706.599393499 6534117.94939905
557678.467512009 6534099.1999314
557645.307865554 6534076.59567388
557612.254622992 6534066.77948509
557607.928058461 6533919.04312488
557632.079606966 6533927.73443563
557728.746705933 6534017.85135981
557745.248738537 6533959.7640669
557747.913433183 6533919.7764088
557753.591960492 6533881.76194197
557757.288975023 6533845.76224199
557753.059939808 6533817.82160596
557744.826315953 6533788.91516332
557695.605926125 6533757.35243792
557691.343641381 6533725.41553274
557817.342709135 6533738.35477199
557835.809620333 6533676.25458945
557931.628793354 6533664.46658295
557937.240810351 6533618.45958225
557929.815054321 6533566.56627641
557904.339557104 6533506.83010704
557920.100056452 6533491.71188229
558079.600561067 6533556.32737032
558122.027500635 6533503.91922332
558181.857055131 6533477.64352539
558245.646987036 6533459.02821423
558324.964141699 6533505.32745774
558439.365097772 6533565.32259553
558461.078584343 6533533.1694913
558482.999904451 6533525.99307418
558576.846486943 6533397.2225444
558388.049890989 6533270.00527928
558354.656354459 6533243.30653994
558343.898151692 6533235.20316485
558322.585716905 6533219.49428504
558272.259024699 6533175.05194193
558208.91036143 6533126.6215236
558168.847863862 6533114.96533478
558115.689406456 6533090.42937149
558000.164743421 6533015.4565316
557944.92517793 6532968.95688561
557876.406472195 6532911.5772616
557786.97399399 6532850.37515423
557677.726415095 6532809.32068367
557576.403342623 6532880.10350528
557450.886491219 6532925.11013613
557441.006104422 6532830.37433789
557324.897386696 6532793.27357197
557269.808153416 6532776.84665101
557240.68471996 6532759.0046654
557117.815955631 6532762.02550259
557054.257956153 6532808.51471874
556990.724888924 6532858.0011349
556953.925607054 6532878.29011325
556936.258241579 6532916.40432374
556939.513124959 6532947.35046104
556934.801229361 6532981.46022313
556884.722297136 6532966.79003257
556866.373332024 6532922.98073861
556916.060758234 6532890.59486866
556911.840055997 6532863.65331529
556865.79148144 6532853.04604209
556850.797145224 6532852.17169139
556821.932222897 6532865.40068117
556809.318380088 6532910.4667876
556780.936343835 6532861.6453958
556758.808055689 6532843.94501107
556756.601328473 6532938.98123546
556756.642057601 6532943.87666444
556748.998617433 6532985.90399976
556734.295039274 6533031.98663702
556692.119047557 6532994.47036057
556654.394665641 6533023.65934556
556629.509387294 6533034.85694162
556600.577963181 6533040.09339097
556570.630015394 6533043.24011278
556550.69934975 6533049.50070707
556536.844551058 6533065.50227487
556504.266782025 6533112.83271077
556476.641962689 6533155.02633362
556451.914605168 6533185.20620685
556428.061637845 6533200.391756
556516.353703409 6533244.61814163
556502.616099552 6533274.70656171
556461.195488183 6533339.99513896
556449.372069882 6533359.97635104
556427.368455206 6533357.26196637
556409.226464109 6533338.32943217
556393.883858897 6533295.59415094
556379.880274865 6533293.71241341
556364.254239957 6533216.90893575
556365.928218179 6533177.92868112
556385.39425805 6533115.82022646
556406.833497466 6533050.69794456
556331.821908098 6532921.43445046
556279.064120435 6532824.95726913
556239.485395159 6532751.35055215
556233.382934353 6532738.41256458
556236.567485015 6532736.88735941
556232.367242841 6532736.42274449
555895.186811987 6532439.58770395
554970.251514309 6533612.57701055
554247.780893541 6535330.9112048
553728.778450695 6537954.5830858
552688.866610427 6538434.23107586
552815.759033476 6538794.66590504
    Pen (1,2,0)
    Brush (1,0,16777215)
Region 1
  15
576919.667262843 6515374.22172847
578325.648057434 6514704.77566966
578701.643244664 6514599.92968648
579804.771864564 6513640.96354419
580044.082558476 6512589.08890526
579990.659614261 6512221.25774203
578423.962100194 6509767.49146988
577803.766885806 6509367.01999048
577506.270429142 6509611.68728257
574884.709922084 6511737.09158822
574569.552200567 6511517.11397734
574220.988904578 6512539.72270482
575797.658817424 6513481.34326792
576821.628914975 6515011.75735285
576919.667262843 6515374.22172847
    Pen (1,2,0)
    Brush (1,0,16777215)
Region 1
  17
574192.452103499 6589713.93424469
575042.636878241 6588610.24875446
575244.999180144 6588326.29393405
574568.390851221 6588019.0906174
574640.069374008 6586191.29638432
573641.137636888 6584627.71777771
573634.045221246 6583873.39922512
573769.428912868 6583513.56685733
573319.368716088 6582072.51161802
572931.19050741 6582120.51004117
571249.612194481 6583693.43620589
571211.477305492 6584452.12789604
571661.160011791 6585500.71261801
571609.268758663 6587748.59395964
571792.303885511 6588082.29300151
572858.464697231 6588374.36108107
574192.452103499 6589713.93424469
    Pen (1,2,0)
    Brush (1,0,16777215)
Region 1
  24
579382.201579165 6503953.62291732
579326.882562288 6504508.69390924
580276.932998003 6505010.81977437
580465.378530925 6505719.22100175
581861.305972604 6505906.20234658
583818.75514661 6504885.35911658
584787.570359627 6503696.11874445
584700.442761929 6502545.66413208
585117.093739633 6501494.01525922
585255.904935194 6500827.34645818
584881.375438975 6500807.99185743
584066.088692919 6500100.02879123
583727.367913354 6497917.09531645
583025.652662038 6497732.71965907
582384.986723429 6496829.87211828
582062.626726464 6496992.01959195
581475.853099406 6497411.94549039
581466.019305591 6497778.30192158
580510.874440779 6498114.57745548
580218.339083681 6498786.22291847
580470.847638238 6499077.75598598
579120.144467906 6500947.07252329
578975.063293473 6502479.82544711
579382.201579165 6503953.62291732
    Pen (1,2,0)
    Brush (1,0,16777215)
Region 1
  14
594023.900806639 6503911.34616732
594556.226749865 6504832.48137114
596185.752526475 6505677.90856801
596830.289582472 6505307.64503429
597904.312743958 6505567.43291874
598164.103895423 6504887.8598326
598435.998793894 6504628.81433238
596215.871672696 6502500.16451962
595938.174999701 6502231.82429724
595721.875112267 6502472.22042333
595339.965719432 6502993.15329899
594738.61919007 6502756.39121653
594167.596077099 6503602.81739183
594023.900806639 6503911.34616732
    Pen (1,2,0)
    Brush (1,0,16777215)
Region 1
  26
569688.258942445 6515644.19835483
570380.400290167 6517772.66298611
570961.840263765 6516855.1182508
571545.486964906 6516874.03495936
571699.645895593 6517221.04564705
572185.322405746 6516669.67836266
573233.266935902 6517120.74406369
573871.407122185 6518007.74588858
574605.935046666 6517800.40085675
574980.963294832 6517723.24023597
575218.910002663 6516674.97261834
576590.202890969 6515547.6189199
576919.667262843 6515374.22172847
576821.628914975 6515011.75735285
575797.658817424 6513481.34326792
574220.988904578 6512539.72270482
574569.552200567 6511517.11397734
574117.48120818 6511221.14523604
573799.57485561 6511426.61626053
573540.081393295 6512107.38213925
572293.645429714 6512918.86478371
570864.570720251 6512435.50704009
570552.530522161 6512649.62084871
570369.919747042 6512964.86651318
569828.727357933 6513856.19610136
569688.258942445 6515644.19835483
    Pen (1,2,0)
    Brush (1,0,16777215)
Region 1
  23
565933.583197272 6573456.33250336
566370.435358749 6574500.92460791
567861.321124422 6575438.72063547
568523.173597447 6576781.09159506
568577.259354494 6577156.23019232
569466.713380254 6577287.10591171
569771.309416002 6577161.16981808
570855.913066311 6575592.22276608
572537.200601901 6574787.86450908
572795.930717914 6572900.67161008
572105.153993324 6571983.995937
572297.037541494 6571246.50819262
572875.172083652 6570769.38167488
573137.809018794 6570488.62398185
573188.717318399 6570003.60284412
572449.319516861 6569798.14284644
570978.776000935 6570089.06849159
569656.133741078 6570754.44718372
569198.3343186 6571355.76516458
568417.55275077 6572610.03198325
567473.126216512 6572284.8745048
566442.526972131 6572613.49113323
565933.583197272 6573456.33250336
    Pen (1,2,0)
    Brush (1,0,16777215)
Region 1
  20
553587.551837712 6506051.71492687
554927.061135933 6507288.96355305
555068.367759803 6508373.92738559
555617.411023471 6508882.00522146
555199.745304913 6509490.34699912
556281.997458355 6509923.94928789
557610.569005854 6509185.03359741
557512.763749212 6507672.88452329
557898.531829989 6505428.55662048
557250.961239396 6503765.72560076
557537.801867208 6503501.07063466
557692.419908222 6502378.97837263
556068.449941361 6501620.08131746
555964.370846316 6501983.72548453
555586.460562868 6502614.61321946
554831.178281784 6502619.89972851
554663.297556194 6504081.80086057
553867.305219261 6504850.54904628
553874.581062347 6505172.80288608
553587.551837712 6506051.71492687
    Pen (1,2,0)
    Brush (1,0,16777215)
Region 1
  28
564430.978608612 6510617.44033742
564704.971734706 6512025.51669701
564545.357680831 6512354.95695944
565135.879641246 6512719.91441915
565793.135492848 6512364.04960267
567461.793617551 6513338.88362134
568616.443513674 6514821.95552567
568475.197103405 6515977.01985228
568772.788116261 6516690.91323213
569441.243521402 6515916.21931985
569688.258942445 6515644.19835483
569828.727357933 6513856.19610136
570369.919747042 6512964.86651318
570552.530522161 6512649.62084871
570725.641643742 6511565.93026935
571962.554583343 6510906.59539488
572107.765848389 6509844.119791
572008.406461629 6509478.77031138
571325.562913315 6509161.54465005
570654.024451459 6509457.68381306
570186.735888766 6508905.96682539
569846.413392054 6508747.34452704
568006.024520532 6508757.88009996
567204.67163576 6509506.40062575
566466.206495113 6509636.34186854
565468.417172487 6509220.02592884
565167.647328666 6509419.7566231
564430.978608612 6510617.44033742
    Pen (1,2,0)
    Brush (1,0,16777215)
Region 1
  23
558902.010097335 6542560.76022478
559445.97861707 6542924.91812673
559914.897850602 6544211.51529975
560203.40223632 6544073.62916207
560238.87249969 6543677.67094287
560754.951298584 6543116.05017906
561495.21048344 6544135.01546882
563298.279839824 6543788.08955666
563243.278191084 6543050.37686589
564090.78934346 6541950.85399487
564259.461770464 6541616.93381095
564262.197143999 6540877.64275099
563340.773625111 6539724.40571272
563438.17752711 6538991.02183151
563061.605199831 6539051.60711941
562164.030348422 6538350.3844435
560796.108452265 6537858.99901394
560513.949834009 6538890.96572051
558596.263000388 6540123.18837586
558590.050382848 6540505.11375472
558217.850067411 6542279.19954203
558575.79029723 6542380.83119399
558902.010097335 6542560.76022478
    Pen (1,2,0)
    Brush (1,0,16777215)
Region 1
  26
595979.291222738 6526899.88421517
596529.034487231 6527416.74021383
597567.966186223 6527337.02075749
598517.789716368 6527952.74482609
600736.326154795 6527697.00940628
601465.209912373 6527902.23494448
601924.974183784 6528495.67654501
602204.369135597 6528751.21872896
603137.54038387 6529119.49409094
603462.076847793 6529205.30485879
603130.222691591 6528542.75269864
603270.363636015 6527031.88427838
602622.027088177 6525656.9970349
601257.431146083 6525180.82553326
601398.323515554 6524429.29741166
600051.563774187 6522607.64393498
600116.644468306 6522229.32862217
599070.725179481 6522285.42885984
597858.284669592 6521567.89451227
597473.08974277 6522126.53003054
597490.012824837 6524427.89051767
596761.459126753 6525290.63613218
596076.154441168 6524931.67796152
595714.214519463 6525068.68588245
595711.879513251 6525447.07766707
595979.291222738 6526899.88421517
    Pen (1,2,0)
    Brush (1,0,16777215)
Region 1
  130
537536.137295278 6533646.26589021
537476.832167541 6533723.69213966
537443.320204936 6533778.92306261
537422.879010405 6533844.03670648
537398.59085809 6533927.16675108
537324.635258599 6533924.78396785
537324.950444518 6533962.74847353
537317.074055356 6533976.80181981
537315.515528599 6534029.76892245
537314.748706653 6534057.75107355
537315.913657606 6534077.72409124
537316.112722098 6534101.70167625
537282.468027335 6534140.94754825
537287.820377517 6534171.8762526
537291.757824224 6534188.82882572
537299.11697175 6534208.75036794
537303.012947107 6534220.70761088
537309.2482416 6534237.64108823
537316.390988327 6534255.56615945
537326.613871213 6534283.45698433
537344.095997616 6534331.27018423
537336.919324417 6534333.32809681
537301.135864399 6534343.61682883
537368.511937735 6534395.91114677
537452.906948231 6534452.26039502
537533.279998302 6534505.54574818
537556.399486418 6534522.33891
537585.629486433 6534553.06918421
537693.499861448 6534669.07154657
537768.977158504 6534734.38721475
537894.606777876 6534823.26532995
537914.104762373 6534837.09118346
537999.131634722 6534897.33180898
538016.215276669 6534909.17945642
538035.4135453 6534923.00780073
538066.433130272 6534940.63452782
538098.578232238 6534961.44913499
538240.299389441 6534834.38017712
538229.011046958 6534798.5051106
538209.854980507 6534765.69284173
538226.879726297 6534770.44711165
538244.880310036 6534772.39569118
538265.934496089 6534781.11301417
538294.94102003 6534796.95802073
538330.182393511 6534817.64697305
538394.462179596 6534845.9877526
538455.480257248 6534866.56238028
538496.499981053 6534873.21540378
538543.464320339 6534873.82420353
538572.428902737 6534872.58433273
538582.370605906 6534866.60680219
538589.180366406 6534856.45893192
538594.117978699 6534837.43431314
538587.401866788 6534750.56532136
538570.769771389 6534672.7709722
538561.114897157 6534580.93073855
538548.345974974 6534499.10774897
538545.216051708 6534483.14759443
538527.385804696 6534381.3839686
538464.137821965 6534344.94163816
538400.782363393 6534283.5218158
538370.48655555 6534256.79696089
538351.388201383 6534242.9677994
538294.325412832 6534229.45417242
538227.404710316 6534232.00863968
538194.410709932 6534229.28545498
538092.356861461 6534212.14920977
538054.343486194 6534206.57024658
538045.637527289 6534204.94407304
538025.328323858 6534201.7158055
537945.154350285 6534172.40808231
537928.137082175 6534168.55297303
537984.860129663 6534129.11527236
538031.475671544 6534099.75292575
537994.170208291 6534059.09843614
538053.732100953 6534024.63281513
538084.496065863 6533987.40913188
538111.797942156 6533906.25228091
538029.89960143 6533909.93036031
537967.000061386 6533915.4488032
537938.042973489 6533917.58782555
537947.188348179 6533815.69996514
537952.346688531 6533739.02344704
537945.894982708 6533720.09350587
537933.242081114 6533712.40541429
537837.046175869 6533666.7451412
537817.205090012 6533683.79542008
537800.412622175 6533707.0149973
537775.700639826 6533739.09278032
537754.597541943 6533724.48097333
537738.454094636 6533705.531667
537733.37499959 6533695.48261802
537730.212742612 6533675.62611748
537726.916939556 6533639.68465768
537719.658062242 6533607.77267491
537761.212278649 6533558.46971562
537770.97895146 6533531.41190766
537774.718893974 6533500.50756354
537741.682617156 6533492.68913971
537695.651052992 6533484.07949831
537684.644767419 6533482.17270256
537709.380800697 6533452.99221681
537720.320727654 6533446.90648691
537740.310287279 6533447.73948708
537755.22121407 6533450.61296511
537757.111876102 6533425.61888651
537755.93862144 6533404.64681115
537698.909071533 6533395.12944196
537528.985384346 6533386.55033011
537379.12590878 6533387.79579261
537259.504121137 6533408.77263094
537189.511262896 6533414.34999247
537139.475161494 6533404.77448046
537085.534043909 6533406.22189859
537073.711126971 6533426.30281277
537038.242355445 6533486.54554307
537019.549542166 6533521.57063005
537074.391238932 6533508.22618337
537121.314083218 6533503.83972317
537174.430321646 6533523.38098504
537278.482203429 6533540.50066632
537368.405367876 6533540.65255957
537416.303175847 6533533.36046225
537460.179016893 6533523.00447178
537536.982473084 6533507.37914892
537558.136159933 6533528.08525601
537569.408703408 6533562.06206204
537565.677507227 6533606.05499705
537551.973007385 6533628.14985689
537536.137295278 6533646.26589021
    Pen (1,2,0)
    Brush (1,0,16777215)
Region 1
  596
536200.693563331 6534091.5854531
536239.509955384 6534061.48877913
536250.582247373 6534083.37776666
536254.162303241 6534081.34975666
536258.800310392 6534086.40681568
536235.878598823 6534105.48088031
536238.983616544 6534118.44384008
536260.460634813 6534105.87615339
536263.510086295 6534112.14537083
536256.076793365 6534119.40089205
536262.35726417 6534129.73972196
536320.967632273 6534100.97731427
536355.727654756 6534075.71018147
536377.400276423 6534038.56215105
536380.272691236 6534035.54088453
536404.644328023 6533950.4119631
536404.403813727 6533921.43905286
536420.00655609 6533875.24932447
536424.621215981 6533829.350706
536425.548128856 6533820.65053407
536427.420200518 6533805.44813508
536438.28470689 6533790.27094665
536463.054047614 6533765.08681312
536465.726648271 6533762.06720698
536501.65274916 6533720.80423638
536528.37958303 6533690.70808194
536754.950688657 6533421.95702898
536782.708925072 6533395.74893216
536807.602661473 6533385.55078191
536855.382496141 6533376.06172329
536925.251663352 6533367.58811339
536967.312383481 6533367.23868586
536993.329595105 6533372.01821385
537009.338719561 6533374.78270387
537021.38641096 6533381.77646852
537034.506986273 6533397.65361552
537046.603991095 6533398.5522508
537056.377881443 6533408.46239508
537073.711126971 6533426.30281277
537085.534043909 6533406.22189859
537139.475161494 6533404.77448046
537189.511262896 6533414.34999247
537259.504121137 6533408.77263094
537379.12590878 6533387.79579261
537528.985384346 6533386.55033011
537698.909071533 6533395.12944196
537755.93862144 6533404.64681115
537757.111876102 6533425.61888651
537755.22121407 6533450.61296511
537740.310287279 6533447.73948708
537720.320727654 6533446.90648691
537709.380800697 6533452.99221681
537684.644767419 6533482.17270256
537695.651052992 6533484.07949831
537741.682617156 6533492.68913971
537774.718893974 6533500.50756354
537770.97895146 6533531.41190766
537761.212278649 6533558.46971562
537719.658062242 6533607.77267491
537726.916939556 6533639.68465768
537730.212742612 6533675.62611748
537733.37499959 6533695.48261802
537738.454094636 6533705.531667
537754.597541943 6533724.48097333
537775.700639826 6533739.09278032
537800.412622175 6533707.0149973
537817.205090012 6533683.79542008
537837.046175869 6533666.7451412
537933.242081114 6533712.40541429
537945.894982708 6533720.09350587
537952.346688531 6533739.02344704
537947.188348179 6533815.69996514
537938.042973489 6533917.58782555
537967.000061386 6533915.4488032
538029.89960143 6533909.93036031
538111.797942156 6533906.25228091
538084.496065863 6533987.40913188
538053.732100953 6534024.63281513
537994.170208291 6534059.09843614
538031.475671544 6534099.75292575
537984.860129663 6534129.11527236
537928.137082175 6534168.55297303
537945.154350285 6534172.40808231
538025.328323858 6534201.7158055
538045.637527289 6534204.94407304
538054.343486194 6534206.57024658
538092.356861461 6534212.14920977
538194.410709932 6534229.28545498
538227.404710316 6534232.00863968
538294.325412832 6534229.45417242
538351.388201383 6534242.9677994
538370.48655555 6534256.79696089
538400.782363393 6534283.5218158
538464.137821965 6534344.94163816
538527.385804696 6534381.3839686
538545.216051708 6534483.14759443
538548.345974974 6534499.10774897
538561.114897157 6534580.93073855
538570.769771389 6534672.7709722
538587.401866788 6534750.56532136
538594.117978699 6534837.43431314
538589.180366406 6534856.45893192
538582.370605906 6534866.60680219
538572.428902737 6534872.58433273
538543.464320339 6534873.82420353
538496.499981053 6534873.21540378
538455.480257248 6534866.56238028
538394.462179596 6534845.9877526
538330.182393511 6534817.64697305
538294.94102003 6534796.95802073
538265.934496089 6534781.11301417
538244.880310036 6534772.39569118
538226.879726297 6534770.44711165
538209.854980507 6534765.69284173
538229.011046958 6534798.5051106
538240.299389441 6534834.38017712
538098.578232238 6534961.44913499
538066.433130272 6534940.63452782
538035.4135453 6534923.00780073
537998.704928509 6534966.27572099
538004.947339775 6534996.09800035
538034.178198343 6535026.92818809
538069.560591294 6535064.60128852
538139.507722326 6535197.90417136
538153.718604206 6535224.76273622
538158.030912259 6535262.79397813
538119.646839032 6535344.9422274
538120.186854552 6535409.98149834
538120.974074231 6535504.79298179
538127.232156539 6535644.72048789
538130.88824878 6535663.87359219
538137.679320415 6535699.58636821
538168.438976322 6535794.14913001
538169.579144888 6535811.12503743
538174.140649445 6535879.12857635
538184.586987518 6535933.89455921
538185.702255885 6535947.87325446
538195.324663027 6536023.72794889
538194.35049761 6536026.73346604
538191.201682043 6536128.77186874
538176.795042631 6536198.63160231
538171.925044425 6536213.7590969
538137.331235365 6536259.00791934
538127.53117113 6536294.05928315
538128.195180616 6536373.98500976
538123.63176038 6536413.98855917
538079.420782637 6536504.27864022
538079.711285157 6536539.24615014
538094.862453293 6536559.00313436
538130.424153029 6536594.17708939
538185.626185157 6536648.27140905
538195.682117258 6536668.07073924
538200.927285358 6536698.10128705
538191.144953858 6536723.26102028
538191.517631429 6536768.11934812
538188.902239132 6536814.10156533
538225.058714079 6536836.68140737
538307.016214564 6536840.09675845
538377.457204207 6536900.45893859
538436.692656544 6536934.93657907
538437.974238523 6536956.90703121
538443.691404566 6537055.77448537
538489.479458092 6537155.30806538
538580.931081544 6537339.38916058
538616.230453663 6537379.06144603
538646.326977984 6537393.79843717
538771.251882438 6537397.75589607
538901.21362827 6537406.66718901
538936.305493522 6537421.36265786
538956.577367836 6537456.16412737
538962.610310193 6537581.00668018
538948.8279203 6537725.99676582
538950.156053408 6537885.8484082
538971.808843001 6537966.59893924
539012.261304363 6538025.21210676
539002.685670315 6538075.24878782
539000.795446015 6538088.25334315
538953.072613026 6538116.62594632
538978.356441137 6538153.38406471
538974.5890361 6538156.91237289
538844.561370143 6538284.38450245
538802.866135799 6538316.70357551
538815.114764259 6538347.87492634
538827.961174101 6538378.84148134
538838.532671826 6538424.61424791
538849.914811945 6538447.69975069
538848.964654013 6538489.6716205
538830.376940418 6538525.29565097
538797.681312813 6538570.52878267
538766.946167219 6538623.23918869
538753.885166165 6538650.62432194
538749.526319164 6538667.14639614
538751.440783705 6538717.18751779
538750.714207891 6538774.04475891
538745.020280053 6538810.26103616
538741.356031226 6538850.25718745
538763.475886752 6538830.88981842
538777.031974792 6538814.99070546
538806.404355466 6538790.66726356
538821.923949561 6538794.6347666
538845.475636837 6538815.32110919
538865.993596216 6538831.63643784
538863.171834262 6538840.75208578
538853.679192808 6538900.77952844
538854.135732804 6538955.72857447
538919.780759526 6539040.11012858
539017.404001213 6539137.21477278
539065.558820569 6539148.80427258
539077.339292874 6539123.62788258
539085.183256353 6539105.67803671
539094.991323191 6539083.61538222
539104.982306006 6539071.54263462
539115.864149485 6539058.46334036
539124.672851341 6539048.39870408
539148.625892245 6539033.212489
539233.98933406 6538977.5501789
539293.43538527 6538917.10755558
539313.250734238 6538896.96001424
539347.844581483 6538851.71108079
539357.835266793 6538851.6280458
539413.738677488 6538966.06481938
539429.015250517 6539000.90784537
539553.774313599 6538984.88379204
539615.318102471 6538936.41342816
539643.209298872 6538914.20047355
539643.167791688 6538909.20510523
539777.733775235 6538883.00817915
539857.701598959 6538887.43914759
539858.016262465 6538889.23498905
539883.591494979 6538997.12965983
539878.862091423 6539017.15182414
539943.660140879 6539011.61753265
539952.779147717 6538906.63175048
540002.458904968 6538861.25740595
540067.589017656 6538895.68605545
540082.575046418 6538895.56149498
540254.713901949 6538569.40935033
540279.274678383 6538519.14816304
540329.14590049 6538508.84212287
540325.017624831 6538492.9900719
540318.781625783 6538463.96686025
540139.032368707 6538475.45235169
540148.773993827 6538445.39710799
540178.513869041 6538405.18421722
540192.943377722 6538350.11145034
540212.883229858 6538344.94999957
540294.748699213 6538337.27553825
540327.693039892 6538334.00427676
540347.592210994 6538323.94736454
540342.138596067 6538268.84003897
540297.180534909 6538269.21373259
540280.105603897 6538270.45471638
540207.306752629 6538275.05638903
540202.26907254 6538270.00263638
540201.979334489 6538235.13497939
540269.832937932 6538224.57955813
540336.686642023 6538213.93253031
540331.234688445 6538159.0250239
540261.342273797 6538164.70159832
540256.355236143 6538165.7421929
540181.499858687 6538175.35666989
540131.546461752 6538175.77187961
540133.04648424 6538115.81088051
540135.421045908 6538040.85548317
540160.397741343 6538040.64787799
540195.448134438 6538050.34796111
540192.708291234 6538081.34414085
540190.86789243 6538100.34313912
540242.836025756 6538101.90946444
540315.792886762 6538104.30047033
540310.34093461 6538049.39296845
540410.472156378 6538063.54779889
540404.588207453 6537968.67820457
540334.612784295 6537964.36405326
540323.324744477 6537868.44032983
540356.313353904 6537858.47444687
540393.18310154 6537858.66755094
540417.744941106 6537868.65463729
540490.330097449 6537922.50453644
540558.370201241 6537946.4179512
540589.391115015 6537952.15494913
540654.314465607 6537961.70662082
540644.696563644 6538006.64805048
540631.00019636 6538041.73187521
540625.130324395 6538056.76780028
540625.462417715 6538096.73072824
540640.531459329 6538106.59689202
540775.697040614 6538140.54324017
540800.631395892 6538135.24034974
540819.447636136 6538115.10109546
540864.989631984 6538064.7654165
540989.167387427 6537978.80609553
540984.006825663 6537958.96606362
540938.425249944 6537884.3093886
540893.193494617 6537839.72398553
540896.434790575 6537833.00279019
540898.005900285 6537829.69256143
540997.829637807 6537818.8713474
541047.533938012 6537788.48391104
541077.505966246 6537788.2347633
541162.592769366 6537807.51030252
541192.938426286 6537852.21944181
541218.247232736 6537891.97474164
541318.942784187 6537986.05618904
541334.094860461 6538005.91307746
541349.080877586 6538005.78850093
541438.166673825 6537905.13371564
541487.431171001 6537809.80567438
541551.813986158 6537754.31764143
541546.503127905 6537716.39439076
541533.43221818 6537706.51162891
541531.375961021 6537699.53472809
541580.748113981 6537629.18435033
541584.451306198 6537629.952879
541625.789182732 6537638.80133977
541670.953971173 6537663.30451622
541685.899297641 6537658.28447726
541710.211719966 6537578.15100019
541733.926031563 6537438.07398238
541768.245990572 6537347.86590185
541807.751992152 6537292.58467571
541842.611664051 6537267.31633057
541901.002675081 6537091.98109724
541900.919640128 6537081.99037062
541908.406830093 6537081.22872736
541955.826806806 6537076.53819542
542065.807211649 6537085.61529166
542075.856270038 6537080.5360399
542114.016786693 6536875.39475277
542125.866217592 6536738.31393816
542127.715714643 6536720.41392982
542117.102270739 6536645.56655841
542070.832558668 6536476.09719929
542063.370778242 6536191.40399908
542027.224083677 6536061.81617749
541977.329168651 6536057.23528075
541962.343177604 6536057.35986845
541896.8218071 6535987.86480692
541841.043661065 6535888.5143498
541755.16816895 6535774.32708859
541593.549316052 6535550.86405731
541591.426368548 6535547.88428463
541548.575319502 6535561.32926302
541543.662193092 6535571.26159898
541518.644036577 6535566.47388115
541435.832223626 6535460.25429019
541422.694916151 6535442.37897666
541407.584387352 6535427.51748852
541409.491186929 6535416.51109417
541410.457057844 6535412.5065171
541452.002871361 6535362.20428889
541456.873718019 6535347.17674318
541406.464027213 6535292.64329466
541391.478048085 6535292.76787866
541341.898219219 6535338.14120784
541321.958405451 6535343.30265765
541281.788330178 6535318.65818374
541326.372004645 6535273.22647879
541326.165371061 6535248.34969198
541255.691405028 6535183.99167881
541215.728798748 6535184.32389891
541199.373583999 6535019.60232685
541188.976312597 6534970.73107332
541139.056259418 6534975.14261805
541082.349705696 6534992.499439
541071.385715881 6534995.68790793
541044.311055609 6534995.91298456
541038.402924131 6534886.05709191
540993.096154019 6534856.45964385
540997.444546307 6534766.50122492
540952.445143485 6534761.87963132
540952.030235671 6534711.92626704
540692.190447383 6534704.09497204
540691.442807976 6534614.07901967
540611.784669574 6534622.83421766
540616.306351801 6534589.82513793
540660.517448165 6534499.53536689
540790.395823362 6534498.45568171
540795.183695565 6534473.43747832
540785.068581769 6534458.53452574
540740.12761156 6534448.91676365
540729.871102811 6534429.01930659
540729.497695967 6534384.06129159
540719.341924323 6534364.26291175
540719.009177723 6534324.20032694
540748.649186873 6534283.98849029
540863.39170435 6534252.9606269
540857.840083313 6534198.05430523
540777.874294264 6534193.82330989
540752.216928073 6534124.0970967
540607.78446234 6534165.26320854
540592.922968143 6534180.37378931
540604.572339319 6534380.00420659
540579.762517144 6534400.29308234
540554.78590922 6534400.5007117
540509.122710501 6534315.95375532
540489.141425968 6534316.11985816
540459.335452138 6534336.35034955
540439.68607226 6534376.47912765
540455.211383285 6534441.29390258
540506.094276884 6534540.7845183
540541.00394506 6534545.58991189
540546.37183565 6534590.40649803
540581.422901193 6534600.20639618
540581.636983657 6534625.98232781
540561.831108548 6534635.23911073
540546.9111883 6534655.34586062
540542.620342389 6534740.20818885
540522.639048934 6534740.37429038
540515.921252303 6534737.53263946
540422.360019488 6534696.34667807
540419.007017854 6534677.59079192
540406.627267404 6534606.55521335
540385.193902665 6534431.88458706
540359.193337074 6534429.10331684
540309.953703944 6534515.43832499
540306.305940485 6534557.43235895
540286.365308551 6534562.49388612
540236.122505014 6534528.04169365
540190.625276572 6534463.47606176
540180.17827844 6534408.61043083
540189.754053399 6534358.57403853
540194.334506225 6534308.57917235
540164.030686351 6534268.86564776
540097.763951917 6534109.55479153
540067.750545735 6534104.80860463
540063.612897174 6534099.84732139
540002.146782545 6534025.32318487
539941.249609852 6533911.02873099
539925.72351198 6533846.11407737
539955.364368051 6533806.0021825
539955.198425442 6533786.02085461
539944.917389673 6533751.13658005
539889.429581532 6533686.65403463
539889.140014002 6533651.78662114
539873.655408669 6533591.8673118
539893.055882733 6533521.76658035
539892.757188165 6533485.8001982
539892.599543803 6533466.81794134
539872.618277418 6533466.98403866
539748.025754855 6533502.98945467
539623.682127005 6533568.96684263
539543.906877925 6533599.70393417
539499.048929054 6533600.07680937
539489.898892066 6533581.06938691
539443.063364518 6533475.65029626
539348.152349506 6533476.43922408
539303.800094737 6533465.51766525
539152.919358975 6533428.00537585
538938.433736756 6533347.15973768
538932.322859296 6533345.21226154
538932.395742104 6533329.92489326
538971.843556349 6533279.6402639
538965.650900885 6533255.81241659
538956.359844218 6533219.82088002
538958.199514838 6533200.72211554
538965.644475976 6533134.71734339
538945.149336093 6533085.03088115
538939.839123863 6533035.1182896
538929.740170351 6533010.12395471
538879.397592302 6532975.67260813
538859.249587197 6532955.75747473
538869.033644126 6532930.79770036
538868.452923439 6532860.86311438
538843.185997588 6532826.10342876
538832.822052553 6532781.22852625
538805.731219873 6532767.46582453
538762.497409771 6532746.8433624
538717.100271453 6532682.27697195
538692.140657792 6532672.49309236
538676.930377536 6532657.63250539
538686.713606305 6532632.57283153
538706.611896089 6532622.41609536
538706.321541483 6532587.44881091
538660.824508117 6532522.88325878
538630.35489312 6532463.18847293
538618.685785971 6532381.45638525
538614.456426679 6532353.41587317
538579.790043982 6532317.73519422
538513.679171751 6532249.34445979
538452.72303048 6532139.94639432
538422.560735464 6532105.22741611
538407.284463675 6532070.38470798
538421.897090706 6532025.30223047
538426.270232112 6531950.33085257
538400.589398499 6531865.71786185
538400.298224996 6531830.65069229
538444.716782033 6531765.33780513
538445.454173359 6531745.84857163
538448.782623813 6531665.39065728
538458.665753687 6531640.33017166
538498.586730037 6531635.00268036
538508.536694906 6531630.02422183
538508.328473846 6531604.94770246
538493.17664103 6531585.09097612
538482.978637102 6531560.1974065
538497.099074594 6531491.93913877
538497.383860785 6531490.13833153
538491.973772442 6531440.22663266
538489.884398043 6531429.25353301
538481.526900893 6531385.36113532
538500.902898005 6531300.27375234
538525.447689723 6531260.10440382
538530.152645377 6531225.09563336
538504.885773831 6531190.33599397
538484.28238259 6531115.57226718
538453.812821295 6531055.8775495
538423.58300612 6531025.05578586
538317.878159726 6530917.12883278
538272.281323753 6530852.56419775
538225.91338472 6530683.09703382
538185.245866464 6530598.50878428
538114.689502761 6530524.16030253
538099.537694898 6530504.30359252
538077.375876208 6530482.50688472
538023.886967959 6530430.09737166
537983.816262753 6530405.35221128
537978.738011165 6530395.40309657
537971.34496683 6530395.46454697
537903.808507814 6530396.02590285
537834.081679248 6530421.5837725
537784.128675826 6530421.99897152
537749.037150115 6530407.30365739
537719.04839115 6530417.54424042
537669.23676813 6530422.9539222
537494.981880404 6530494.34153183
537400.568838839 6530555.07419262
537136.88784448 6530686.15382589
537107.878162906 6530802.29430462
537063.62544638 6530887.58836634
537024.533077821 6530992.72228227
537014.090786722 6531058.75180225
537005.406527347 6531107.88136145
537006.028578432 6531182.81114639
536996.345179971 6531207.86991108
536997.784657361 6531260.91190242
536956.880197329 6531268.14573765
536892.14828322 6531293.6618238
536892.197217451 6531299.5563009
536892.272692282 6531308.64778258
536917.290802163 6531313.43560693
536912.503652292 6531338.55361081
536802.729182993 6531354.25273285
536802.978828696 6531384.32455843
536772.989891074 6531394.5650201
536648.189621228 6531405.59311881
536429.827677081 6531495.7304702
536409.177256791 6531487.5093007
536380.046772652 6531468.76776698
536301.829373596 6531434.4478778
536188.263180762 6531354.46151545
536160.156648028 6531338.70887106
535876.143916909 6531187.20168283
535771.023361254 6531282.09329133
535743.347249806 6531318.19205851
535703.343160112 6531313.52869553
535678.673754838 6531338.71193801
535663.836657468 6531368.80917168
535634.154946723 6531404.02537925
535548.114319987 6531438.31095085
535544.529293789 6531439.73951624
535560.427513665 6531549.51208789
535545.731783502 6531584.60381623
535646.757929649 6531718.64760385
535647.131119131 6531763.60549738
535607.417275401 6531793.9093822
535622.610591241 6531818.76150796
535713.314373982 6531912.92572331
535711.464248808 6531918.73606497
535703.572508091 6531942.98064576
535615.190785511 6532128.55448307
535477.104516811 6532344.51522356
535460.435522846 6532382.62076392
535533.089789963 6532468.9418882
535603.687881181 6532548.28615696
535709.37770371 6532642.32593668
535759.520553112 6532676.77918415
535820.145804527 6532746.31486857
535890.951255695 6532850.63576373
535882.441052258 6532896.66662133
535878.553039494 6532921.77718284
535876.628716041 6532930.68546097
535890.064418754 6532984.52709206
535923.079506758 6533110.14374019
535918.466492681 6533156.2421466
535914.743903303 6533189.2444993
535913.876699454 6533205.13793757
535921.541922855 6533286.00413992
535936.014290749 6533464.72897208
535962.816322402 6533684.41583674
535993.450974479 6533763.99221212
536068.987763096 6533872.57014846
536093.561172851 6533908.03512601
536131.697077486 6533964.46918307
536200.689357736 6534067.00676998
536200.693563331 6534091.5854531
    Pen (1,2,0)
    Brush (1,0,16777215)
Region 1
  154
535978.867136342 6534149.57956524
536000.940447174 6534208.84473228
536042.099541917 6534208.20308184
536049.398210228 6534244.9106192
536049.731103924 6534248.90439387
536050.272104493 6534253.8955748
536050.710710302 6534258.58786585
536053.584841304 6534279.84556631
536042.412370033 6534318.10533545
536055.713738051 6534355.76214602
536121.931862629 6534461.12038929
536139.964456176 6534478.9550233
536184.456143726 6534482.58196488
536204.24636346 6534471.42707719
536262.156894475 6534406.50178602
536273.9960388 6534400.40862488
536310.638600535 6534397.30664785
536347.36078027 6534403.79570546
536369.314620593 6534424.59516596
536389.376038402 6534446.10974193
536404.550764267 6534480.75358392
536402.929603586 6534538.21732476
536401.045090246 6534551.92113247
536395.529099775 6534561.45874024
536420.004218198 6534573.04521287
536417.853988393 6534590.84768286
536630.06147923 6534625.8529619
536689.032191833 6534628.46038023
536744.005803982 6534631.0010887
536797.92229153 6534626.55663026
536821.650722963 6534608.37506838
536855.959458549 6534637.06496529
536882.076218861 6534653.83329498
536904.170997149 6534667.53771842
536892.382066315 6534691.71481807
536865.291119066 6534677.95198729
536815.213317774 6534663.38098769
536770.188913589 6534655.76195161
536745.15377967 6534660.96561005
536731.474081815 6534686.0576378
536729.807698501 6534726.03689423
536747.165074735 6534770.85378696
536772.448644941 6534807.61174991
536796.65850372 6534835.38641457
536836.795394061 6534856.03481482
536851.798001617 6534857.90844882
536892.809552568 6534863.5625497
536929.75018638 6534860.25825061
536982.675907834 6534856.82114996
537021.67273534 6534860.49371388
537039.714017277 6534867.33777813
537057.829945655 6534883.17344093
537073.023316735 6534908.02560289
537095.310522655 6534944.90836973
537156.071099552 6534922.42252079
537199.954472273 6534912.96570239
537200.102485189 6534918.75945848
537201.277011405 6534951.92099819
537198.553525948 6534984.91510532
537297.738375102 6535137.85782261
537313.881836832 6535156.80715697
537332.988113177 6535183.62504194
537379.609031014 6535251.17883788
537406.35154554 6535222.98079375
537440.335518291 6535224.59673012
537474.982797875 6535233.90049916
537476.485542787 6535234.38757855
537495.6332979 6535266.20079863
537496.138433921 6535327.0439759
537512.406320792 6535360.97931689
537565.406546266 6535366.5336746
537587.361097964 6535363.35381303
537643.917967632 6535315.92440494
537698.659185445 6535290.49107423
537728.531603574 6535278.25318428
537736.967071158 6535223.23060532
537737.798581872 6535203.04115019
537738.70013786 6535179.25422415
537881.143400397 6535127.11448692
537934.95936168 6535110.581145
538034.846445443 6535227.74894685
538093.641974826 6535209.27585508
538139.507722326 6535197.90417136
538069.560591294 6535064.60128852
538034.178198343 6535026.92818809
538004.947339775 6534996.09800035
537998.704928509 6534966.27572099
538035.4135453 6534923.00780073
538016.215276669 6534909.17945642
537999.131634722 6534897.33180898
537914.104762373 6534837.09118346
537894.606777876 6534823.26532995
537768.977158504 6534734.38721475
537693.499861448 6534669.07154657
537585.629486433 6534553.06918421
537556.399486418 6534522.33891
537533.279998302 6534505.54574818
537452.906948231 6534452.26039502
537368.511937735 6534395.91114677
537301.135864399 6534343.61682883
537249.851820569 6534304.07762102
537147.694690947 6534394.84875631
537141.58418733 6534380.91164506
537095.962727647 6534301.35993929
536971.2202734 6534319.38156979
536957.317095692 6534329.58833769
536923.447494109 6534341.75942417
536921.74907912 6534341.77353412
536853.496171506 6534340.34228801
536838.476981384 6534336.47052213
536707.449832749 6534319.57461292
536693.599780873 6534203.79001336
536691.352450849 6534185.82425409
536680.254888838 6534172.92769326
536686.133181006 6534158.89097021
536685.01800052 6534144.91234578
536653.391700577 6534066.24342604
536615.638299719 6533971.63925394
536624.538675036 6533960.57483171
536641.464764235 6533953.44027511
536664.451607677 6533954.24844675
536684.474424153 6533959.0777808
536705.579246133 6533973.88947358
536733.544839273 6533972.65801329
536752.452475229 6533963.50872386
536796.121155085 6533928.17622581
536722.608670984 6533858.84750556
536653.374450805 6533823.45382134
536598.235376148 6533788.94217429
536558.072872052 6533789.27582162
536533.237565549 6533794.47781196
536529.257883834 6533796.50914209
536498.519020931 6533824.74027251
536449.063274069 6533885.09920147
536404.644328023 6533950.4119631
536380.272691236 6534035.54088453
536377.400276423 6534038.56215105
536355.727654756 6534075.71018147
536320.967632273 6534100.97731427
536262.35726417 6534129.73972196
536256.076793365 6534119.40089205
536263.510086295 6534112.14537083
536260.460634813 6534105.87615339
536238.983616544 6534118.44384008
536235.878598823 6534105.48088031
536258.800310392 6534086.40681568
536254.162303241 6534081.34975666
536250.582247373 6534083.37776666
536239.509955384 6534061.48877913
536200.693563331 6534091.5854531
536141.425756856 6534137.43852393
536091.596782851 6534152.83948224
535986.694694783 6534153.71090846
535978.867136342 6534149.57956524
    Pen (1,2,0)
    Brush (1,0,16777215)
Region 1
  96
536404.644328023 6533950.4119631
536449.063274069 6533885.09920147
536498.519020931 6533824.74027251
536529.257883834 6533796.50914209
536533.237565549 6533794.47781196
536558.072872052 6533789.27582162
536598.235376148 6533788.94217429
536653.374450805 6533823.45382134
536722.608670984 6533858.84750556
536796.121155085 6533928.17622581
536752.452475229 6533963.50872386
536733.544839273 6533972.65801329
536705.579246133 6533973.88947358
536684.474424153 6533959.0777808
536664.451607677 6533954.24844675
536641.464764235 6533953.44027511
536624.538675036 6533960.57483171
536615.638299719 6533971.63925394
536653.391700577 6534066.24342604
536685.01800052 6534144.91234578
536686.133181006 6534158.89097021
536680.254888838 6534172.92769326
536691.352450849 6534185.82425409
536693.599780873 6534203.79001336
536707.449832749 6534319.57461292
536838.476981384 6534336.47052213
536853.496171506 6534340.34228801
536921.74907912 6534341.77353412
536923.447494109 6534341.75942417
536957.317095692 6534329.58833769
536971.2202734 6534319.38156979
537095.962727647 6534301.35993929
537141.58418733 6534380.91164506
537147.694690947 6534394.84875631
537249.851820569 6534304.07762102
537301.135864399 6534343.61682883
537336.919324417 6534333.32809681
537344.095997616 6534331.27018423
537326.613871213 6534283.45698433
537316.390988327 6534255.56615945
537309.2482416 6534237.64108823
537303.012947107 6534220.70761088
537299.11697175 6534208.75036794
537291.757824224 6534188.82882572
537287.820377517 6534171.8762526
537282.468027335 6534140.94754825
537316.112722098 6534101.70167625
537315.913657606 6534077.72409124
537314.748706653 6534057.75107355
537315.515528599 6534029.76892245
537317.074055356 6533976.80181981
537324.950444518 6533962.74847353
537324.635258599 6533924.78396785
537398.59085809 6533927.16675108
537422.879010405 6533844.03670648
537443.320204936 6533778.92306261
537476.832167541 6533723.69213966
537536.137295278 6533646.26589021
537551.973007385 6533628.14985689
537565.677507227 6533606.05499705
537569.408703408 6533562.06206204
537558.136159933 6533528.08525601
537536.982473084 6533507.37914892
537460.179016893 6533523.00447178
537416.303175847 6533533.36046225
537368.405367876 6533540.65255957
537278.482203429 6533540.50066632
537174.430321646 6533523.38098504
537121.314083218 6533503.83972317
537074.391238932 6533508.22618337
537019.549542166 6533521.57063005
537038.242355445 6533486.54554307
537073.711126971 6533426.30281277
537056.377881443 6533408.46239508
537046.603991095 6533398.5522508
537034.506986273 6533397.65361552
537021.38641096 6533381.77646852
537009.338719561 6533374.78270387
536993.329595105 6533372.01821385
536967.312383481 6533367.23868586
536925.251663352 6533367.58811339
536855.382496141 6533376.06172329
536807.602661473 6533385.55078191
536782.708925072 6533395.74893216
536754.950688657 6533421.95702898
536528.37958303 6533690.70808194
536501.65274916 6533720.80423638
536465.726648271 6533762.06720698
536463.054047614 6533765.08681312
536438.28470689 6533790.27094665
536427.420200518 6533805.44813508
536425.548128856 6533820.65053407
536424.621215981 6533829.350706
536420.00655609 6533875.24932447
536404.403813727 6533921.43905286
536404.644328023 6533950.4119631
    Pen (1,2,0)
    Brush (1,0,16777215)
Region 1
  511
538941.252982049 6539688.37540358
538947.922438467 6539661.34311116
538952.502744516 6539611.34789119
538959.023082738 6539554.3425485
538957.94100548 6539544.36011132
538953.654200654 6539509.42573332
538958.483529993 6539489.40273792
538963.105338736 6539444.4028937
538971.948672481 6539414.45502431
538982.647072492 6539379.29619512
539007.07564422 6539325.13945628
539021.804351445 6539294.0436188
539037.349507215 6539240.95985437
539065.558820569 6539148.80427258
539017.404001213 6539137.21477278
538919.780759526 6539040.11012858
538854.135732804 6538955.72857447
538853.679192808 6538900.77952844
538863.171834262 6538840.75208578
538865.993596216 6538831.63643784
538845.475636837 6538815.32110919
538821.923949561 6538794.6347666
538806.404355466 6538790.66726356
538777.031974792 6538814.99070546
538763.475886752 6538830.88981842
538741.356031226 6538850.25718745
538745.020280053 6538810.26103616
538750.714207891 6538774.04475891
538751.440783705 6538717.18751779
538749.526319164 6538667.14639614
538753.885166165 6538650.62432194
538766.946167219 6538623.23918869
538797.681312813 6538570.52878267
538830.376940418 6538525.29565097
538848.964654013 6538489.6716205
538849.914811945 6538447.69975069
538838.532671826 6538424.61424791
538827.961174101 6538378.84148134
538815.114764259 6538347.87492634
538802.866135799 6538316.70357551
538844.561370143 6538284.38450245
538974.5890361 6538156.91237289
538978.356441137 6538153.38406471
538953.072613026 6538116.62594632
539000.795446015 6538088.25334315
539002.685670315 6538075.24878782
539012.261304363 6538025.21210676
538971.808843001 6537966.59893924
538950.156053408 6537885.8484082
538948.8279203 6537725.99676582
538962.610310193 6537581.00668018
538956.577367836 6537456.16412737
538936.305493522 6537421.36265786
538901.21362827 6537406.66718901
538771.251882438 6537397.75589607
538646.326977984 6537393.79843717
538616.230453663 6537379.06144603
538580.931081544 6537339.38916058
538489.479458092 6537155.30806538
538443.691404566 6537055.77448537
538437.974238523 6536956.90703121
538436.692656544 6536934.93657907
538377.457204207 6536900.45893859
538307.016214564 6536840.09675845
538225.058714079 6536836.68140737
538188.902239132 6536814.10156533
538191.517631429 6536768.11934812
538191.144953858 6536723.26102028
538200.927285358 6536698.10128705
538195.682117258 6536668.07073924
538185.626185157 6536648.27140905
538130.424153029 6536594.17708939
538094.862453293 6536559.00313436
538079.711285157 6536539.24615014
538079.420782637 6536504.27864022
538123.63176038 6536413.98855917
538128.195180616 6536373.98500976
538127.53117113 6536294.05928315
538137.331235365 6536259.00791934
538171.925044425 6536213.7590969
538176.795042631 6536198.63160231
538191.201682043 6536128.77186874
538194.35049761 6536026.73346604
538195.324663027 6536023.72794889
538185.702255885 6535947.87325446
538184.586987518 6535933.89455921
538174.140649445 6535879.12857635
538169.579144888 6535811.12503743
538168.438976322 6535794.14913001
538137.679320415 6535699.58636821
538130.88824878 6535663.87359219
538127.232156539 6535644.72048789
538120.974074231 6535504.79298179
538120.186854552 6535409.98149834
538119.646839032 6535344.9422274
538158.030912259 6535262.79397813
538153.718604206 6535224.76273622
538139.507722326 6535197.90417136
538093.641974826 6535209.27585508
538034.846445443 6535227.74894685
537934.95936168 6535110.581145
537881.143400397 6535127.11448692
537738.70013786 6535179.25422415
537737.798581872 6535203.04115019
537736.967071158 6535223.23060532
537728.531603574 6535278.25318428
537698.659185445 6535290.49107423
537643.917967632 6535315.92440494
537587.361097964 6535363.35381303
537565.406546266 6535366.5336746
537512.406320792 6535360.97931689
537496.138433921 6535327.0439759
537495.6332979 6535266.20079863
537476.485542787 6535234.38757855
537474.982797875 6535233.90049916
537440.335518291 6535224.59673012
537406.35154554 6535222.98079375
537379.609031014 6535251.17883788
537332.988113177 6535183.62504194
537313.881836832 6535156.80715697
537297.738375102 6535137.85782261
537198.553525948 6534984.91510532
537201.277011405 6534951.92099819
537200.102485189 6534918.75945848
537199.954472273 6534912.96570239
537156.071099552 6534922.42252079
537095.310522655 6534944.90836973
537073.023316735 6534908.02560289
537057.829945655 6534883.17344093
537039.714017277 6534867.33777813
537021.67273534 6534860.49371388
536982.675907834 6534856.82114996
536929.75018638 6534860.25825061
536892.809552568 6534863.5625497
536851.798001617 6534857.90844882
536836.795394061 6534856.03481482
536796.65850372 6534835.38641457
536772.448644941 6534807.61174991
536747.165074735 6534770.85378696
536729.807698501 6534726.03689423
536731.474081815 6534686.0576378
536745.15377967 6534660.96561005
536770.188913589 6534655.76195161
536815.213317774 6534663.38098769
536865.291119066 6534677.95198729
536892.382066315 6534691.71481807
536904.170997149 6534667.53771842
536882.076218861 6534653.83329498
536855.959458549 6534637.06496529
536821.650722963 6534608.37506838
536797.92229153 6534626.55663026
536744.005803982 6534631.0010887
536689.032191833 6534628.46038023
536630.06147923 6534625.8529619
536417.853988393 6534590.84768286
536420.004218198 6534573.04521287
536395.529099775 6534561.45874024
536401.045090246 6534551.92113247
536402.929603586 6534538.21732476
536404.550764267 6534480.75358392
536389.376038402 6534446.10974193
536369.314620593 6534424.59516596
536347.36078027 6534403.79570546
536310.638600535 6534397.30664785
536273.9960388 6534400.40862488
536262.156894475 6534406.50178602
536204.24636346 6534471.42707719
536184.456143726 6534482.58196488
536139.964456176 6534478.9550233
536121.931862629 6534461.12038929
536055.713738051 6534355.76214602
536042.412370033 6534318.10533545
536053.584841304 6534279.84556631
536050.710710302 6534258.58786585
536050.272104493 6534253.8955748
536049.731103924 6534248.90439387
536049.398210228 6534244.9106192
536042.099541917 6534208.20308184
536000.940447174 6534208.84473228
535978.867136342 6534149.57956524
535941.529324938 6534129.10772322
535886.083018228 6534069.62021842
535815.609238845 6534005.26187079
535780.282837228 6533986.37193329
535715.146469384 6533951.14398273
535589.972791843 6533917.21405057
535485.170627616 6533918.08460611
535220.666566099 6533950.25575801
535056.276549532 6534006.57365691
534832.439198028 6534123.23350012
534722.791379174 6534154.21820795
534591.651133012 6534159.80356684
534572.972717021 6534160.45827628
534457.772741015 6534136.43674061
534237.415260408 6534058.43609547
534177.471214942 6534058.93397042
534127.724316205 6534084.22560952
534078.227006022 6534139.58913756
534033.559189661 6534174.92985395
533917.328307444 6534231.34720409
533834.533417174 6534271.50068652
533684.946505501 6534317.70413656
533595.171787425 6534323.4454134
533530.066560382 6534304.00342154
533444.731235489 6534254.75538616
533429.448397057 6534243.19243079
533309.08641389 6534150.97273952
533128.176386412 6534022.58763341
532982.797143233 6533973.83823109
532897.793505596 6533964.55281199
532862.991972774 6533984.82452534
532793.554727767 6534045.34927272
532714.268165065 6534110.95148869
532654.390033184 6534131.43144849
532529.548055909 6534137.4638676
532439.424711087 6534113.23390881
532401.290184601 6534093.06832187
532374.195146085 6534078.80586919
532233.248732862 6533950.18868717
532178.009023926 6533915.5777704
532012.209493436 6533802.05407057
531917.007936043 6533767.87490212
531801.990849645 6533753.84296842
531687.364666463 6533774.87741057
531577.267460007 6533775.79162608
531552.348405769 6533770.90295787
531517.381053581 6533771.19331412
531512.550694794 6533791.11620674
531472.878995115 6533826.5152583
531453.370619301 6533871.63831753
531433.41372103 6533886.79105469
531418.717870542 6533921.88280495
531429.081605139 6533966.75782195
531439.362437707 6534001.6421787
531437.455495869 6534012.64849813
531429.744825655 6534046.68311478
531399.921604326 6534076.9048049
531365.219126979 6534097.0757459
531355.892498264 6534177.18391105
531291.740677757 6534272.63443607
531287.076946424 6534312.63856979
531307.348453792 6534347.4399791
531322.541722207 6534372.29220337
531322.997682248 6534427.2408583
531298.559851932 6534492.38757459
531164.846324727 6534633.37681521
531090.040591573 6534648.98498689
531035.341391754 6534679.51315025
530985.470071798 6534689.81868744
530945.714607326 6534715.1271751
530911.161728371 6534765.37085307
530916.364315391 6534790.30604444
530886.392278891 6534790.55490839
530878.490924526 6534801.6110064
530876.526777255 6534805.72377105
530877.503034255 6534815.00762616
530881.935781932 6534855.53572661
530872.11007122 6534875.50011074
530882.391725548 6534910.48440215
530872.567672443 6534930.64860048
530847.673042633 6534940.74674849
530812.937349883 6534981.00059322
530788.350700132 6535016.17449073
530748.885366385 6535076.45032299
530729.194976184 6535111.68348147
530664.627759029 6535157.08078698
530629.784720275 6535172.35712787
530604.973810771 6535192.54585081
530575.167559781 6535212.77604984
530555.476334696 6535247.90930291
530525.628633723 6535263.14416613
530506.020303085 6535308.26809141
530446.408621976 6535348.82839531
530416.767328151 6535388.94003096
530437.121724942 6535433.73215385
530427.752759972 6535508.7451513
530453.102500629 6535553.49580202
530498.310095858 6535583.19444606
530583.353598101 6535597.27554833
530623.748659028 6535637.00550949
530642.154236494 6535699.79827068
530641.20490796 6535705.800972
530616.759057245 6535769.9489378
530680.090236682 6535816.38270634
530740.283201855 6535845.85713963
530760.388998368 6535860.67730878
530775.457977448 6535870.54359585
530795.771146466 6535910.34055822
530790.941700174 6535930.36347027
530731.246420193 6535960.83334455
530706.435597232 6535981.02216358
530747.56045526 6536120.66031832
530763.209246747 6536200.36173592
530718.873256164 6536275.66542713
530709.131410658 6536305.72054181
530720.034530525 6536415.53551839
530746.214008294 6536560.19360049
530766.692253121 6536619.87212047
530768.082378405 6536654.93043288
530687.555550624 6536715.54752936
530707.844673519 6536752.44720663
530798.821824468 6536879.4819808
530819.002289443 6536903.29381055
530809.185787693 6536924.35728766
530725.135842348 6537029.96501819
530720.347865173 6537054.98331015
530731.168042132 6537154.80761956
530691.579354048 6537200.19761542
530686.83202015 6537230.11136694
530722.421568048 6537304.75148354
530732.992902113 6537374.60362562
530748.476637722 6537434.42356482
530754.218521376 6537524.29864929
530745.057305485 6537624.2889024
530740.102600613 6537629.22583773
530736.824839158 6537655.63040003
530730.734842107 6537704.33917882
530696.348029043 6537774.56463853
530656.617112528 6537814.86021297
530542.280174041 6537870.76238223
530497.778227094 6537926.08470197
530477.987230445 6537961.21900316
530448.28092609 6537981.44849954
530373.558029908 6538007.04747952
530356.681666505 6538020.17645239
530333.844059929 6538037.3514901
530304.203735487 6538077.56328216
530219.613717338 6538118.13140258
530194.845152189 6538143.41552485
530199.964920157 6538158.36015104
530250.167267481 6538187.9175968
530250.250212309 6538197.90833166
530175.551811264 6538238.49423892
530170.69700944 6538243.43034539
530135.688905863 6538238.82521437
530110.587732282 6538224.04648891
530090.648627582 6538229.30766552
530111.251283288 6538303.97237317
530120.657929661 6538317.78235159
530121.266495713 6538318.87635547
530181.227680308 6538308.38708241
530211.199791065 6538308.13822756
530361.64096391 6538376.82909406
530386.700669823 6538386.6124476
530381.872038626 6538406.73530398
530377.083221216 6538431.65371417
530362.180110124 6538441.7688803
530327.536131138 6538481.02308874
530273.09321913 6538542.42282477
530203.98855708 6538643.01077593
530196.102990696 6538655.9651899
530224.548922208 6538712.58022618
530480.655130092 6539185.14655364
530483.294187749 6539190.1203564
530528.252381008 6539189.74705954
530588.362532794 6539209.23081185
530638.274607866 6539203.82066243
530698.012326184 6539178.44597888
530743.011163749 6539182.96813816
530778.285925257 6539207.65381412
530823.558955305 6539257.23504633
530858.650863985 6539271.93080839
530918.553650578 6539266.43769033
530943.363697599 6539246.14890358
530988.321892773 6539245.77559081
530998.396382144 6539255.78328151
531034.338053514 6539252.48740733
531058.299167682 6539250.29015734
531093.142227235 6539235.01368746
531153.127962544 6539239.51130084
531218.233480294 6539258.95354382
531268.187031056 6539258.53874131
531327.799483674 6539218.07801001
531347.449094587 6539177.94912313
531367.05639871 6539132.72495956
531416.55453497 6539077.46098741
531436.162665111 6539032.33673405
531465.885931903 6539002.11562948
531485.742919004 6538986.96359625
531515.466183861 6538956.74249185
531535.405293818 6538951.48129023
531575.410432611 6538956.24471698
531635.645850583 6538990.81443394
531685.599392424 6538990.39961703
531700.418716168 6538970.19378586
531714.948527475 6538915.12027646
531709.704309439 6538885.18954259
531689.474030429 6538855.38325462
531689.183689443 6538820.41567115
531723.902300273 6538790.15308513
531763.69838861 6538769.73984727
531798.317919212 6538739.57799783
531873.140736772 6538713.978092
531887.919406707 6538688.87680255
531912.481392047 6538638.71570722
531932.338369689 6538623.56367267
531992.199648432 6538613.07514475
532011.972838573 6538587.83246609
532050.941006129 6538467.71168459
532090.654953538 6538437.40761614
532100.46279374 6538427.33474497
532155.411668926 6538426.87843012
532157.295799973 6538425.16424159
532234.815025256 6538351.28335865
532239.56150224 6538321.26967347
532238.772568309 6538226.25779864
532268.496631894 6538196.13660594
532283.441207096 6538191.01678872
532343.38542503 6538190.51898375
532428.595929622 6538224.68141264
532436.497710741 6538225.71484819
532618.627523022 6538248.18173861
532724.027678726 6538307.25494861
532813.944013124 6538306.50820909
532839.04521633 6538321.28688001
532913.89253285 6538310.67385785
533039.166611452 6538344.60343574
533069.163262714 6538359.34144543
533119.116783755 6538358.92657759
533178.463313535 6538298.4851663
533195.766313033 6538300.63948942
533536.6203627 6538342.47025627
533534.390260269 6538302.52309209
533533.154387039 6538286.04751135
533589.630072208 6538288.97554009
533720.041374907 6538051.19566457
533721.03214828 6538050.18829375
533770.629378527 6538018.90287669
533792.533421097 6538009.62875996
533875.257463646 6537972.97257937
533910.017495078 6537947.70532867
533949.755938985 6537932.38814681
533964.717442899 6537917.27675392
533980.404701835 6537881.27726965
533989.237859518 6537862.12029608
534008.928864849 6537826.98678674
534116.9588911 6537601.18272982
534157.046974584 6537615.93680425
534202.21255061 6537640.54020636
534242.590208442 6537690.16191539
534322.847696851 6537729.46096903
534383.41419442 6537803.89353058
534514.952778777 6538002.62931565
534555.164508825 6538032.26956676
534608.223926651 6538044.91760438
534695.325581083 6538066.1752392
534810.674195772 6538120.07000716
534845.807607566 6538139.76101404
535021.060624214 6538188.36229342
535081.086991495 6538197.75518696
535111.142079281 6538207.49695132
535145.57018318 6538142.26674752
535165.385632485 6538122.11931095
535169.305240496 6538124.88434945
535180.453835259 6538131.88564943
535256.090256992 6538216.2843378
535276.03017436 6538211.12299321
535340.139951885 6538110.67626331
535468.649911636 6537944.75036664
535483.635964051 6537944.62587993
535549.114900328 6538009.02616645
535579.169157779 6538018.66801163
535769.200783976 6538042.16787742
535779.274468732 6538052.07561204
535764.827800467 6538117.13983686
535819.901140017 6538131.66946443
535869.812333229 6538126.15922226
535899.743780073 6538121.01478203
535994.821424985 6538140.20778769
536085.235659051 6538199.40519946
536246.124233641 6538322.96136872
536391.653338146 6538401.6837376
536406.680888701 6538406.55460477
536562.582459396 6538531.15131971
536595.825648523 6538563.84683157
536643.163712525 6538609.41409307
536739.154278007 6538738.50509597
536748.304423407 6538757.51269321
536764.687392983 6538793.24579003
536774.868655516 6538828.13118268
536779.888586118 6538843.07661107
536779.15540081 6538863.06554724
536780.096059131 6538868.05344361
536920.397009158 6538906.75360409
537025.839716783 6538970.92174225
537116.128727171 6539015.03309827
537196.162802426 6539039.44663081
537261.534228948 6539078.86916543
537321.875574709 6539138.21638105
537382.127921547 6539162.79417807
537472.16860338 6539177.03309942
537542.493809455 6539211.41869875
537560.84285318 6539231.24907228
537597.840663254 6539270.90732913
537633.472043759 6539350.54264747
537649.371037951 6539460.31622641
537671.235921158 6539674.85032547
537711.722090304 6539749.54952504
537712.303068365 6539819.48470658
537702.561364986 6539849.53994965
537722.625749863 6539859.36464769
537772.536891479 6539853.85426189
537842.182086493 6539818.40542223
537896.757408548 6539772.99046561
537986.34165105 6539732.28029561
538095.409270391 6539631.4596318
538145.155228828 6539606.06765923
538210.111631484 6539595.53642584
538239.776295793 6539570.31133073
538564.971799351 6539627.55739739
538941.252982049 6539688.37540358
    Pen (1,2,0)
    Brush (1,0,16777215)
Region 1
  20
552344.310727056 6557182.99434112
552509.434044511 6557226.58315283
552996.324733939 6557803.04556816
554055.442804539 6558248.65459853
556212.700430036 6557550.28042565
556574.853540501 6557677.35818372
557026.423693303 6556711.60924281
557760.570115514 6556839.68798242
558441.948493293 6556558.2499081
558711.532605531 6556295.72532354
558413.610917654 6555194.93228369
558522.982227429 6554062.67447136
558086.660132302 6553043.66703264
557738.905456407 6552881.69983053
557474.858229413 6553173.153157
556368.977729094 6553122.90491992
555011.956103845 6553906.34402311
553617.579636916 6555267.80610261
552954.057676207 6556686.33609688
552344.310727056 6557182.99434112
    Pen (1,2,0)
    Brush (1,0,16777215)
Region 1
  220
571518.113654908 6531648.00674738
571705.314038941 6531703.39823088
571847.814437374 6531766.15597927
571959.06067947 6531807.1930587
572020.070463867 6531814.67795614
572068.98403923 6531809.37475238
572171.613402189 6531775.54837826
572243.370695088 6531753.86887751
572289.202971092 6531750.48969096
572327.334083313 6531758.16515111
572385.496507543 6531783.65820177
572403.76199157 6531769.41822994
573957.824968 6531829.80860798
575036.971429509 6532294.60831489
575541.283555346 6532887.59068188
577371.23224132 6532603.17237973
577585.099119922 6532273.7726247
577752.174461972 6531928.57688686
578099.381013839 6530850.81137429
577010.10225219 6529817.69216896
577193.30171178 6527152.07272164
576714.517964955 6526121.46120909
576324.429653936 6526118.21835413
575604.842434266 6526332.53501945
574161.028286345 6525916.93705818
574128.825216367 6526009.12554402
574073.327268408 6526051.55151149
574050.806678903 6526010.77472935
574023.723712658 6525986.02207793
573958.576419667 6525949.59699024
573950.36743853 6525935.67753603
573825.701813253 6525962.79358706
573771.718252963 6525971.13651292
573557.760464996 6525941.94605256
573578.69080221 6525815.88102213
573498.674151342 6525817.54682485
573444.449976364 6525773.03765746
573419.898005057 6525824.19794767
573459.003015052 6525840.85738642
573482.05640531 6525849.65750357
573477.394122454 6525901.6512168
573405.369968651 6525879.27125252
573304.414608127 6525874.11757004
573243.954622225 6525932.57094982
573136.655207079 6525885.50656193
573105.800796864 6525899.75146894
573055.839299046 6525899.16858095
573029.613053645 6525881.30278887
573010.547596744 6525859.48072348
572824.323857617 6525813.27367868
572674.11386697 6525772.46163345
572625.009913307 6525754.88634406
572594.879838887 6525736.15385103
572571.735715963 6525716.46393954
572481.12814624 6525754.08674831
572276.911222168 6525826.72639976
572187.345153231 6525869.43608504
572115.820503174 6525906.99980966
572083.034549495 6525929.25383761
572016.84660134 6525923.81042642
571952.898228844 6525911.35443208
571922.65911217 6525879.5342037
571915.441742 6525852.71768031
571830.887623688 6525897.38385218
571759.221432814 6525929.95307604
571768.088003371 6526022.79848383
571634.737893238 6526098.8442216
571648.816349481 6526109.71739729
571675.174915832 6526155.45789801
571726.401861866 6526188.00252355
571789.592602657 6526217.45009022
571853.690842839 6526235.89964187
571816.384041001 6526315.14185938
571735.68447116 6526462.6865448
571823.177410445 6526530.89783599
571852.666504488 6526484.6920966
571865.679323158 6526475.59150508
571931.301216163 6526437.07782528
571973.811326657 6526490.67684434
571970.914014904 6526514.68015613
571968.715968774 6526610.61517502
571929.785767827 6526614.93600715
571918.987524065 6526638.00600578
571941.35818132 6526684.77887555
571935.288741253 6526795.73314378
571977.24943888 6526795.38359699
572010.151962685 6526787.11644654
572023.955710549 6526777.01013057
572058.356780744 6526816.68885819
572076.548050444 6526841.51563197
571997.988249203 6526886.13190032
572001.110309051 6526901.09288178
571990.386983939 6526933.15445527
572012.491266734 6526947.95730866
572036.460474467 6526958.74809572
572040.798048771 6526987.68680997
572168.719926231 6526979.62723774
572234.017166475 6526914.1396543
572267.211056418 6526940.83971373
572278.467154993 6526972.71819083
572268.218344678 6527061.72638377
572273.696499652 6527119.63045041
572289.873000407 6527142.47574669
572377.765705595 6527138.74615164
572450.048078018 6527060.21163269
572483.958828251 6527053.03511663
572538.798317072 6527039.48962462
572574.589813012 6527018.20966573
572642.476250425 6526999.65972752
572657.545461165 6527021.51511014
572646.680627833 6527036.59261534
572627.215489692 6527098.70101164
572716.032276079 6527205.8674485
572772.113096014 6527221.38637396
572806.70568078 6527296.03316163
572814.906327688 6527320.94316875
572836.06979954 6527462.64375805
572843.712619061 6527540.51247461
572881.702024106 6527663.08937915
572932.779218716 6527677.65085846
572995.753616432 6527681.12275406
573050.660565924 6527675.66965692
573154.430119755 6527670.80861192
573299.344514693 6527903.39853403
573265.009975137 6527979.61873162
573225.871592462 6527958.96299378
573190.787750797 6527945.2674114
573111.853256492 6528064.82191683
573132.941860075 6528077.63496421
573103.370350258 6528137.92925811
573124.573847436 6528152.53978997
573162.763954782 6528179.29815023
573200.670164022 6528171.9884152
573228.735577762 6528194.73467555
573226.287866658 6528248.70829054
573208.87165482 6528316.89439808
573286.265105573 6528372.10120852
573308.90143293 6528330.84822075
573330.84923886 6528326.86866178
573359.271828228 6528380.48518419
573262.054416331 6528464.2232295
573329.599590147 6528536.59728337
573147.745462454 6528655.1109137
573082.15594978 6528685.53144495
573025.076008269 6528562.11435369
572821.890971622 6528638.74209928
572680.781317521 6528491.04668321
572552.917552723 6528494.11013269
572548.013798242 6528505.14145615
572445.151650117 6528510.99401932
572454.909127753 6528602.83305282
572438.899099876 6528599.96902191
572403.190798663 6528631.23963941
572333.306127097 6528649.80621713
572297.506259774 6528658.09751417
572247.369823042 6528636.53422035
572172.589840298 6528535.2455034
572095.620275371 6528410.99495551
571983.017197159 6528458.89224496
571968.380864237 6528476.99857508
571876.949469107 6528667.595632
571737.621012376 6528961.50248891
571686.385600758 6528939.94832332
571682.505857739 6528965.95812672
571684.687138248 6528975.93129781
571686.7851605 6528987.90343068
571695.951563574 6529008.80889213
571704.984763654 6529025.71892695
571808.904143263 6529146.74766046
571861.438308291 6529204.25984136
571880.587055799 6529224.08301899
571987.270588054 6529317.11297409
572071.251021218 6529563.29954164
572186.675401133 6529865.97507834
572209.428230809 6529958.60517126
572224.597378153 6529980.45977808
572260.838505902 6530013.12933706
572247.976335992 6530028.3234178
572281.320160692 6530073.00673207
572298.254260118 6530174.77743885
572293.458705972 6530210.78624829
572278.547619133 6530219.902675
572272.836254233 6530253.92084403
572283.134940246 6530290.80305384
572280.395803143 6530321.79906022
572249.224813635 6530417.97569393
572231.791025184 6530484.06384352
572233.439413813 6530561.98266435
572028.314232889 6530525.72420777
572004.935970758 6530597.85668575
572074.247069558 6530642.34033577
572066.486781448 6530670.28085458
571935.434105741 6530650.3906608
571880.043896636 6530837.69036715
571841.163510229 6530836.01595885
571837.958184427 6530823.05389744
571798.087039175 6530834.37650145
571805.06370706 6530952.21637578
571711.125518462 6530949.90152553
571501.305442162 6530949.7508669
571507.624484894 6530988.6645174
571508.857437742 6531028.71958237
571502.370911149 6531077.63134038
571500.729873613 6531120.50792628
571493.037824369 6531156.64079246
571483.263566389 6531182.69973284
571469.509683296 6531210.79009272
571458.769651865 6531240.85362084
571446.005679301 6531267.83668684
571435.241507321 6531295.00292329
571431.403388783 6531314.01847121
571435.599435643 6531337.96277892
571443.808403598 6531363.87193367
571457.03766556 6531404.72631025
571471.382571019 6531435.5800371
571498.740318683 6531481.312414
571552.981351659 6531515.83037603
571544.164540162 6531536.88566882
571533.46529502 6531571.84463084
571518.113654908 6531648.00674738
    Pen (1,2,0)
    Brush (1,0,16777215)
Region 1
  27
578272.363724398 6545796.63741676
578790.384767498 6546187.38381248
579743.635757306 6546099.00718051
581315.555385442 6544093.60342071
581624.004069099 6543867.42296757
582301.786572264 6544174.10569189
582972.970069822 6543366.39468519
583205.336055491 6543062.71502597
584964.558646942 6541760.64185641
584885.697285839 6540691.51490309
585258.445528774 6540053.04893366
585109.576540195 6539730.16854028
585183.148818448 6539039.94552452
584484.776462521 6538935.56651411
584147.072145651 6538840.46779597
583462.868767767 6538793.71965496
583277.142167041 6538496.02496275
583004.205832124 6538739.0943014
582014.315169353 6538279.24943796
580916.866039852 6538268.41619096
580205.966135132 6537452.64801724
579983.852343258 6538554.25555564
580759.578979213 6541979.2491757
579034.961099446 6543945.15646202
579001.40977471 6543983.50358523
578473.668778571 6545458.3467094
578272.363724398 6545796.63741676
    Pen (1,2,0)
    Brush (1,0,16777215)
Region 1
  35
538242.812265506 6521875.63525906
539384.954798352 6522326.73565042
539725.496918165 6522367.86564288
539949.15648 6521736.75744251
540921.183538124 6522348.43156686
542050.763611507 6522525.77430492
542875.602202304 6523327.60623522
543907.887086706 6522965.72951218
544797.005138578 6523687.39607765
546688.116713845 6523707.33626683
547220.154109339 6524693.54646154
547848.919994286 6525116.04387371
548231.331777753 6525169.61333953
548360.901289793 6524302.18967062
548151.997148606 6524051.34777056
547857.478784144 6523801.71817652
547095.011689793 6523027.94307066
547049.394310765 6521878.5290884
545554.137909089 6519212.11574313
545183.942886388 6519317.90465279
544082.219908247 6519643.59041487
543739.169601892 6519468.79990334
542432.342885592 6518689.16380873
542062.015779919 6517683.93016391
540749.36202359 6516924.12480216
540558.340336531 6516780.84082918
540320.738998949 6517032.19717408
539488.018797004 6517627.20406479
538747.225242622 6517055.67187897
538395.134947844 6517211.96429279
537936.266303967 6517816.95036476
538551.905809152 6518765.89302855
537920.838124935 6520508.41373757
538432.559890585 6521540.35034092
538242.812265506 6521875.63525906
    Pen (1,2,0)
    Brush (1,0,16777215)
Region 1
  26
574450.029642653 6550519.40803485
576148.728455684 6551243.12423616
576843.215816858 6552030.96446267
577874.330872749 6552448.81007319
579135.513348349 6551688.1335049
579489.456343778 6551561.48802907
580920.630482416 6550457.98313854
582537.853656111 6549882.47712274
582353.519821229 6549596.25833577
581768.253574217 6549253.43313055
581885.484397612 6548933.72650999
581260.841311211 6548493.81224995
581174.085534976 6546957.34266029
579753.05369067 6546485.39969722
579743.635757306 6546099.00718051
578790.384767498 6546187.38381248
578272.363724398 6545796.63741676
577937.031076469 6545950.20366144
576959.07637849 6546466.92051737
576594.158667986 6546571.37506801
575531.614370591 6547548.10706684
575482.942430108 6548648.87822198
574766.189990151 6548893.14961514
574311.645321285 6549464.65624857
574376.009323448 6550161.92834218
574450.029642653 6550519.40803485
    Pen (1,2,0)
    Brush (1,0,16777215)
Region 1
  27
559162.843860606 6579287.8091416
559534.97019495 6579231.9561171
560974.251835394 6580355.6375803
561468.660141566 6581280.75299367
562955.014393337 6581242.80147769
563528.601261134 6582209.02286815
566300.173674233 6581485.52561599
566659.876252201 6581473.53766162
567925.492809967 6581612.8734747
568213.358864773 6581445.61242472
567787.058945894 6580504.74510941
568482.300385989 6579680.03352422
568470.5212833 6577512.52507653
568577.259354494 6577156.23019232
568523.173597447 6576781.09159506
567861.321124422 6575438.72063547
566370.435358749 6574500.92460791
565933.583197272 6573456.33250336
564070.98750624 6573546.67891249
564152.189994733 6573926.6867452
563859.382409154 6574963.46618556
562688.680490107 6574067.26403203
560609.123382293 6575100.03041278
560762.84607257 6577264.45658133
559955.819260415 6578092.39313077
559806.383980706 6578852.80897463
559162.843860606 6579287.8091416
    Pen (1,2,0)
    Brush (1,0,16777215)
Region 1
  71
578951.414072924 6528414.70997201
579156.470645673 6528442.77467386
579515.832985349 6528499.52693613
579834.96622601 6528536.63181548
579835.066132518 6528536.63098252
579835.166039025 6528536.63014956
580133.450827789 6528493.8780599
580133.550734293 6528493.87722692
580133.549901135 6528493.77732036
580133.749714144 6528493.7756544
580451.151921128 6528371.23302982
580451.251827622 6528371.23219681
580451.350067746 6528371.03155068
580787.234116148 6528128.43854454
580787.333189407 6528128.33780496
581220.457981661 6527685.10693242
581220.557888096 6527685.10609934
581220.557054844 6527685.00619282
581495.198911217 6527323.22741125
581672.568380481 6527182.26917559
581950.739259058 6527159.76697236
582249.457699625 6527157.07604558
582469.115028887 6527234.67541563
582630.428033216 6527432.65750118
582733.427367667 6527730.73968254
582736.225071272 6527970.30894686
582736.226738037 6527970.50875999
582736.22757142 6527970.60866656
582736.327477881 6527970.60783338
582881.824794866 6528488.44527021
582881.825628261 6528488.54517682
582881.826461656 6528488.64508343
582963.383162457 6528647.62680442
582963.483902379 6528647.72587786
582963.485569183 6528647.9256911
582963.585475703 6528647.92485791
583487.093257764 6529122.34482607
583487.094091211 6529122.44473273
583487.193997772 6529122.44389951
583889.283148651 6529438.31346453
584271.490222086 6529754.24879228
584674.545447286 6530149.94111405
585057.187937538 6530506.0381137
585057.18877111 6530506.13802048
585057.388584307 6530506.13635322
585780.277296062 6530998.77390834
585780.37803633 6530998.87298149
585816.387070454 6531015.65775778
585815.976606683 6531014.3623038
585815.665215921 6531012.96610933
585604.271240558 6530165.56315998
586152.324044932 6529210.9105984
587143.786809796 6529752.26164418
588244.172138283 6529589.21063616
588617.605282849 6529524.1472295
588583.072666617 6529145.56278999
587023.193770339 6526567.82326071
587099.293632515 6525127.03618869
586624.01658092 6524110.48810824
586284.277053549 6524214.03603215
585388.987802394 6523678.97833184
585052.840036192 6523793.88605011
583902.390409628 6524733.87797076
580883.68011848 6524478.09885862
580190.416545298 6524793.61071456
580162.84137885 6525165.11830751
579394.801657113 6525655.50205008
578696.863653278 6525410.5386356
578582.860627037 6527699.00507918
578950.19603471 6528412.42211633
578951.414072924 6528414.70997201
    Pen (1,2,0)
    Brush (1,0,16777215)
Region 1
  58
578951.414072924 6528414.70997201
579115.328978004 6528733.06664252
580145.300722178 6529207.96122042
579921.649481843 6530712.22689043
580768.208654506 6531945.09814708
580747.859326457 6532332.43372587
581695.529449623 6532846.0824898
583226.631327566 6531267.76556864
584099.994212657 6531724.9795524
585870.55630958 6531233.11770659
585816.387070454 6531015.65775778
585780.37803633 6530998.87298149
585780.277296062 6530998.77390834
585057.388584307 6530506.13635322
585057.18877111 6530506.13802048
585057.187937538 6530506.0381137
584674.545447286 6530149.94111405
584271.490222086 6529754.24879228
583889.283148651 6529438.31346453
583487.193997772 6529122.44389951
583487.094091211 6529122.44473273
583487.093257764 6529122.34482607
582963.585475703 6528647.92485791
582963.485569183 6528647.9256911
582963.483902379 6528647.72587786
582963.383162457 6528647.62680442
582881.826461656 6528488.64508343
582881.825628261 6528488.54517682
582881.824794866 6528488.44527021
582736.327477881 6527970.60783338
582736.22757142 6527970.60866656
582736.226738037 6527970.50875999
582736.225071272 6527970.30894686
582733.427367667 6527730.73968254
582630.428033216 6527432.65750118
582469.115028887 6527234.67541563
582249.457699625 6527157.07604558
581950.739259058 6527159.76697236
581672.568380481 6527182.26917559
581495.198911217 6527323.22741125
581220.557054844 6527685.00619282
581220.557888096 6527685.10609934
581220.457981661 6527685.10693242
580787.333189407 6528128.33780496
580787.234116148 6528128.43854454
580451.350067746 6528371.03155068
580451.251827622 6528371.23219681
580451.151921128 6528371.23302982
580133.749714144 6528493.7756544
580133.549901135 6528493.77732036
580133.550734293 6528493.87722692
580133.450827789 6528493.8780599
579835.166039025 6528536.63014956
579835.066132518 6528536.63098252
579834.96622601 6528536.63181548
579515.832985349 6528499.52693613
579156.470645673 6528442.77467386
578951.414072924 6528414.70997201
    Pen (1,2,0)
    Brush (1,0,16777215)
Region 1
  11
546474.071403557 6530134.93029367
547562.295336148 6531128.91006773
547381.750591113 6532619.22329476
548093.809687317 6532748.58354324
549266.288908669 6531894.76038048
549483.611347173 6531583.6201434
549582.786193501 6531482.78164806
547975.631183269 6529794.12547913
547734.177946138 6529065.36763164
547406.471185461 6529162.51158031
546474.071403557 6530134.93029367
    Pen (1,2,0)
    Brush (1,0,16777215)
Region 1
  18
533216.872698771 6565160.42863598
537116.143791583 6566285.86368344
537439.196778255 6566469.22374602
538786.621407142 6564661.52709994
538832.803421432 6563522.2953858
538427.807458309 6562880.79995216
538551.804755227 6562520.47040552
538848.162156328 6562281.00639672
536889.056770783 6561324.10073079
535222.165364958 6562069.13914167
534816.19829128 6561635.07847443
534694.083746845 6560947.66982117
534021.859244603 6560888.30912899
533267.200866185 6561597.98915438
533724.055863665 6562107.96365041
532967.890652034 6562997.10658961
532741.715946403 6564131.438633
533216.872698771 6565160.42863598
    Pen (1,2,0)
    Brush (1,0,16777215)
Region 1
  85
537978.738011165 6530395.40309657
537983.816262753 6530405.35221128
538023.886967959 6530430.09737166
538077.375876208 6530482.50688472
538099.537694898 6530504.30359252
538114.689502761 6530524.16030253
538185.245866464 6530598.50878428
538225.91338472 6530683.09703382
538272.281323753 6530852.56419775
538317.878159726 6530917.12883278
538423.58300612 6531025.05578586
538453.812821295 6531055.8775495
538484.28238259 6531115.57226718
538504.885773831 6531190.33599397
538530.152645377 6531225.09563336
538525.447689723 6531260.10440382
538500.902898005 6531300.27375234
538481.526900893 6531385.36113532
538489.884398043 6531429.25353301
538491.973772442 6531440.22663266
538497.383860785 6531490.13833153
538497.099074594 6531491.93913877
538482.978637102 6531560.1974065
538493.17664103 6531585.09097612
538508.328473846 6531604.94770246
538508.536694906 6531630.02422183
538498.586730037 6531635.00268036
538458.665753687 6531640.33017166
538448.782623813 6531665.39065728
538445.454173359 6531745.84857163
538444.716782033 6531765.33780513
538400.298224996 6531830.65069229
538400.589398499 6531865.71786185
538426.270232112 6531950.33085257
538421.897090706 6532025.30223047
538407.284463675 6532070.38470798
538422.560735464 6532105.22741611
538452.72303048 6532139.94639432
538513.679171751 6532249.34445979
538579.790043982 6532317.73519422
538614.456426679 6532353.41587317
538618.685785971 6532381.45638525
538630.35489312 6532463.18847293
538660.824508117 6532522.88325878
538706.321541483 6532587.44881091
538706.611896089 6532622.41609536
538686.713606305 6532632.57283153
538676.930377536 6532657.63250539
538692.140657792 6532672.49309236
538717.100271453 6532682.27697195
538762.497409771 6532746.8433624
538805.731219873 6532767.46582453
538832.822052553 6532781.22852625
538843.185997588 6532826.10342876
538868.452923439 6532860.86311438
538869.033644126 6532930.79770036
538859.249587197 6532955.75747473
538879.397592302 6532975.67260813
538929.740170351 6533010.12395471
538939.839123863 6533035.1182896
538945.149336093 6533085.03088115
538965.644475976 6533134.71734339
538958.199514838 6533200.72211554
538956.359844218 6533219.82088002
538965.650900885 6533255.81241659
538971.843556349 6533279.6402639
538932.395742104 6533329.92489326
538932.322859296 6533345.21226154
538938.433736756 6533347.15973768
539152.919358975 6533428.00537585
539303.800094737 6533465.51766525
539348.152349506 6533476.43922408
539443.063364518 6533475.65029626
540952.431685438 6533064.14839979
541418.475601242 6532432.51735958
542191.35994272 6532306.99448555
542559.506942918 6532170.74875701
542454.456376999 6531816.92944275
542483.20748342 6530010.0565111
541858.682400372 6529616.79529455
541727.46739385 6528554.80947712
541127.41883174 6528161.14525553
539616.284496466 6529959.15781162
538082.809791868 6530294.62480984
537978.738011165 6530395.40309657
    Pen (1,2,0)
    Brush (1,0,16777215)
Region 1
  15
561113.686453277 6587974.3871229
561169.116676223 6588343.12195929
562334.427881926 6589250.36668126
562681.916303496 6589115.38248925
562847.374200195 6587040.9107787
564206.087986806 6586709.16282452
564564.814215329 6586651.82082039
565021.072437607 6585457.40335305
564381.610571665 6583720.86547631
563782.293823339 6583276.02687468
563452.822243822 6583966.00210917
561697.682682256 6584734.69043689
560930.571455852 6586467.95290157
561026.23725124 6587600.22364153
561113.686453277 6587974.3871229
    Pen (1,2,0)
    Brush (1,0,16777215)
Region 1
  22
551422.973297583 6517889.40617336
552059.492638006 6518716.27841051
552033.545231944 6519753.48489493
552753.156725904 6520587.76121302
553362.552095103 6520579.0945492
553531.250870328 6520909.10077365
554224.750059842 6520741.47260303
555487.380614289 6521406.27549239
556070.838408798 6520993.87699818
556393.05485086 6520825.44068584
556270.444249351 6520486.95825991
555625.347319351 6520263.4269503
555584.979724483 6518569.14816116
555527.35541738 6518199.75215216
555217.073379421 6516379.1350455
554124.351071555 6516393.32330086
553667.210922623 6515859.59953399
552584.330271362 6515771.59452915
552370.733898905 6516049.92834996
551704.141461129 6516268.68816831
551780.187981628 6517291.95542375
551422.973297583 6517889.40617336
    Pen (1,2,0)
    Brush (1,0,16777215)
Region 1
  20
577437.547791654 6536746.25042125
577868.318065234 6537793.55724346
578508.436268505 6538161.10185067
579877.537103169 6537259.6539768
580205.966135132 6537452.64801724
580916.866039852 6538268.41619096
582014.315169353 6538279.24943796
583004.205832124 6538739.0943014
583277.142167041 6538496.02496275
583923.252532808 6537162.57605604
583074.336178471 6535468.51752713
582807.645719686 6533981.02330154
580348.197694808 6533529.73614125
580254.838540628 6533896.39913059
579922.340679009 6534976.54318418
579573.566056024 6535123.32683044
579031.387589782 6534207.33902957
578302.809899587 6534194.72822122
577215.256241839 6535717.78915227
577437.547791654 6536746.25042125
    Pen (1,2,0)
    Brush (1,0,16777215)
Region 1
  18
522748.513133634 6513117.04997372
522820.440518339 6513489.2271865
523285.09638218 6514086.84607883
523013.749307437 6515558.80514723
524007.680314455 6516690.86129032
523888.491784204 6517438.79473326
524790.772903607 6517964.74316223
526559.783588873 6517886.22427694
530394.040697731 6515766.14243604
530763.302739664 6515728.20828566
530683.952130389 6515340.40870522
528949.108864718 6511432.05111148
528594.704001348 6511321.89086742
526834.192803651 6510015.85456776
526704.2982976 6510026.92326837
525663.446863118 6510404.83249607
524446.668012582 6512362.61611168
522748.513133634 6513117.04997372
    Pen (1,2,0)
    Brush (1,0,16777215)
Region 1
  14
560760.292880849 6513135.80826096
562503.111143328 6514522.26854382
562875.15662212 6514566.92938903
564332.209277815 6514630.73211916
564694.200509868 6513623.80042117
564274.886168161 6513013.8312624
564545.357680831 6512354.95695944
564704.971734706 6512025.51669701
564430.978608612 6510617.44033742
564101.023937306 6510635.97380923
562792.61990196 6510641.07261098
562083.157178814 6510906.55020481
562031.700425816 6512406.65751305
560760.292880849 6513135.80826096
    Pen (1,2,0)
    Brush (1,0,16777215)
Region 1
  26
582446.726072861 6509013.57539173
583151.51798802 6509314.62592509
583802.58608509 6508876.37458396
584538.308226009 6508860.8437691
585677.159937441 6510448.43488462
586396.095678936 6510732.08024189
587792.946838702 6510035.12403348
589328.104390037 6509940.38126301
589630.244411686 6510192.53494208
590487.0448201 6509552.53843459
590540.318875415 6508824.73379269
590312.697486691 6508163.61804986
589939.984971986 6508062.92117729
589227.487494026 6507820.38826977
588699.540568194 6506801.09788467
587672.648100568 6506286.33129266
587234.517697772 6505661.54285719
586991.195555322 6505944.52578042
586396.95005303 6506319.35910876
584922.010808016 6506134.74186646
584281.111754262 6505755.62924395
583747.154514115 6506542.79402824
583004.911704707 6506471.1556186
583151.584047781 6507633.40609271
582533.249702053 6508630.19059503
582446.726072861 6509013.57539173
    Pen (1,2,0)
    Brush (1,0,16777215)
Region 1
  22
548248.098139554 6565615.02195598
548587.66428403 6565633.18133113
548295.41072513 6566569.9315862
548263.758563884 6566908.71246303
550452.681844011 6567251.91139674
552547.230870449 6566712.32806665
553263.566553759 6567568.85148223
553639.665593231 6567558.52958724
554186.663148941 6567121.14114028
554851.610442216 6567313.6459062
555523.131563415 6565571.70784834
555194.195738538 6564898.30800942
553248.261841843 6563858.07481777
553146.189540774 6563491.03129877
552849.850092335 6563408.36725031
552241.572099726 6563433.60948565
551894.429606172 6563549.50210532
550260.332123695 6564045.08834861
549585.738497552 6563761.63926492
548596.089855103 6564208.20130361
548509.577477307 6564570.21868929
548248.098139554 6565615.02195598
    Pen (1,2,0)
    Brush (1,0,16777215)
Region 1
  28
565261.416613718 6555147.01810232
565964.83322133 6555436.21170856
568232.678594504 6555156.04234329
568559.944165831 6555364.93799652
568506.947243275 6556139.22821513
570391.908711448 6556133.7140269
570454.863807058 6555763.10103132
569062.586034962 6554509.76711209
569258.251145542 6553770.15903724
569503.765913534 6553473.16233229
570200.547966885 6553206.07746987
570773.767939484 6553710.17192971
571465.502719717 6553724.59089233
571795.13111312 6552622.7721483
571746.682817522 6552240.49920552
570615.237645564 6552180.08574774
570237.247282262 6551519.49588296
568984.625691383 6550658.2680374
567926.254151221 6550446.07075501
567407.703977655 6549523.97321566
567098.750421761 6549677.91828831
566507.464135708 6550422.71704318
565858.559944107 6550655.92848804
565880.024336979 6551373.34355185
565218.434403938 6552686.34951309
564503.628644616 6552888.8360665
565308.971570067 6554067.13102985
565261.416613718 6555147.01810232
    Pen (1,2,0)
    Brush (1,0,16777215)
Region 1
  24
576722.74675432 6521715.22451713
577813.774317074 6521880.47725575
579466.757280056 6520205.8431168
581165.152340363 6519316.64364556
582993.536441188 6519805.55450434
583334.480043657 6519606.88145001
583659.640670787 6518570.17073426
584260.995362777 6518160.60625901
584630.894163232 6518127.34605582
584490.406957807 6517766.83421316
583616.251456102 6517129.59134733
582123.663148208 6516962.4988255
581757.692689721 6516280.75010091
579839.728725823 6516107.7107947
578701.643244664 6514599.92968648
578325.648057434 6514704.77566966
576919.667262843 6515374.22172847
576590.202890969 6515547.6189199
575218.910002663 6516674.97261834
574980.963294832 6517723.24023597
574894.159518589 6518852.47712318
576083.625068459 6519656.15282192
576126.946174898 6520765.92301095
576722.74675432 6521715.22451713
    Pen (1,2,0)
    Brush (1,0,16777215)
Region 1
  33
565468.417172487 6509220.02592884
566466.206495113 6509636.34186854
567204.67163576 6509506.40062575
568006.024520532 6508757.88009996
569846.413392054 6508747.34452704
570186.735888766 6508905.96682539
570716.346578545 6507776.04710314
570421.690919578 6507150.55643992
570198.124603559 6506831.10288826
569004.768010637 6505882.29226624
569060.783060259 6504726.64733678
568469.546650134 6503723.96489316
568780.629113754 6503059.25987257
569963.192783869 6502113.23712015
569550.818804372 6500237.54049649
570190.384406087 6499282.15558586
569611.801405443 6498275.07613787
568887.072790143 6498026.4409411
568542.446113652 6498166.39018927
568008.30989687 6498165.04523812
567801.614201726 6497855.64399448
568192.562346053 6498910.64577095
567535.192909188 6499851.79048033
566037.058100878 6500215.35761705
565574.122908501 6500833.46795968
565447.089665086 6501199.80177336
565892.9942867 6504979.13431904
564971.069080199 6505645.92897386
564588.863118935 6505580.57249724
564728.723720743 6506310.66091948
564295.121637649 6507296.30349794
565510.929145829 6508122.14051322
565468.417172487 6509220.02592884
    Pen (1,2,0)
    Brush (1,0,16777215)
Region 1
  20
548627.282521045 6527729.09168045
549426.675187133 6528496.86919763
551188.281740514 6528910.14134093
551975.625476043 6529694.5042214
552723.59631351 6527954.9838765
554018.234731874 6527469.82519507
553620.440085996 6526828.39469818
553543.299806233 6526467.15091158
553836.173178143 6525797.79411064
553768.449495094 6524718.79670186
553768.212288382 6524714.30258843
553767.285898134 6524699.02360031
552215.910053173 6523722.69205322
551864.180633407 6523790.36250598
550087.457967645 6523660.97263835
549646.160643823 6524083.7779883
548793.309188783 6525273.94340401
548950.622112932 6525977.02196624
548525.796757253 6526999.07077114
548627.282521045 6527729.09168045
    Pen (1,2,0)
    Brush (1,0,16777215)
Region 1
  74
572072.353007598 6533652.65427812
572939.753921269 6534341.82810209
573188.699529642 6535044.34729324
572959.016312563 6535753.95172863
572314.917326201 6536155.27656638
572163.20942191 6536870.0270773
573277.451113424 6536749.940477
574211.459031676 6537410.38512053
575374.396014674 6536503.66680141
576340.663236284 6537006.67573613
577437.547791654 6536746.25042125
577215.256241839 6535717.78915227
578302.809899587 6534194.72822122
579031.387589782 6534207.33902957
579573.566056024 6535123.32683044
579922.340679009 6534976.54318418
580254.838540628 6533896.39913059
580348.197694808 6533529.73614125
580381.415457462 6533319.64007722
580018.6182907 6533294.48894924
579009.459239542 6532284.48024642
577585.099119922 6532273.7726247
577371.23224132 6532603.17237973
575541.283555346 6532887.59068188
575036.971429509 6532294.60831489
573957.824968 6531829.80860798
572403.76199157 6531769.41822994
572385.496507543 6531783.65820177
572361.993369467 6531840.80474751
572325.011177956 6531839.11453445
572313.063144477 6531844.10982825
572276.398122298 6531880.48406323
572246.393582707 6531888.82700102
572232.838679273 6531928.80544918
572235.119853815 6531962.75708196
572256.483232113 6532008.53940003
572258.70612378 6532047.48720229
572249.006808237 6532070.54813319
572305.345926963 6532117.03824842
572353.667524262 6532160.59773936
572312.21443236 6532221.89036554
572356.573889375 6532269.57932441
572403.912252803 6532303.0557303
572461.983124629 6532329.54869174
572498.132760303 6532351.22857215
572513.559182767 6532403.95439971
572525.990063844 6532456.90500954
572527.347102537 6532499.8565852
572546.554191048 6532526.67328297
572559.758539528 6532552.5408472
572549.784413244 6532674.51862619
572475.262120998 6532724.09710104
572476.983848638 6532726.88034254
572497.533019244 6532758.88137849
572557.219118803 6532727.41095116
572635.496180458 6532780.71229816
572699.977764213 6532833.12942419
572699.286720341 6532870.10325088
572689.604049504 6532907.15197932
572775.407429268 6533012.34576492
572714.096974621 6533088.69099785
572738.275283956 6533112.56879819
572675.326321199 6533232.09041342
572603.067780514 6533193.62605723
572554.662797571 6533259.97232822
572472.913789047 6533401.53165332
572444.839067902 6533425.64489448
572380.749506588 6533480.23208081
572361.503217395 6533520.65763681
572344.316680677 6533556.47000389
572134.237095224 6533645.14485102
572084.891400408 6533598.59641425
572063.061694706 6533616.76271962
572072.353007598 6533652.65427812
    Pen (1,2,0)
    Brush (1,0,16777215)
Region 1
  20
541757.794782634 6568551.57103635
541985.224695688 6568854.42709233
543488.694932155 6568966.32671442
544058.793996755 6570284.78693334
544419.901620963 6570862.50232176
544797.147359957 6570845.87730042
546961.858514494 6568867.2127972
547690.297051081 6568836.97746637
548128.646338277 6567229.86895582
548263.758563884 6566908.71246303
548295.41072513 6566569.9315862
548587.66428403 6565633.18133113
548248.098139554 6565615.02195598
547892.709600189 6565736.67744755
545555.323056694 6565010.13029502
544704.160477204 6565709.32881463
543984.475470035 6565578.3260615
542971.125478716 6566058.55581402
541935.420858304 6566974.60744774
541757.794782634 6568551.57103635
    Pen (1,2,0)
    Brush (1,0,16777215)
Region 1
  21
569198.3343186 6571355.76516458
569656.133741078 6570754.44718372
570978.776000935 6570089.06849159
572449.319516861 6569798.14284644
573188.717318399 6570003.60284412
573182.365676824 6569613.48060519
573177.657959347 6568869.43958695
570936.371202657 6567340.61075015
570844.648020558 6566214.21247263
569989.159094448 6565434.59708092
569347.165674491 6564040.61261725
568859.549948326 6564612.90261175
565484.837154266 6565326.93767937
564582.871321719 6566043.65763946
563866.611207912 6566348.17278251
564027.953957658 6567064.93202171
565505.864405635 6567466.28248545
566715.293229358 6568454.08102345
567961.39736688 6570400.87208844
568862.022123557 6571152.938559
569198.3343186 6571355.76516458
    Pen (1,2,0)
    Brush (1,0,16777215)
Region 1
  14
579489.456343778 6551561.48802907
579708.751079593 6552241.88214576
580660.612430178 6552764.89764498
580687.338607499 6553477.37166799
581207.945972767 6553950.12780322
582539.22879348 6553340.33457311
584046.083022329 6553235.94705136
584471.285409016 6551040.45766117
584783.803393128 6550822.93300492
584792.541013224 6550469.16020974
583533.541192174 6549838.405394
582537.853656111 6549882.47712274
580920.630482416 6550457.98313854
579489.456343778 6551561.48802907
    Pen (1,2,0)
    Brush (1,0,16777215)
Region 1
  23
573319.368716088 6582072.51161802
573769.428912868 6583513.56685733
573634.045221246 6583873.39922512
574553.741158876 6583317.18599349
575601.580065785 6583162.07188195
577328.244183992 6583723.70105832
577694.132744004 6583674.68809102
579275.213609629 6582739.26414023
580358.289248695 6582735.72665586
580441.047568815 6582367.83939355
579882.954116504 6581547.2754387
580111.059605063 6579391.85326546
579143.756391836 6578936.40445007
578807.224286914 6578779.44296724
578418.717108075 6578823.84896274
577091.840874101 6578228.01476416
575958.973990704 6578287.11965554
574991.952718354 6577685.48577158
573518.620558153 6578205.94813606
572481.845402954 6579291.79978082
572432.440332271 6581082.92856012
573345.398558279 6581695.40624899
573319.368716088 6582072.51161802
    Pen (1,2,0)
    Brush (1,0,16777215)
Region 1
  20
571091.562520702 6546765.5995675
571630.58522888 6547290.75940802
572726.153154728 6547362.66275861
574422.49768654 6548739.24692408
574766.189990151 6548893.14961514
575482.942430108 6548648.87822198
575531.614370591 6547548.10706684
576594.158667986 6546571.37506801
576959.07637849 6546466.92051737
576636.005501616 6544136.70234358
575846.853551654 6542911.23152686
574774.148765168 6543124.4957994
571560.161896823 6541909.83447574
570851.699962168 6541961.69654918
570568.324348998 6541959.56076495
570064.094283564 6542168.08589672
570817.845496213 6543390.55763091
569945.251303297 6544513.07395073
570228.380752782 6545612.77583433
571091.562520702 6546765.5995675
    Pen (1,2,0)
    Brush (1,0,16777215)
Region 1
  22
561460.037557859 6551596.78711914
562781.588443157 6552900.87612016
563503.664287966 6555022.37228306
564317.768593419 6555549.24444808
564413.525955306 6555913.63990828
565302.145167328 6556125.95509855
565177.327143908 6555487.53243084
565261.416613718 6555147.01810232
565308.971570067 6554067.13102985
564503.628644616 6552888.8360665
565218.434403938 6552686.34951309
565880.024336979 6551373.34355185
565858.559944107 6550655.92848804
565368.634831017 6549667.64716365
564399.530077135 6549160.55234877
563602.955059832 6547966.90040284
563223.964671317 6547977.34947526
562601.68790061 6547592.75997011
561893.402413042 6548445.83897088
562111.477551104 6549544.69272208
562758.584633404 6550439.14517481
561460.037557859 6551596.78711914
    Pen (1,2,0)
    Brush (1,0,16777215)
Region 1
  20
543136.748279684 6532500.65915217
544510.317155172 6532929.05633952
544457.46086721 6534371.64922308
545122.50217004 6535587.96478721
545471.404174811 6535708.55729633
545695.411926685 6535432.33031579
546339.543247091 6535695.24302529
546998.472019207 6535478.74428133
547965.114790289 6535812.51078687
548561.070789036 6533693.97623557
551161.354909847 6533277.68468434
551318.160365765 6532922.18610509
551213.832154256 6532595.53728501
549483.611347173 6531583.6201434
549266.288908669 6531894.76038048
548093.809687317 6532748.58354324
547381.750591113 6532619.22329476
547562.295336148 6531128.91006773
546474.071403557 6530134.93029367
543136.748279684 6532500.65915217
    Pen (1,2,0)
    Brush (1,0,16777215)
Region 1
  22
581861.305972604 6505906.20234658
582862.554347137 6506149.72784555
583004.911704707 6506471.1556186
583747.154514115 6506542.79402824
584281.111754262 6505755.62924395
584922.010808016 6506134.74186646
586396.95005303 6506319.35910876
586991.195555322 6505944.52578042
587234.517697772 6505661.54285719
588233.587565307 6505272.63961095
588238.1180138 6503073.44535497
589172.692938977 6501900.27511322
589130.972777177 6501139.09787323
589032.085142252 6500770.85022263
587893.498045293 6501693.34603207
587160.517815024 6501797.57723549
585255.904935194 6500827.34645818
585117.093739633 6501494.01525922
584700.442761929 6502545.66413208
584787.570359627 6503696.11874445
583818.75514661 6504885.35911658
581861.305972604 6505906.20234658
    Pen (1,2,0)
    Brush (1,0,16777215)
Region 1
  160
557779.288648484 6488052.72108321
558059.000962293 6488516.47658618
558059.101696984 6488516.57565854
558369.348237316 6488903.74532064
558765.031397446 6489484.53024022
558765.033061238 6489484.73004781
558765.132964096 6489484.72921636
559159.098327064 6489871.20205535
559272.799426806 6490147.60793493
559164.241739886 6490536.86463582
559164.141836989 6490536.86546733
559164.1426689 6490536.96537119
559164.143500811 6490537.06527505
559167.310978612 6490953.56616965
559167.311810262 6490953.66607333
559167.313473562 6490953.86588069
559235.709445179 6491248.83218223
560036.149416795 6491171.83218628
560036.348392119 6491171.7306193
560036.448295631 6491171.72978766
560036.548199144 6491171.72895601
560036.647270955 6491171.62822068
560036.746342767 6491171.52748535
560036.84624628 6491171.5266537
560036.845414578 6491171.42675001
560036.94448639 6491171.32601468
560036.943654689 6491171.22611099
560037.141798312 6491171.02464033
560037.140966611 6491170.92473664
560037.14013491 6491170.82483295
560035.396157078 6490949.33754105
560173.805412111 6490893.33443493
560730.916847577 6490834.64497936
560788.43849486 6491083.44304821
560788.539230115 6491083.54212019
560788.540061862 6491083.64202387
560788.740700624 6491083.74026415
560788.841435879 6491083.83933613
560788.842267626 6491083.93923981
560788.942171133 6491083.93840811
560789.043738135 6491084.13738377
560789.143641643 6491084.13655207
560789.24354515 6491084.13572038
560789.344280405 6491084.23479236
560789.54408742 6491084.23312896
560817.318094264 6491084.10181984
560957.117849894 6491111.11276332
560957.217753404 6491111.11193161
561347.810913392 6491164.30961941
561348.49214238 6491246.13073992
561182.040600334 6491330.04268513
561181.941528582 6491330.14342055
561181.741721537 6491330.14508401
561181.742553308 6491330.24498771
561181.643481556 6491330.34572314
561181.545241576 6491330.54636226
561181.546073347 6491330.64626596
561181.546905118 6491330.74616966
561181.447833367 6491330.84690508
561101.917272245 6491858.63756585
561046.862283375 6491942.12167448
561046.763211578 6491942.22240994
561046.764043341 6491942.32231369
561046.664971543 6491942.42304915
561046.666635069 6491942.62285663
561046.667466832 6491942.72276038
561046.668298594 6491942.82266412
561046.669130357 6491942.92256786
561046.76986568 6491943.02163988
561046.770697443 6491943.12154363
561046.871432766 6491943.22061564
561046.873096292 6491943.42042313
561046.972999852 6491943.41959141
561075.076491936 6491970.86087785
561188.650790842 6492219.9917639
561188.75152619 6492220.09083593
561357.868929814 6492468.35969194
561275.13647753 6492551.57472151
561275.036573932 6492551.57555325
561275.038237486 6492551.77536082
561164.7300803 6492718.94515132
561164.631840232 6492719.14579065
561164.632672002 6492719.24569444
561164.533600164 6492719.34642998
561164.534431934 6492719.44633377
561164.535263704 6492719.54623757
561164.767327485 6492747.4193976
561164.768159255 6492747.5193014
561164.868894634 6492747.61837347
561164.869726404 6492747.71827727
561164.870558174 6492747.81818107
561306.519505714 6492996.91528622
561306.620241118 6492997.01435829
561306.621072896 6492997.11426211
561306.7218083 6492997.21333419
561559.230744546 6493217.41247923
561532.112330655 6493272.28944343
561144.085505701 6493635.39857115
561143.985602038 6493635.39940288
561143.986433806 6493635.49930674
561143.88736191 6493635.60004234
561143.889025447 6493635.79985007
561143.789953551 6493635.90058567
561143.79078532 6493636.00048953
561143.791617088 6493636.1003934
561144.485311889 6493719.42021928
561144.486143657 6493719.52012315
561144.486975426 6493719.62002702
561144.588542632 6493719.81900303
561229.752244554 6493940.61223467
560952.136540965 6494052.92528036
560952.036637276 6494052.92611208
560952.037469032 6494053.02601597
560535.010837749 6494305.07593022
559950.675919464 6494586.19383503
559950.576847437 6494586.29457061
559919.51407408 6494611.43095588
559984.825803831 6495447.94072677
560074.25866156 6496169.55239894
560074.259493263 6496169.65230299
560247.281383158 6496862.89313753
560247.381287019 6496862.89230586
560247.382950445 6496863.09211406
560475.196734239 6497417.2005699
560475.197565965 6497417.30047404
560730.752547182 6497943.30296438
560873.226040705 6498303.39544284
560904.134951654 6498691.79246507
560825.793122821 6499386.42775314
560825.793954568 6499386.52765743
560825.794786316 6499386.62756171
560825.89552208 6499386.72663427
560876.379005062 6499558.15363517
560878.271359322 6499557.43850229
561355.159552785 6499379.02322042
562014.016400173 6499744.30820197
563211.113189383 6498828.04603407
563685.128722168 6497824.78773772
564936.199093883 6496995.39813846
565285.413010061 6496842.52330965
565104.373556685 6496110.58450385
564413.504900177 6494720.58264669
565024.593081806 6492901.21332291
564978.604792547 6491350.08345483
566077.019516278 6489322.64149626
566215.357476569 6488982.19314078
566138.928219762 6488262.67484337
565540.378829765 6487868.41751544
565288.756574441 6487970.62328362
564780.530433345 6487804.80798394
564466.377916093 6488040.61508387
563820.805745618 6489833.99028514
562357.563869863 6490295.37251244
561434.824614918 6491019.31427546
560809.362174914 6490692.51853757
560502.587034552 6488778.78557447
560116.362660163 6488122.39074933
558381.826089425 6487222.64527722
557780.572411506 6488050.91200893
557779.288648484 6488052.72108321
    Pen (1,2,0)
    Brush (1,0,16777215)
Region 1
  117
559235.709445179 6491248.83218223
559282.966768977 6491452.85598288
559342.544835171 6491924.73764252
559342.545666835 6491924.83754627
559342.646401516 6491924.93661846
559342.64723318 6491925.03652221
559739.618928711 6492672.4610682
559854.116245067 6493032.48543976
559745.918517645 6493477.18972665
559745.818613992 6493477.19055828
559719.101531194 6493616.28895028
559719.102362875 6493616.38885415
559719.103194556 6493616.48875802
559719.104026237 6493616.58866189
559719.20476158 6493616.68773413
559891.663086516 6494254.28169201
559919.51407408 6494611.43095588
559950.576847437 6494586.29457061
559950.675919464 6494586.19383503
560535.010837749 6494305.07593022
560952.037469032 6494053.02601597
560952.036637276 6494052.92611208
560952.136540965 6494052.92528036
561229.752244554 6493940.61223467
561144.588542632 6493719.81900303
561144.486975426 6493719.62002702
561144.486143657 6493719.52012315
561144.485311889 6493719.42021928
561143.791617088 6493636.1003934
561143.79078532 6493636.00048953
561143.789953551 6493635.90058567
561143.889025447 6493635.79985007
561143.88736191 6493635.60004234
561143.986433806 6493635.49930674
561143.985602038 6493635.39940288
561144.085505701 6493635.39857115
561532.112330655 6493272.28944343
561559.230744546 6493217.41247923
561306.7218083 6492997.21333419
561306.621072896 6492997.11426211
561306.620241118 6492997.01435829
561306.519505714 6492996.91528622
561164.870558174 6492747.81818107
561164.869726404 6492747.71827727
561164.868894634 6492747.61837347
561164.768159255 6492747.5193014
561164.767327485 6492747.4193976
561164.535263704 6492719.54623757
561164.534431934 6492719.44633377
561164.533600164 6492719.34642998
561164.632672002 6492719.24569444
561164.631840232 6492719.14579065
561164.7300803 6492718.94515132
561275.038237486 6492551.77536082
561275.036573932 6492551.57555325
561275.13647753 6492551.57472151
561357.868929814 6492468.35969194
561188.75152619 6492220.09083593
561188.650790842 6492219.9917639
561075.076491936 6491970.86087785
561046.972999852 6491943.41959141
561046.873096292 6491943.42042313
561046.871432766 6491943.22061564
561046.770697443 6491943.12154363
561046.76986568 6491943.02163988
561046.669130357 6491942.92256786
561046.668298594 6491942.82266412
561046.667466832 6491942.72276038
561046.666635069 6491942.62285663
561046.664971543 6491942.42304915
561046.764043341 6491942.32231369
561046.763211578 6491942.22240994
561046.862283375 6491942.12167448
561101.917272245 6491858.63756585
561181.447833367 6491330.84690508
561181.546905118 6491330.74616966
561181.546073347 6491330.64626596
561181.545241576 6491330.54636226
561181.643481556 6491330.34572314
561181.742553308 6491330.24498771
561181.741721537 6491330.14508401
561181.941528582 6491330.14342055
561182.040600334 6491330.04268513
561348.49214238 6491246.13073992
561347.810913392 6491164.30961941
560957.217753404 6491111.11193161
560957.117849894 6491111.11276332
560817.318094264 6491084.10181984
560789.54408742 6491084.23312896
560789.344280405 6491084.23479236
560789.24354515 6491084.13572038
560789.143641643 6491084.13655207
560789.043738135 6491084.13738377
560788.942171133 6491083.93840811
560788.842267626 6491083.93923981
560788.841435879 6491083.83933613
560788.740700624 6491083.74026415
560788.540061862 6491083.64202387
560788.539230115 6491083.54212019
560788.43849486 6491083.44304821
560730.916847577 6490834.64497936
560173.805412111 6490893.33443493
560035.396157078 6490949.33754105
560037.14013491 6491170.82483295
560037.140966611 6491170.92473664
560037.141798312 6491171.02464033
560036.943654689 6491171.22611099
560036.94448639 6491171.32601468
560036.845414578 6491171.42675001
560036.84624628 6491171.5266537
560036.746342767 6491171.52748535
560036.647270955 6491171.62822068
560036.548199144 6491171.72895601
560036.448295631 6491171.72978766
560036.348392119 6491171.7306193
560036.149416795 6491171.83218628
559235.709445179 6491248.83218223
    Pen (1,2,0)
    Brush (1,0,16777215)
Region 1
  71
554267.101148087 6495260.73579506
554958.502536987 6495539.62934192
556570.136562384 6497674.40573426
557174.393495384 6498406.52114811
557183.449544078 6498738.35075362
557880.893122054 6498590.47192799
558870.864491823 6498957.49775749
559601.921632233 6499666.97595336
559636.946597406 6500021.76895051
560876.379005062 6499558.15363517
560825.89552208 6499386.72663427
560825.794786316 6499386.62756171
560825.793954568 6499386.52765743
560825.793122821 6499386.42775314
560904.134951654 6498691.79246507
560873.226040705 6498303.39544284
560730.752547182 6497943.30296438
560475.197565965 6497417.30047404
560475.196734239 6497417.2005699
560247.382950445 6496863.09211406
560247.381287019 6496862.89230586
560247.281383158 6496862.89313753
560074.259493263 6496169.65230299
560074.25866156 6496169.55239894
559984.825803831 6495447.94072677
559919.51407408 6494611.43095588
559891.663086516 6494254.28169201
559719.20476158 6493616.68773413
559719.104026237 6493616.58866189
559719.103194556 6493616.48875802
559719.102362875 6493616.38885415
559719.101531194 6493616.28895028
559745.818613992 6493477.19055828
559745.918517645 6493477.18972665
559854.116245067 6493032.48543976
559739.618928711 6492672.4610682
559342.64723318 6491925.03652221
559342.646401516 6491924.93661846
559342.545666835 6491924.83754627
559342.544835171 6491924.73764252
559282.966768977 6491452.85598288
559235.709445179 6491248.83218223
559167.313473562 6490953.86588069
559167.311810262 6490953.66607333
559167.310978612 6490953.56616965
559164.143500811 6490537.06527505
559164.1426689 6490536.96537119
559164.141836989 6490536.86546733
559164.241739886 6490536.86463582
559272.799426806 6490147.60793493
559159.098327064 6489871.20205535
558765.132964096 6489484.72921636
558765.033061238 6489484.73004781
558765.031397446 6489484.53024022
558369.348237316 6488903.74532064
558059.101696984 6488516.57565854
558059.000962293 6488516.47658618
557779.288648484 6488052.72108321
557499.25682652 6488438.50844031
556451.431091967 6488213.83602738
556113.648515096 6488035.30863098
555456.918544612 6487672.50185975
553979.804023511 6487594.5707545
553105.096517401 6488230.88475757
553039.032959633 6489356.23014107
553391.196623342 6489522.05012829
554332.215370806 6491210.70741565
555378.915332469 6492356.66701997
556709.331097777 6493162.76659997
556803.393253721 6493540.54590747
554267.101148087 6495260.73579506
    Pen (1,2,0)
    Brush (1,0,16777215)
Region 1
  12
547734.177946138 6529065.36763164
547975.631183269 6529794.12547913
549582.786193501 6531482.78164806
550413.940463007 6530818.9355089
551449.256112575 6531024.93553366
551868.919625806 6530043.09085409
551975.625476043 6529694.5042214
551188.281740514 6528910.14134093
549426.675187133 6528496.86919763
548627.282521045 6527729.09168045
547907.191488195 6528772.58123837
547734.177946138 6529065.36763164
    Pen (1,2,0)
    Brush (1,0,16777215)
Region 1
  16
518479.561826176 6518218.01346754
518595.713039103 6518863.08513486
518582.54778442 6519191.30751918
520559.666684659 6520545.50899786
520892.817355485 6520670.83314617
521845.286086378 6520597.98991777
522162.08435795 6520715.25779804
522278.753528573 6519506.74602363
522938.372364308 6519734.67121422
522703.854599948 6519454.96266733
522792.454133929 6518078.53226243
522499.36345722 6517410.35051737
522119.207037328 6517508.32000461
520019.805877674 6516745.81552372
518938.385224796 6517196.29872478
518479.561826176 6518218.01346754
    Pen (1,2,0)
    Brush (1,0,16777215)
Region 1
  29
585439.210912949 6534176.68349771
585947.95057678 6535479.11472228
587304.552204674 6535930.39673431
587405.031611198 6536273.46284714
588073.597844593 6536553.73789978
589403.169156779 6536112.71005179
589722.019880636 6536319.16911324
590051.793052524 6537762.07633197
591561.491972212 6537833.40177689
591905.541451938 6537994.3883973
592897.708653629 6537649.89097509
593519.48273713 6537914.16730206
593681.371941561 6537223.7057631
594386.468980046 6537164.36244448
593498.422895555 6536038.55149758
594673.455417735 6533854.80417071
594549.618983921 6533646.2188777
594660.019661353 6533430.38156999
593958.814845975 6533177.86098288
593182.800998423 6533885.73904316
592851.778749623 6532843.70281751
592361.493693745 6533237.56198685
591599.98624568 6533181.87487016
590730.338629309 6532463.96004336
589596.330378795 6532477.42297605
587821.192537721 6533067.54375868
587638.778034121 6534052.61937373
587290.72751607 6534202.1978306
585439.210912949 6534176.68349771
    Pen (1,2,0)
    Brush (1,0,16777215)
Region 1
  30
545517.385220156 6515990.25423967
545781.407085367 6516273.50682074
546996.007254991 6517725.31740261
546877.606203209 6518446.26979314
545742.073907616 6518526.653159
545554.137909089 6519212.11574313
547049.394310765 6521878.5290884
547095.011689793 6523027.94307066
547857.478784144 6523801.71817652
548151.997148606 6524051.34777056
549285.635754672 6524211.16909694
549646.160643823 6524083.7779883
550087.457967645 6523660.97263835
551864.180633407 6523790.36250598
552215.910053173 6523722.69205322
551338.941265596 6522540.42988358
553362.761874824 6521926.21345043
553531.250870328 6520909.10077365
553362.552095103 6520579.0945492
552753.156725904 6520587.76121302
552033.545231944 6519753.48489493
552059.492638006 6518716.27841051
551422.973297583 6517889.40617336
551056.36586601 6517765.56852376
549921.064784829 6517789.50319667
548394.260917527 6516629.33793514
546899.047565351 6516336.84568512
545950.575881144 6515217.2283783
545759.261992492 6515447.81811143
545517.385220156 6515990.25423967
    Pen (1,2,0)
    Brush (1,0,16777215)
Region 1
  85
564044.775970517 6519432.91651365
564047.819723526 6519438.48627859
564065.648075605 6519419.75412398
564081.466665508 6519399.63992434
564095.062567849 6519352.56783701
564100.707587992 6519310.55756877
564099.159580732 6519244.62817022
564115.719385395 6519193.53491126
564122.446636246 6519161.50689247
564141.270713217 6519142.36679985
564169.211076375 6519138.13769613
564186.685799999 6519196.94062284
564195.035823813 6519251.82301275
564196.209645618 6519260.80537062
564253.496996877 6519301.29260346
564318.977275809 6519365.79055749
564403.712497788 6519462.89953796
564519.693877404 6519592.81946028
564615.244032457 6519788.8517993
564729.302131708 6519939.76940733
564796.887194654 6520113.05470667
564762.069754631 6520143.31835793
564796.536857637 6520202.97899112
564840.262563432 6520174.63942699
564911.469404846 6520326.91294907
564916.872294734 6520375.82516562
564848.311500374 6520421.35664325
564781.941025676 6520369.95461305
564742.036869247 6520377.28070661
564722.07222401 6520391.43468536
564843.41513624 6520553.28211181
564819.995847274 6520620.51847784
564883.335144218 6520655.85981454
564877.939604946 6520739.83137738
564855.275496889 6521137.77247182
564844.933815054 6521215.69056446
564843.709279547 6521308.61958031
564858.012215834 6521346.46733993
564884.719876396 6521422.17866516
564918.345182503 6521500.72987418
564936.969521718 6521589.59707094
564948.40920624 6521643.55462663
564953.777998842 6521688.37075256
564945.318816686 6521752.38533327
565013.17177895 6521741.8291787
565053.217400119 6521751.48707008
565128.55540545 6521799.91703299
565138.620049379 6521808.72547852
565037.853790857 6522174.24597222
564995.185203493 6522221.56019567
564976.194677189 6522340.71442091
564964.446335356 6522369.6870221
564938.703643955 6522397.87691015
564920.919339614 6522421.90412073
564921.036625978 6522435.99084869
564939.236840572 6522461.9165744
564956.776808538 6522492.54369872
564962.555474279 6522502.58678498
564955.236755944 6522583.57708521
564926.886947905 6522778.64308313
564931.181818745 6522814.47603275
564960.812588237 6522893.26040886
564961.732539669 6522895.75057121
565056.87895432 6523139.24538924
565091.570683816 6523237.87031183
565453.156423335 6523225.86795703
565568.383768381 6522905.18753278
565417.309841122 6522772.56205514
565499.883511382 6522718.02159567
565474.107532651 6522622.21996208
565500.882552042 6522598.01797583
565640.485001426 6522564.88363615
565634.924086876 6522484.99967864
565645.309337256 6522484.31374034
567069.698354713 6519704.37183124
566851.530434174 6518941.55728261
564417.982487157 6516328.62676186
563274.243294077 6516203.66669174
563056.987446426 6515886.05567115
562297.539079713 6515980.40039179
561672.083909793 6516388.1532322
561883.961337541 6517824.2283115
562613.675335419 6518658.71777137
563356.320765464 6518562.01514929
564044.775970517 6519432.91651365
    Pen (1,2,0)
    Brush (1,0,16777215)
Region 1
  13
594738.61919007 6502756.39121653
595339.965719432 6502993.15329899
595721.875112267 6502472.22042333
595938.174999701 6502231.82429724
595545.819695632 6501645.12474377
595456.369323931 6500600.39772472
594905.824363412 6500189.56512683
594694.631274937 6499904.68333827
594662.454869993 6500275.12444123
593148.050334334 6501682.04121188
594232.92449476 6501793.87146485
594627.752277608 6502401.53222156
594738.61919007 6502756.39121653
    Pen (1,2,0)
    Brush (1,0,16777215)
Region 1
  26
591761.645930675 6507592.01132055
593094.779139956 6508885.72702655
592475.621432474 6509699.38734454
593142.609670658 6509875.95589747
593798.874793605 6509450.14362831
594751.375543927 6510041.25959071
595021.669936554 6510332.34354211
595332.843870171 6510505.58923905
596331.425527613 6510141.75850662
596668.562926909 6509140.61959445
596897.782488921 6508867.94254705
597318.269846711 6507857.71529015
598375.531000709 6507737.17852269
598466.375701402 6505897.540375
597904.312743958 6505567.43291874
596830.289582472 6505307.64503429
596185.752526475 6505677.90856801
594556.226749865 6504832.48137114
594023.900806639 6503911.34616732
593556.777373648 6504481.54800454
593860.955713778 6505181.38671643
593669.207167053 6505514.39596784
593338.434005428 6505710.08879472
592249.584051247 6505900.32403168
591563.967258562 6507262.45423772
591761.645930675 6507592.01132055
    Pen (1,2,0)
    Brush (1,0,16777215)
Region 1
  19
554417.294690636 6582349.79458156
555389.977374856 6580488.73225361
557556.888248924 6580620.880175
557727.97776178 6580948.38466073
558296.37249632 6580620.32244518
558246.008479588 6579936.10795625
558824.621770951 6579599.36812055
558842.797663424 6579250.50531002
558253.856374082 6577855.76275863
558226.001148797 6576718.93552216
557132.722260989 6574873.36820167
555416.101407465 6576223.34139923
554028.636480497 6575873.38112624
553895.119406301 6576229.99719341
553597.601008872 6576906.11413945
553511.076424986 6578802.46683122
552912.645380657 6579759.25901031
554115.416282985 6581662.67441974
554417.294690636 6582349.79458156
    Pen (1,2,0)
    Brush (1,0,16777215)
Region 1
  17
540955.506648607 6577795.58011247
541072.255122117 6578894.40216793
542400.974309319 6578236.39220669
543921.28633058 6578185.38600766
544963.757538242 6577721.49514529
545264.46682808 6577956.79862685
546011.213071291 6577808.70701423
546278.924326175 6577536.50452224
546058.954856776 6577254.0680011
545638.821338458 6576703.71879718
545607.729010564 6575284.45150626
545280.844811492 6574677.17433965
545055.25693027 6574980.30045258
543305.785683033 6575601.34243934
541773.016664403 6577109.54657133
541075.367404813 6577190.0832122
540955.506648607 6577795.58011247
    Pen (1,2,0)
    Brush (1,0,16777215)
Region 1
  19
560203.40223632 6544073.62916207
560619.282828634 6544737.99863361
560399.331722514 6546245.34936622
561270.712689874 6547531.80031607
561094.987758142 6548278.63208177
560749.637982042 6548465.3510794
561673.530728496 6548198.87976016
561893.402413042 6548445.83897088
562601.68790061 6547592.75997011
563223.964671317 6547977.34947526
563602.955059832 6547966.90040284
564363.775928697 6547111.58513021
563869.686075599 6546102.85747027
564068.156385966 6544619.96592195
563298.279839824 6543788.08955666
561495.21048344 6544135.01546882
560754.951298584 6543116.05017906
560238.87249969 6543677.67094287
560203.40223632 6544073.62916207
    Pen (1,2,0)
    Brush (1,0,16777215)
Region 1
  20
549397.387185811 6547645.57849343
549817.097310296 6549106.84635118
550535.340326712 6550014.09958938
549961.510801677 6551428.87943569
550496.326870868 6551965.77409142
551603.796555215 6552243.32087314
551896.69475015 6552164.94876716
552003.920421773 6551638.70061761
552176.196358067 6551389.27714741
552194.793860039 6550526.45165635
552908.036563816 6550484.44900923
553561.13983994 6549663.20622251
554266.538036649 6549843.0810118
554731.344612643 6549375.20668071
553187.98616563 6547373.75188244
552541.78098786 6546982.7637229
551966.241479375 6547387.21264808
551281.238325766 6547100.45879976
551040.24694059 6547364.94075455
549397.387185811 6547645.57849343
    Pen (1,2,0)
    Brush (1,0,16777215)
Region 1
  29
526367.949500617 6522463.81022423
526577.353638027 6523136.68350959
526790.599253071 6523429.45690495
527730.307449661 6523624.88163256
527859.037552107 6523955.12411419
528596.868024616 6524156.21995485
529592.27122677 6523622.41655945
530839.009585464 6524444.33907629
531984.790847685 6524598.38265002
533281.405112544 6523953.36982367
534153.14897425 6524700.2710865
534765.690286698 6524227.69212088
534877.113705802 6523856.89024916
534735.976621008 6523524.55430215
535403.675844882 6522823.91726782
534995.116678822 6521822.69075188
534706.450409667 6521579.70319774
533613.203539337 6520110.57804211
531955.649486171 6519243.4132491
531091.491235431 6518037.55189075
531139.043634526 6517663.48536566
530760.374470719 6517675.52078569
529441.541933278 6518941.96554125
527753.267541341 6518430.83596625
527767.714224862 6518811.38231474
527300.719758628 6519835.26331114
528044.24594763 6521132.75249623
527415.858128588 6522068.35314094
526367.949500617 6522463.81022423
    Pen (1,2,0)
    Brush (1,0,16777215)
Region 1
  16
552180.313279063 6586090.34304823
554043.94198643 6586469.51364046
554638.834496086 6585507.5504099
556033.805713457 6584922.01562773
556221.444881498 6586036.73593588
556962.816321804 6585806.55068457
557472.716243958 6585233.17566344
556875.723758199 6583891.85261491
556908.504721382 6583113.22153517
557727.97776178 6580948.38466073
557556.888248924 6580620.880175
555389.977374856 6580488.73225361
554417.294690636 6582349.79458156
554044.959001412 6582428.62946734
551951.75770347 6584981.15703401
552180.313279063 6586090.34304823
    Pen (1,2,0)
    Brush (1,0,16777215)
Region 1
  162
549483.611347173 6531583.6201434
551213.832154256 6532595.53728501
551318.160365765 6532922.18610509
552770.263767509 6532569.09838547
554160.772460736 6531320.99957032
555029.469138135 6531963.30960203
555773.323104938 6532083.01105731
555895.186811987 6532439.58770395
556232.367242841 6532736.42274449
556236.567485015 6532736.88735941
556250.30143109 6532730.37859794
556300.112709269 6532712.87885324
556341.982142666 6532701.53992781
556370.912728982 6532696.20357908
556410.818103397 6532688.97745437
556456.642248476 6532672.60993452
556487.048153794 6532604.4156454
556503.824514206 6532579.29763265
556552.522010937 6532548.01907238
556618.326678627 6532531.38535867
556731.046812173 6532509.46544279
556722.680226104 6532464.57395092
556760.586624557 6532457.26453941
556756.133188793 6532402.34912472
556809.000667737 6532391.91779715
556820.415164157 6532442.87865009
556958.036344309 6532411.65935013
556953.882140346 6532392.71034009
556942.692900089 6532368.82419801
556931.561845676 6532351.93152308
556920.488976929 6532342.03231508
556900.308126944 6532318.22100341
556987.110659526 6532303.51071207
557012.378285198 6532338.270183
557069.049257434 6532424.72337302
557107.02215172 6532425.40648595
557218.660076611 6532393.50417889
557287.895797828 6532368.94870668
557293.374046343 6532366.90484232
557306.404229022 6532251.79586507
557313.316977853 6532121.95060152
557310.236806531 6532099.9952512
557115.945296053 6531936.75484713
557102.872631739 6531926.67245938
557077.731358663 6531907.09880898
556997.94054715 6531803.85275682
556949.336123909 6531726.22477524
556910.832100878 6531661.70132567
556892.549649869 6531625.88460224
556883.316990816 6531596.98651309
556873.422389812 6531572.59004209
556860.872029158 6531541.221726
556852.389074068 6531482.34334171
556847.835891212 6531415.43917434
556828.438008251 6531365.6438467
556787.79373044 6531284.05301085
556757.356241818 6531228.3547485
556737.083978984 6531193.55372806
556741.796703616 6531159.54391801
556721.424697584 6531112.75410932
556706.064651583 6531067.9208623
556706.790759122 6531059.12243218
556706.697826397 6531035.94327524
556715.61478193 6531014.88723535
556751.340138723 6530985.6150171
556830.508920294 6530906.02451823
556878.781754574 6530811.70411801
556898.181235272 6530741.60324294
557280.407309089 6530688.36561385
557531.906922681 6530654.40011648
557549.873496012 6530652.25231885
557483.45451703 6530474.95914696
557435.492568098 6530354.46304454
557436.275506661 6530328.47903461
557441.962182787 6530303.45334819
557434.844184748 6530276.5359604
557570.151937907 6530207.46872312
557659.468549296 6530134.6877952
557611.823311459 6530052.25610458
557551.048073504 6529952.84849918
557578.863150191 6529933.53354509
557565.327484022 6529867.80326258
557564.413085894 6529757.90613383
557565.171083182 6529728.92494112
557578.702345013 6529553.96390005
557606.692811599 6529555.72921481
557635.68234403 6529557.48621414
557698.515420121 6529543.97453814
557783.136744963 6529507.30144543
557911.592260952 6529455.2765197
557985.223701972 6529430.68448809
558065.006950508 6529400.94567025
558133.644037714 6529364.50550898
558197.451374037 6529335.99869901
558263.956332239 6529295.47983118
558311.695333809 6529269.10502239
558357.336442576 6529230.7580711
558409.688352767 6529158.38472566
558512.294263653 6529001.66590208
558523.410135391 6528896.66438336
558531.728332642 6528815.66535557
558529.164887206 6528747.74563437
558589.717126472 6528700.28238375
558625.409123932 6528667.01391551
558636.033044144 6528622.96363318
558674.547648429 6528568.68987832
558692.431055623 6528556.55143206
558771.066213226 6528520.92726583
558820.894756752 6528505.52552639
558991.594938137 6528367.22348986
559022.258196373 6528341.98993999
559005.091330551 6528308.16231324
558994.643422502 6528253.29697256
558969.501936214 6528113.62765542
558935.327305153 6527969.0378764
558852.374530671 6527725.94000213
558811.173217488 6527577.41221662
558746.236897563 6527338.16097332
558730.818771118 6527274.34484855
558715.175892499 6527207.53320107
558683.390177929 6527109.88282676
558671.010673037 6527063.02666313
558646.368055669 6526983.30121765
558610.960205528 6526930.64193706
558596.973312938 6526930.758353
558508.707986294 6526769.63365182
558421.815847269 6526653.45845679
558397.489160624 6526611.69740073
558374.144912289 6526567.92990539
558296.418948209 6526472.6601894
558201.74217174 6526381.52808056
558102.203933896 6526306.52244692
558100.196662887 6526305.44010851
558016.750686972 6526243.18933367
557981.517456294 6526211.51036713
557923.964835224 6526139.15268714
557870.465832377 6526073.65527696
557830.020326685 6526015.9423651
557782.673656781 6525969.37724553
557714.354980604 6525923.98579656
557666.151251957 6525906.502524
557625.222243181 6525898.75019149
557607.297452384 6525893.90371364
557572.105651533 6525879.20962736
557528.846687361 6525843.60092512
557483.730915333 6525824.99290343
557398.669254468 6525808.71558319
557324.597287438 6525792.34679918
557272.513017777 6525776.79415716
557240.253575115 6525754.28243735
556863.489871941 6526415.84538546
556200.959109777 6526799.43016202
553927.505937016 6526592.04318182
553620.440085996 6526828.39469818
554018.234731874 6527469.82519507
552723.59631351 6527954.9838765
551975.625476043 6529694.5042214
551868.919625806 6530043.09085409
551449.256112575 6531024.93553366
550413.940463007 6530818.9355089
549582.786193501 6531482.78164806
549483.611347173 6531583.6201434
    Pen (1,2,0)
    Brush (1,0,16777215)
Region 1
  23
547965.114790289 6535812.51078687
548800.540271109 6536575.00117998
550625.48731673 6536926.0057321
550866.373150538 6537645.88272707
550312.997948684 6539369.21406741
550438.660198579 6540098.34387684
550982.012676811 6540437.03023855
552350.98065109 6540106.21410484
552863.403506443 6539153.16236914
552815.759033476 6538794.66590504
552688.866610427 6538434.23107586
553728.778450695 6537954.5830858
554247.780893541 6535330.9112048
554970.251514309 6533612.57701055
555895.186811987 6532439.58770395
555773.323104938 6532083.01105731
555029.469138135 6531963.30960203
554160.772460736 6531320.99957032
552770.263767509 6532569.09838547
551318.160365765 6532922.18610509
551161.354909847 6533277.68468434
548561.070789036 6533693.97623557
547965.114790289 6535812.51078687
    Pen (1,2,0)
    Brush (1,0,16777215)
Region 1
  32
570186.735888766 6508905.96682539
570654.024451459 6509457.68381306
571325.562913315 6509161.54465005
572008.406461629 6509478.77031138
572107.765848389 6509844.119791
573177.309067344 6510034.23188441
573921.080046796 6510888.57605016
574117.48120818 6511221.14523604
574569.552200567 6511517.11397734
574884.709922084 6511737.09158822
577506.270429142 6509611.68728257
577803.766885806 6509367.01999048
577850.990775911 6508991.35672104
577380.909480931 6508440.56499657
578425.355832558 6505656.30463477
579326.882562288 6504508.69390924
579382.201579165 6503953.62291732
578282.018749508 6504150.63157482
577681.433679479 6503705.23802968
576997.683865898 6504058.23207757
575969.927685075 6503570.9397497
575914.620664138 6502833.05441476
576369.754620128 6502226.19386797
576030.020258809 6501538.73807154
575801.489293938 6501846.372451
574741.521340357 6502121.17312286
572030.444456747 6504749.36165409
571299.262289039 6504769.84186147
570728.605608036 6506920.99970177
570421.690919578 6507150.55643992
570716.346578545 6507776.04710314
570186.735888766 6508905.96682539
    Pen (1,2,0)
    Brush (1,0,16777215)
Region 1
  20
522198.327302606 6525086.14409667
522845.92913243 6525443.05649812
524696.275546963 6525256.05584888
525433.153642209 6524426.75985837
526179.483097343 6524387.69602116
526631.709294344 6523775.47445786
526790.599253071 6523429.45690495
526577.353638027 6523136.68350959
526367.949500617 6522463.81022423
526120.067152188 6522175.02103753
525159.91320232 6522766.97702119
524421.237360597 6522801.18063298
523982.214447263 6522198.35206668
524420.013154843 6519966.86784542
522938.372364308 6519734.67121422
522278.753528573 6519506.74602363
522162.08435795 6520715.25779804
522421.965198346 6521414.88928898
521886.483444588 6522433.54511145
522198.327302606 6525086.14409667
    Pen (1,2,0)
    Brush (1,0,16777215)
Region 1
  83
562297.539079713 6515980.40039179
563056.987446426 6515886.05567115
563274.243294077 6516203.66669174
564417.982487157 6516328.62676186
566851.530434174 6518941.55728261
567069.698354713 6519704.37183124
565645.309337256 6522484.31374034
565748.758888129 6522477.05805634
565788.828650557 6522621.59804827
565843.193113446 6522671.00193896
565887.977028483 6522649.74730686
565890.75791614 6522623.74681838
566025.298494138 6522582.66155305
566051.440487455 6522602.42646934
566035.213492378 6522693.4822496
566018.079692704 6522675.640589
565971.281848735 6522695.01364941
565965.487138641 6522719.04097489
565907.716248389 6522740.503647
565930.477615449 6522834.23221782
565875.978435405 6522888.63888982
565966.842417146 6523001.78305275
566027.685381691 6522989.28695723
566110.507713319 6522976.60786624
566199.174665938 6522945.89579439
566249.785737085 6522904.51014719
566307.223847363 6522843.08508683
566333.166182937 6522838.87258092
566386.299504939 6522860.41102809
566432.456033871 6522884.00581936
566452.437276232 6522883.83945707
566530.28085484 6522885.18959183
566596.49508917 6522785.8244736
566613.270314664 6522760.60667543
566785.759909489 6522477.41627416
566925.945993491 6522274.42512008
567145.781128857 6522277.59030876
567150.776436461 6522277.54871502
567447.423396855 6522146.19108048
567501.256221253 6522131.75502799
567524.609068986 6522176.52134484
567682.593909629 6522191.19187116
567668.998627084 6522130.35825135
567818.1750276 6522155.09339132
567865.439320353 6522071.77216616
567952.598872521 6522100.02103082
568069.539334334 6521985.14651701
568084.075882092 6521931.07252906
568165.357560784 6521973.35811809
568221.479672031 6521993.87241615
568334.856105281 6522050.87763147
568387.523308311 6522028.45817852
568460.255480372 6521871.98842263
568617.765310608 6521949.60774232
568689.081813744 6521875.07828443
568715.831741545 6521847.87903163
568844.244016811 6521910.75374215
568878.461757721 6521928.45306287
568961.916307637 6522003.69174875
568967.960600365 6522009.63617776
568979.033481768 6522019.5352385
568980.007575567 6522016.5297402
569055.23011176 6521775.2132058
569054.921239437 6521774.11673727
568904.07443715 6521416.88594415
567796.700077845 6521244.16738265
567788.419536089 6520489.89514325
568672.069085502 6518789.11597711
568292.284949148 6517299.78552785
568772.788116261 6516690.91323213
568475.197103405 6515977.01985228
568616.443513674 6514821.95552567
567461.793617551 6513338.88362134
565793.135492848 6512364.04960267
565135.879641246 6512719.91441915
564545.357680831 6512354.95695944
564274.886168161 6513013.8312624
564694.200509868 6513623.80042117
564332.209277815 6514630.73211916
562875.15662212 6514566.92938903
562314.276401954 6514978.34107042
562138.710839105 6515660.20482191
562297.539079713 6515980.40039179
    Pen (1,2,0)
    Brush (1,0,16777215)
Region 1
  13
560339.577576272 6564010.70509601
560983.103726526 6566393.35925534
561199.108786369 6566691.51182514
563035.537707895 6566279.85449011
563191.644057762 6565564.84914446
563806.326150141 6565180.84714531
564006.348706248 6564867.94109318
564491.67440593 6564332.34317343
564190.105867825 6563658.31833871
563449.334328673 6563695.06056303
563094.91663703 6563561.32537338
562371.49134226 6563341.53655336
560339.577576272 6564010.70509601
    Pen (1,2,0)
    Brush (1,0,16777215)
